                                kicad schematic
                                Transient Analysis  Mon Feb 10 01:04:19  2025
--------------------------------------------------------------------------------
Index   time            input           net-_r2-pad2_   net-_v2-pad1_   
--------------------------------------------------------------------------------
0	0.000000e+00	0.000000e+00	9.844822e-04	1.500000e+01	
1	1.000000e-06	6.283185e-04	1.306314e-03	1.500000e+01	
2	2.000000e-06	1.256637e-03	1.499484e-03	1.500000e+01	
3	4.000000e-06	2.513273e-03	1.731363e-03	1.500000e+01	
4	8.000000e-06	5.026543e-03	1.796432e-03	1.500000e+01	
5	1.600000e-05	1.005305e-02	1.768014e-03	1.500000e+01	
6	3.200000e-05	2.010585e-02	1.718619e-03	1.500000e+01	
7	6.400000e-05	4.020968e-02	1.654778e-03	1.500000e+01	
8	1.280000e-04	8.040310e-02	1.635382e-03	1.500000e+01	
9	2.280000e-04	1.431342e-01	1.629107e-03	1.500000e+01	
10	3.280000e-04	2.057240e-01	1.638840e-03	1.500000e+01	
11	4.280000e-04	2.681107e-01	1.644925e-03	1.500000e+01	
12	5.280000e-04	3.302329e-01	1.655899e-03	1.500000e+01	
13	6.280000e-04	3.920292e-01	1.663666e-03	1.500000e+01	
14	7.280000e-04	4.534386e-01	1.674507e-03	1.500000e+01	
15	8.280000e-04	5.144005e-01	1.681916e-03	1.500000e+01	
16	9.280000e-04	5.748548e-01	1.691943e-03	1.500000e+01	
17	1.028000e-03	6.347417e-01	1.698679e-03	1.500000e+01	
18	1.128000e-03	6.940023e-01	1.707674e-03	1.500000e+01	
19	1.228000e-03	7.525779e-01	1.713559e-03	1.500000e+01	
20	1.328000e-03	8.104108e-01	1.721408e-03	1.500000e+01	
21	1.428000e-03	8.674440e-01	1.726329e-03	1.500000e+01	
22	1.528000e-03	9.236211e-01	1.732960e-03	1.500000e+01	
23	1.628000e-03	9.788867e-01	1.736836e-03	1.500000e+01	
24	1.728000e-03	1.033186e+00	1.742192e-03	1.500000e+01	
25	1.828000e-03	1.086466e+00	1.744957e-03	1.500000e+01	
26	1.928000e-03	1.138674e+00	1.748993e-03	1.500000e+01	
27	2.028000e-03	1.189758e+00	1.750586e-03	1.500000e+01	
28	2.128000e-03	1.239668e+00	1.753263e-03	1.500000e+01	
29	2.228000e-03	1.288354e+00	1.753632e-03	1.500000e+01	
30	2.328000e-03	1.335769e+00	1.754912e-03	1.500000e+01	
31	2.428000e-03	1.381866e+00	1.754009e-03	1.500000e+01	
32	2.528000e-03	1.426599e+00	1.753859e-03	1.500000e+01	
33	2.628000e-03	1.469924e+00	1.751641e-03	1.500000e+01	
34	2.728000e-03	1.511798e+00	1.750033e-03	1.500000e+01	
35	2.828000e-03	1.552181e+00	1.746461e-03	1.500000e+01	
36	2.928000e-03	1.591032e+00	1.743370e-03	1.500000e+01	
37	3.028000e-03	1.628312e+00	1.738411e-03	1.500000e+01	
38	3.128000e-03	1.663986e+00	1.733816e-03	1.500000e+01	
39	3.228000e-03	1.698017e+00	1.727444e-03	1.500000e+01	
40	3.328000e-03	1.730373e+00	1.721331e-03	1.500000e+01	
41	3.428000e-03	1.761021e+00	1.713525e-03	1.500000e+01	
42	3.528000e-03	1.789931e+00	1.705886e-03	1.500000e+01	
43	3.628000e-03	1.817075e+00	1.696634e-03	1.500000e+01	
44	3.728000e-03	1.842425e+00	1.687469e-03	1.500000e+01	
45	3.828000e-03	1.865957e+00	1.676768e-03	1.500000e+01	
46	3.928000e-03	1.887648e+00	1.666084e-03	1.500000e+01	
47	4.028000e-03	1.907476e+00	1.653941e-03	1.500000e+01	
48	4.128000e-03	1.925421e+00	1.641755e-03	1.500000e+01	
49	4.228000e-03	1.941467e+00	1.628186e-03	1.500000e+01	
50	4.328000e-03	1.955596e+00	1.614526e-03	1.500000e+01	
51	4.428000e-03	1.967795e+00	1.599557e-03	1.500000e+01	
52	4.528000e-03	1.978052e+00	1.584462e-03	1.500000e+01	
53	4.628000e-03	1.986358e+00	1.568132e-03	1.500000e+01	
54	4.728000e-03	1.992703e+00	1.551650e-03	1.500000e+01	

Index   time            input           net-_r2-pad2_   net-_v2-pad1_   
--------------------------------------------------------------------------------
55	4.828000e-03	1.997081e+00	1.534010e-03	1.500000e+01	
56	4.928000e-03	1.999488e+00	1.516202e-03	1.500000e+01	
57	5.028000e-03	1.999923e+00	1.497313e-03	1.500000e+01	
58	5.128000e-03	1.998383e+00	1.478250e-03	1.500000e+01	
59	5.228000e-03	1.994872e+00	1.458185e-03	1.500000e+01	
60	5.328000e-03	1.989391e+00	1.437948e-03	1.500000e+01	
61	5.428000e-03	1.981948e+00	1.416792e-03	1.500000e+01	
62	5.528000e-03	1.972548e+00	1.395475e-03	1.500000e+01	
63	5.628000e-03	1.961202e+00	1.373320e-03	1.500000e+01	
64	5.728000e-03	1.947920e+00	1.351023e-03	1.500000e+01	
65	5.828000e-03	1.932716e+00	1.327973e-03	1.500000e+01	
66	5.928000e-03	1.915605e+00	1.304808e-03	1.500000e+01	
67	6.028000e-03	1.896603e+00	1.280974e-03	1.500000e+01	
68	6.128000e-03	1.875729e+00	1.257057e-03	1.500000e+01	
69	6.228000e-03	1.853005e+00	1.232558e-03	1.500000e+01	
70	6.328000e-03	1.828451e+00	1.208013e-03	1.500000e+01	
71	6.428000e-03	1.802093e+00	1.182974e-03	1.500000e+01	
72	6.528000e-03	1.773957e+00	1.157931e-03	1.500000e+01	
73	6.628000e-03	1.744070e+00	1.132480e-03	1.500000e+01	
74	6.728000e-03	1.712462e+00	1.107071e-03	1.500000e+01	
75	6.828000e-03	1.679164e+00	1.081341e-03	1.500000e+01	
76	6.928000e-03	1.644209e+00	1.055703e-03	1.500000e+01	
77	7.028000e-03	1.607631e+00	1.029830e-03	1.500000e+01	
78	7.128000e-03	1.569466e+00	1.004099e-03	1.500000e+01	
79	7.228000e-03	1.529753e+00	9.782168e-04	1.500000e+01	
80	7.328000e-03	1.488530e+00	9.525300e-04	1.500000e+01	
81	7.428000e-03	1.445838e+00	9.267743e-04	1.500000e+01	
82	7.528000e-03	1.401719e+00	9.012665e-04	1.500000e+01	
83	7.628000e-03	1.356217e+00	8.757694e-04	1.500000e+01	
84	7.728000e-03	1.309376e+00	8.505725e-04	1.500000e+01	
85	7.828000e-03	1.261243e+00	8.254626e-04	1.500000e+01	
86	7.928000e-03	1.211866e+00	8.007034e-04	1.500000e+01	
87	8.028000e-03	1.161292e+00	7.761036e-04	1.500000e+01	
88	8.128000e-03	1.109573e+00	7.519028e-04	1.500000e+01	
89	8.228000e-03	1.056758e+00	7.279286e-04	1.500000e+01	
90	8.328000e-03	1.002901e+00	7.043980e-04	1.500000e+01	
91	8.428000e-03	9.480535e-01	6.811549e-04	1.500000e+01	
92	8.528000e-03	8.922707e-01	6.583947e-04	1.500000e+01	
93	8.628000e-03	8.356073e-01	6.359746e-04	1.500000e+01	
94	8.728000e-03	7.781193e-01	6.140684e-04	1.500000e+01	
95	8.828000e-03	7.198633e-01	5.925432e-04	1.500000e+01	
96	8.928000e-03	6.608970e-01	5.715489e-04	1.500000e+01	
97	9.028000e-03	6.012784e-01	5.509561e-04	1.500000e+01	
98	9.128000e-03	5.410665e-01	5.308844e-04	1.500000e+01	
99	9.228000e-03	4.803205e-01	5.111929e-04	1.500000e+01	
100	9.328000e-03	4.191006e-01	4.919479e-04	1.500000e+01	
101	9.428000e-03	3.574671e-01	4.729501e-04	1.500000e+01	
102	9.528000e-03	2.954807e-01	4.541189e-04	1.500000e+01	
103	9.628000e-03	2.332028e-01	4.349767e-04	1.500000e+01	
104	9.728000e-03	1.706947e-01	4.147123e-04	1.500000e+01	
105	9.828000e-03	1.080182e-01	3.896327e-04	1.500000e+01	
106	9.928000e-03	4.523508e-02	3.471057e-04	1.500000e+01	
107	1.002800e-02	-1.75927e-02	1.675405e-04	1.500000e+01	
108	1.012800e-02	-8.04031e-02	4.671032e-04	1.500000e+01	
109	1.022800e-02	-1.43134e-01	2.371619e-04	1.500000e+01	
110	1.032800e-02	-2.05724e-01	4.578644e-04	1.500000e+01	
111	1.042800e-02	-2.68111e-01	2.388549e-04	1.500000e+01	
112	1.052800e-02	-3.30233e-01	4.388236e-04	1.500000e+01	

Index   time            input           net-_r2-pad2_   net-_v2-pad1_   
--------------------------------------------------------------------------------
113	1.062800e-02	-3.92029e-01	2.372130e-04	1.500000e+01	
114	1.072800e-02	-4.53439e-01	4.199289e-04	1.500000e+01	
115	1.082800e-02	-5.14401e-01	2.361255e-04	1.500000e+01	
116	1.092800e-02	-5.74855e-01	4.037569e-04	1.500000e+01	
117	1.102800e-02	-6.34742e-01	2.365390e-04	1.500000e+01	
118	1.112800e-02	-6.94002e-01	3.906851e-04	1.500000e+01	
119	1.122800e-02	-7.52578e-01	2.388351e-04	1.500000e+01	
120	1.132800e-02	-8.10411e-01	3.808563e-04	1.500000e+01	
121	1.142800e-02	-8.67444e-01	2.432062e-04	1.500000e+01	
122	1.152800e-02	-9.23621e-01	3.742994e-04	1.500000e+01	
123	1.162800e-02	-9.78887e-01	2.497577e-04	1.500000e+01	
124	1.172800e-02	-1.03319e+00	3.709917e-04	1.500000e+01	
125	1.182800e-02	-1.08647e+00	2.585465e-04	1.500000e+01	
126	1.192800e-02	-1.13867e+00	3.708819e-04	1.500000e+01	
127	1.202800e-02	-1.18976e+00	2.695980e-04	1.500000e+01	
128	1.212800e-02	-1.23967e+00	3.739001e-04	1.500000e+01	
129	1.222800e-02	-1.28835e+00	2.829139e-04	1.500000e+01	
130	1.232800e-02	-1.33577e+00	3.799635e-04	1.500000e+01	
131	1.242800e-02	-1.38187e+00	2.984774e-04	1.500000e+01	
132	1.252800e-02	-1.42660e+00	3.889784e-04	1.500000e+01	
133	1.262800e-02	-1.46992e+00	3.162551e-04	1.500000e+01	
134	1.272800e-02	-1.51180e+00	4.008424e-04	1.500000e+01	
135	1.282800e-02	-1.55218e+00	3.362001e-04	1.500000e+01	
136	1.292800e-02	-1.59103e+00	4.154454e-04	1.500000e+01	
137	1.302800e-02	-1.62831e+00	3.582525e-04	1.500000e+01	
138	1.312800e-02	-1.66399e+00	4.326701e-04	1.500000e+01	
139	1.322800e-02	-1.69802e+00	3.823417e-04	1.500000e+01	
140	1.332800e-02	-1.73037e+00	4.523933e-04	1.500000e+01	
141	1.342800e-02	-1.76102e+00	4.083864e-04	1.500000e+01	
142	1.352800e-02	-1.78993e+00	4.744863e-04	1.500000e+01	
143	1.362800e-02	-1.81707e+00	4.362965e-04	1.500000e+01	
144	1.372800e-02	-1.84243e+00	4.988151e-04	1.500000e+01	
145	1.382800e-02	-1.86596e+00	4.659734e-04	1.500000e+01	
146	1.392800e-02	-1.88765e+00	5.252415e-04	1.500000e+01	
147	1.402800e-02	-1.90748e+00	4.973112e-04	1.500000e+01	
148	1.412800e-02	-1.92542e+00	5.536233e-04	1.500000e+01	
149	1.422800e-02	-1.94147e+00	5.301972e-04	1.500000e+01	
150	1.432800e-02	-1.95560e+00	5.838149e-04	1.500000e+01	
151	1.442800e-02	-1.96780e+00	5.645131e-04	1.500000e+01	
152	1.452800e-02	-1.97805e+00	6.156679e-04	1.500000e+01	
153	1.462800e-02	-1.98636e+00	6.001354e-04	1.500000e+01	
154	1.472800e-02	-1.99270e+00	6.490315e-04	1.500000e+01	
155	1.482800e-02	-1.99708e+00	6.369362e-04	1.500000e+01	
156	1.492800e-02	-1.99949e+00	6.837530e-04	1.500000e+01	
157	1.502800e-02	-1.99992e+00	6.747843e-04	1.500000e+01	
158	1.512800e-02	-1.99838e+00	7.196788e-04	1.500000e+01	
159	1.522800e-02	-1.99487e+00	7.135453e-04	1.500000e+01	
160	1.532800e-02	-1.98939e+00	7.566540e-04	1.500000e+01	
161	1.542800e-02	-1.98195e+00	7.530827e-04	1.500000e+01	
162	1.552800e-02	-1.97255e+00	7.945241e-04	1.500000e+01	
163	1.562800e-02	-1.96120e+00	7.932586e-04	1.500000e+01	
164	1.572800e-02	-1.94792e+00	8.331343e-04	1.500000e+01	
165	1.582800e-02	-1.93272e+00	8.339340e-04	1.500000e+01	
166	1.592800e-02	-1.91560e+00	8.723311e-04	1.500000e+01	
167	1.602800e-02	-1.89660e+00	8.749699e-04	1.500000e+01	
168	1.612800e-02	-1.87573e+00	9.119619e-04	1.500000e+01	
169	1.622800e-02	-1.85300e+00	9.162277e-04	1.500000e+01	
170	1.632800e-02	-1.82845e+00	9.518765e-04	1.500000e+01	

Index   time            input           net-_r2-pad2_   net-_v2-pad1_   
--------------------------------------------------------------------------------
171	1.642800e-02	-1.80209e+00	9.575695e-04	1.500000e+01	
172	1.652800e-02	-1.77396e+00	9.919267e-04	1.500000e+01	
173	1.662800e-02	-1.74407e+00	9.988593e-04	1.500000e+01	
174	1.672800e-02	-1.71246e+00	1.031967e-03	1.500000e+01	
175	1.682800e-02	-1.67916e+00	1.039963e-03	1.500000e+01	
176	1.692800e-02	-1.64421e+00	1.071855e-03	1.500000e+01	
177	1.702800e-02	-1.60763e+00	1.080750e-03	1.500000e+01	
178	1.712800e-02	-1.56947e+00	1.111454e-03	1.500000e+01	
179	1.722800e-02	-1.52975e+00	1.121091e-03	1.500000e+01	
180	1.732800e-02	-1.48853e+00	1.150628e-03	1.500000e+01	
181	1.742800e-02	-1.44584e+00	1.160863e-03	1.500000e+01	
182	1.752800e-02	-1.40172e+00	1.189250e-03	1.500000e+01	
183	1.762800e-02	-1.35622e+00	1.199947e-03	1.500000e+01	
184	1.772800e-02	-1.30938e+00	1.227195e-03	1.500000e+01	
185	1.782800e-02	-1.26124e+00	1.238229e-03	1.500000e+01	
186	1.792800e-02	-1.21187e+00	1.264348e-03	1.500000e+01	
187	1.802800e-02	-1.16129e+00	1.275601e-03	1.500000e+01	
188	1.812800e-02	-1.10957e+00	1.300600e-03	1.500000e+01	
189	1.822800e-02	-1.05676e+00	1.311965e-03	1.500000e+01	
190	1.832800e-02	-1.00290e+00	1.335851e-03	1.500000e+01	
191	1.842800e-02	-9.48053e-01	1.347234e-03	1.500000e+01	
192	1.852800e-02	-8.92271e-01	1.370019e-03	1.500000e+01	
193	1.862800e-02	-8.35607e-01	1.381337e-03	1.500000e+01	
194	1.872800e-02	-7.78119e-01	1.403037e-03	1.500000e+01	
195	1.882800e-02	-7.19863e-01	1.414228e-03	1.500000e+01	
196	1.892800e-02	-6.60897e-01	1.434879e-03	1.500000e+01	
197	1.902800e-02	-6.01278e-01	1.445911e-03	1.500000e+01	
198	1.912800e-02	-5.41066e-01	1.465586e-03	1.500000e+01	
199	1.922800e-02	-4.80321e-01	1.476495e-03	1.500000e+01	
200	1.932800e-02	-4.19101e-01	1.495359e-03	1.500000e+01	
201	1.942800e-02	-3.57467e-01	1.506351e-03	1.500000e+01	
202	1.952800e-02	-2.95481e-01	1.524874e-03	1.500000e+01	
203	1.962800e-02	-2.33203e-01	1.536768e-03	1.500000e+01	
204	1.972800e-02	-1.70695e-01	1.556803e-03	1.500000e+01	
205	1.982800e-02	-1.08018e-01	1.575171e-03	1.500000e+01	
206	1.992800e-02	-4.52351e-02	1.616344e-03	1.500000e+01	
207	2.002800e-02	1.759269e-02	1.797145e-03	1.500000e+01	
208	2.012800e-02	8.040310e-02	1.530185e-03	1.500000e+01	
209	2.022800e-02	1.431342e-01	1.728995e-03	1.500000e+01	
210	2.032800e-02	2.057240e-01	1.545899e-03	1.500000e+01	
211	2.042800e-02	2.681107e-01	1.732162e-03	1.500000e+01	
212	2.052800e-02	3.302329e-01	1.571954e-03	1.500000e+01	
213	2.062800e-02	3.920292e-01	1.743845e-03	1.500000e+01	
214	2.072800e-02	4.534386e-01	1.597888e-03	1.500000e+01	
215	2.082800e-02	5.144005e-01	1.755073e-03	1.500000e+01	
216	2.092800e-02	5.748548e-01	1.622012e-03	1.500000e+01	
217	2.102800e-02	6.347417e-01	1.765456e-03	1.500000e+01	
218	2.112800e-02	6.940023e-01	1.643843e-03	1.500000e+01	
219	2.122800e-02	7.525779e-01	1.774516e-03	1.500000e+01	
220	2.132800e-02	8.104108e-01	1.663139e-03	1.500000e+01	
221	2.142800e-02	8.674440e-01	1.781978e-03	1.500000e+01	
222	2.152800e-02	9.236211e-01	1.679767e-03	1.500000e+01	
223	2.162800e-02	9.788867e-01	1.787639e-03	1.500000e+01	
224	2.172800e-02	1.033186e+00	1.693632e-03	1.500000e+01	
225	2.182800e-02	1.086466e+00	1.791337e-03	1.500000e+01	
226	2.192800e-02	1.138674e+00	1.704662e-03	1.500000e+01	
227	2.202800e-02	1.189758e+00	1.792929e-03	1.500000e+01	
228	2.212800e-02	1.239668e+00	1.712791e-03	1.500000e+01	

Index   time            input           net-_r2-pad2_   net-_v2-pad1_   
--------------------------------------------------------------------------------
229	2.222800e-02	1.288354e+00	1.792289e-03	1.500000e+01	
230	2.232800e-02	1.335769e+00	1.717965e-03	1.500000e+01	
231	2.242800e-02	1.381866e+00	1.789300e-03	1.500000e+01	
232	2.252800e-02	1.426599e+00	1.720130e-03	1.500000e+01	
233	2.262800e-02	1.469924e+00	1.783859e-03	1.500000e+01	
234	2.272800e-02	1.511798e+00	1.719242e-03	1.500000e+01	
235	2.282800e-02	1.552181e+00	1.775873e-03	1.500000e+01	
236	2.292800e-02	1.591032e+00	1.715262e-03	1.500000e+01	
237	2.302800e-02	1.628312e+00	1.765261e-03	1.500000e+01	
238	2.312800e-02	1.663986e+00	1.708158e-03	1.500000e+01	
239	2.322800e-02	1.698017e+00	1.751953e-03	1.500000e+01	
240	2.332800e-02	1.730373e+00	1.697909e-03	1.500000e+01	
241	2.342800e-02	1.761021e+00	1.735898e-03	1.500000e+01	
242	2.352800e-02	1.789931e+00	1.684507e-03	1.500000e+01	
243	2.362800e-02	1.817075e+00	1.717056e-03	1.500000e+01	
244	2.372800e-02	1.842425e+00	1.667954e-03	1.500000e+01	
245	2.382800e-02	1.865957e+00	1.695409e-03	1.500000e+01	
246	2.392800e-02	1.887648e+00	1.648273e-03	1.500000e+01	
247	2.402800e-02	1.907476e+00	1.670954e-03	1.500000e+01	
248	2.412800e-02	1.925421e+00	1.625499e-03	1.500000e+01	
249	2.422800e-02	1.941467e+00	1.643714e-03	1.500000e+01	
250	2.432800e-02	1.955596e+00	1.599690e-03	1.500000e+01	
251	2.442800e-02	1.967795e+00	1.613729e-03	1.500000e+01	
252	2.452800e-02	1.978052e+00	1.570922e-03	1.500000e+01	
253	2.462800e-02	1.986358e+00	1.581066e-03	1.500000e+01	
254	2.472800e-02	1.992703e+00	1.539293e-03	1.500000e+01	
255	2.482800e-02	1.997081e+00	1.545813e-03	1.500000e+01	
256	2.492800e-02	1.999488e+00	1.504925e-03	1.500000e+01	
257	2.502800e-02	1.999923e+00	1.508084e-03	1.500000e+01	
258	2.512800e-02	1.998383e+00	1.467960e-03	1.500000e+01	
259	2.522800e-02	1.994872e+00	1.468013e-03	1.500000e+01	
260	2.532800e-02	1.989391e+00	1.428559e-03	1.500000e+01	
261	2.542800e-02	1.981948e+00	1.425760e-03	1.500000e+01	
262	2.552800e-02	1.972548e+00	1.386907e-03	1.500000e+01	
263	2.562800e-02	1.961202e+00	1.381503e-03	1.500000e+01	
264	2.572800e-02	1.947920e+00	1.343206e-03	1.500000e+01	
265	2.582800e-02	1.932716e+00	1.335439e-03	1.500000e+01	
266	2.592800e-02	1.915605e+00	1.297676e-03	1.500000e+01	
267	2.602800e-02	1.896603e+00	1.287786e-03	1.500000e+01	
268	2.612800e-02	1.875729e+00	1.250550e-03	1.500000e+01	
269	2.622800e-02	1.853005e+00	1.238772e-03	1.500000e+01	
270	2.632800e-02	1.828451e+00	1.202078e-03	1.500000e+01	
271	2.642800e-02	1.802093e+00	1.188643e-03	1.500000e+01	
272	2.652800e-02	1.773957e+00	1.152516e-03	1.500000e+01	
273	2.662800e-02	1.744070e+00	1.137651e-03	1.500000e+01	
274	2.672800e-02	1.712462e+00	1.102132e-03	1.500000e+01	
275	2.682800e-02	1.679164e+00	1.086058e-03	1.500000e+01	
276	2.692800e-02	1.644209e+00	1.051198e-03	1.500000e+01	
277	2.702800e-02	1.607631e+00	1.034131e-03	1.500000e+01	
278	2.712800e-02	1.569466e+00	9.999903e-04	1.500000e+01	
279	2.722800e-02	1.529753e+00	9.821399e-04	1.500000e+01	
280	2.732800e-02	1.488530e+00	9.487834e-04	1.500000e+01	
281	2.742800e-02	1.445838e+00	9.303517e-04	1.500000e+01	
282	2.752800e-02	1.401719e+00	8.978503e-04	1.500000e+01	
283	2.762800e-02	1.356217e+00	8.790312e-04	1.500000e+01	
284	2.772800e-02	1.309376e+00	8.474580e-04	1.500000e+01	
285	2.782800e-02	1.261243e+00	8.284361e-04	1.500000e+01	
286	2.792800e-02	1.211866e+00	7.978645e-04	1.500000e+01	

Index   time            input           net-_r2-pad2_   net-_v2-pad1_   
--------------------------------------------------------------------------------
287	2.802800e-02	1.161292e+00	7.788140e-04	1.500000e+01	
288	2.812800e-02	1.109573e+00	7.493154e-04	1.500000e+01	
289	2.822800e-02	1.056758e+00	7.303986e-04	1.500000e+01	
290	2.832800e-02	1.002901e+00	7.020402e-04	1.500000e+01	
291	2.842800e-02	9.480535e-01	6.834054e-04	1.500000e+01	
292	2.852800e-02	8.922707e-01	6.562465e-04	1.500000e+01	
293	2.862800e-02	8.356073e-01	6.380246e-04	1.500000e+01	
294	2.872800e-02	7.781193e-01	6.121119e-04	1.500000e+01	
295	2.882800e-02	7.198633e-01	5.944100e-04	1.500000e+01	
296	2.892800e-02	6.608970e-01	5.697674e-04	1.500000e+01	
297	2.902800e-02	6.012784e-01	5.526557e-04	1.500000e+01	
298	2.912800e-02	5.410665e-01	5.292629e-04	1.500000e+01	
299	2.922800e-02	4.803205e-01	5.127396e-04	1.500000e+01	
300	2.932800e-02	4.191006e-01	4.904726e-04	1.500000e+01	
301	2.942800e-02	3.574671e-01	4.743570e-04	1.500000e+01	
302	2.952800e-02	2.954807e-01	4.527773e-04	1.500000e+01	
303	2.962800e-02	2.332028e-01	4.362556e-04	1.500000e+01	
304	2.972800e-02	1.706947e-01	4.134933e-04	1.500000e+01	
305	2.982800e-02	1.080182e-01	3.907938e-04	1.500000e+01	
306	2.992800e-02	4.523508e-02	3.460013e-04	1.500000e+01	
307	3.002800e-02	-1.75927e-02	1.685892e-04	1.500000e+01	
308	3.012800e-02	-8.04031e-02	4.661038e-04	1.500000e+01	
309	3.022800e-02	-1.43134e-01	2.381176e-04	1.500000e+01	
310	3.032800e-02	-2.05724e-01	4.569494e-04	1.500000e+01	
311	3.042800e-02	-2.68111e-01	2.397330e-04	1.500000e+01	
312	3.052800e-02	-3.30233e-01	4.379864e-04	1.500000e+01	
313	3.062800e-02	-3.92029e-01	2.380187e-04	1.500000e+01	
314	3.072800e-02	-4.53439e-01	4.191605e-04	1.500000e+01	
315	3.082800e-02	-5.14401e-01	2.368652e-04	1.500000e+01	
316	3.092800e-02	-5.74855e-01	4.030511e-04	1.500000e+01	
317	3.102800e-02	-6.34742e-01	2.372184e-04	1.500000e+01	
318	3.112800e-02	-6.94002e-01	3.900365e-04	1.500000e+01	
319	3.122800e-02	-7.52578e-01	2.394595e-04	1.500000e+01	
320	3.132800e-02	-8.10411e-01	3.802601e-04	1.500000e+01	
321	3.142800e-02	-8.67444e-01	2.437803e-04	1.500000e+01	
322	3.152800e-02	-9.23621e-01	3.737511e-04	1.500000e+01	
323	3.162800e-02	-9.78887e-01	2.502859e-04	1.500000e+01	
324	3.172800e-02	-1.03319e+00	3.704871e-04	1.500000e+01	
325	3.182800e-02	-1.08647e+00	2.590327e-04	1.500000e+01	
326	3.192800e-02	-1.13867e+00	3.704172e-04	1.500000e+01	
327	3.202800e-02	-1.18976e+00	2.700458e-04	1.500000e+01	
328	3.212800e-02	-1.23967e+00	3.734720e-04	1.500000e+01	
329	3.222800e-02	-1.28835e+00	2.833267e-04	1.500000e+01	
330	3.232800e-02	-1.33577e+00	3.795688e-04	1.500000e+01	
331	3.242800e-02	-1.38187e+00	2.988580e-04	1.500000e+01	
332	3.252800e-02	-1.42660e+00	3.886143e-04	1.500000e+01	
333	3.262800e-02	-1.46992e+00	3.166064e-04	1.500000e+01	
334	3.272800e-02	-1.51180e+00	4.005062e-04	1.500000e+01	
335	3.282800e-02	-1.55218e+00	3.365245e-04	1.500000e+01	
336	3.292800e-02	-1.59103e+00	4.151347e-04	1.500000e+01	
337	3.302800e-02	-1.62831e+00	3.585524e-04	1.500000e+01	
338	3.312800e-02	-1.66399e+00	4.323828e-04	1.500000e+01	
339	3.322800e-02	-1.69802e+00	3.826191e-04	1.500000e+01	
340	3.332800e-02	-1.73037e+00	4.521274e-04	1.500000e+01	
341	3.342800e-02	-1.76102e+00	4.086433e-04	1.500000e+01	
342	3.352800e-02	-1.78993e+00	4.742399e-04	1.500000e+01	
343	3.362800e-02	-1.81707e+00	4.365347e-04	1.500000e+01	
344	3.372800e-02	-1.84243e+00	4.985865e-04	1.500000e+01	

Index   time            input           net-_r2-pad2_   net-_v2-pad1_   
--------------------------------------------------------------------------------
345	3.382800e-02	-1.86596e+00	4.661944e-04	1.500000e+01	
346	3.392800e-02	-1.88765e+00	5.250293e-04	1.500000e+01	
347	3.402800e-02	-1.90748e+00	4.975165e-04	1.500000e+01	
348	3.412800e-02	-1.92542e+00	5.534261e-04	1.500000e+01	
349	3.422800e-02	-1.94147e+00	5.303881e-04	1.500000e+01	
350	3.432800e-02	-1.95560e+00	5.836313e-04	1.500000e+01	
351	3.442800e-02	-1.96780e+00	5.646909e-04	1.500000e+01	
352	3.452800e-02	-1.97805e+00	6.154969e-04	1.500000e+01	
353	3.462800e-02	-1.98636e+00	6.003011e-04	1.500000e+01	
354	3.472800e-02	-1.99270e+00	6.488719e-04	1.500000e+01	
355	3.482800e-02	-1.99708e+00	6.370910e-04	1.500000e+01	
356	3.492800e-02	-1.99949e+00	6.836039e-04	1.500000e+01	
357	3.502800e-02	-1.99992e+00	6.749291e-04	1.500000e+01	
358	3.512800e-02	-1.99838e+00	7.195392e-04	1.500000e+01	
359	3.522800e-02	-1.99487e+00	7.136808e-04	1.500000e+01	
360	3.532800e-02	-1.98939e+00	7.565232e-04	1.500000e+01	
361	3.542800e-02	-1.98195e+00	7.532098e-04	1.500000e+01	
362	3.552800e-02	-1.97255e+00	7.944012e-04	1.500000e+01	
363	3.562800e-02	-1.96120e+00	7.933780e-04	1.500000e+01	
364	3.572800e-02	-1.94792e+00	8.330187e-04	1.500000e+01	
365	3.582800e-02	-1.93272e+00	8.340464e-04	1.500000e+01	
366	3.592800e-02	-1.91560e+00	8.722222e-04	1.500000e+01	
367	3.602800e-02	-1.89660e+00	8.750759e-04	1.500000e+01	
368	3.612800e-02	-1.87573e+00	9.118592e-04	1.500000e+01	
369	3.622800e-02	-1.85300e+00	9.163278e-04	1.500000e+01	
370	3.632800e-02	-1.82845e+00	9.517795e-04	1.500000e+01	
371	3.642800e-02	-1.80209e+00	9.576643e-04	1.500000e+01	
372	3.652800e-02	-1.77396e+00	9.918346e-04	1.500000e+01	
373	3.662800e-02	-1.74407e+00	9.989491e-04	1.500000e+01	
374	3.672800e-02	-1.71246e+00	1.031880e-03	1.500000e+01	
375	3.682800e-02	-1.67916e+00	1.040048e-03	1.500000e+01	
376	3.692800e-02	-1.64421e+00	1.071772e-03	1.500000e+01	
377	3.702800e-02	-1.60763e+00	1.080831e-03	1.500000e+01	
378	3.712800e-02	-1.56947e+00	1.111375e-03	1.500000e+01	
379	3.722800e-02	-1.52975e+00	1.121169e-03	1.500000e+01	
380	3.732800e-02	-1.48853e+00	1.150552e-03	1.500000e+01	
381	3.742800e-02	-1.44584e+00	1.160937e-03	1.500000e+01	
382	3.752800e-02	-1.40172e+00	1.189177e-03	1.500000e+01	
383	3.762800e-02	-1.35622e+00	1.200018e-03	1.500000e+01	
384	3.772800e-02	-1.30938e+00	1.227126e-03	1.500000e+01	
385	3.782800e-02	-1.26124e+00	1.238297e-03	1.500000e+01	
386	3.792800e-02	-1.21187e+00	1.264281e-03	1.500000e+01	
387	3.802800e-02	-1.16129e+00	1.275667e-03	1.500000e+01	
388	3.812800e-02	-1.10957e+00	1.300535e-03	1.500000e+01	
389	3.822800e-02	-1.05676e+00	1.312029e-03	1.500000e+01	
390	3.832800e-02	-1.00290e+00	1.335789e-03	1.500000e+01	
391	3.842800e-02	-9.48053e-01	1.347295e-03	1.500000e+01	
392	3.852800e-02	-8.92271e-01	1.369959e-03	1.500000e+01	
393	3.862800e-02	-8.35607e-01	1.381396e-03	1.500000e+01	
394	3.872800e-02	-7.78119e-01	1.402979e-03	1.500000e+01	
395	3.882800e-02	-7.19863e-01	1.414285e-03	1.500000e+01	
396	3.892800e-02	-6.60897e-01	1.434823e-03	1.500000e+01	
397	3.902800e-02	-6.01278e-01	1.445967e-03	1.500000e+01	
398	3.912800e-02	-5.41066e-01	1.465531e-03	1.500000e+01	
399	3.922800e-02	-4.80321e-01	1.476549e-03	1.500000e+01	
400	3.932800e-02	-4.19101e-01	1.495305e-03	1.500000e+01	
401	3.942800e-02	-3.57467e-01	1.506404e-03	1.500000e+01	
402	3.952800e-02	-2.95481e-01	1.524822e-03	1.500000e+01	

Index   time            input           net-_r2-pad2_   net-_v2-pad1_   
--------------------------------------------------------------------------------
403	3.962800e-02	-2.33203e-01	1.536819e-03	1.500000e+01	
404	3.972800e-02	-1.70695e-01	1.556752e-03	1.500000e+01	
405	3.982800e-02	-1.08018e-01	1.575221e-03	1.500000e+01	
406	3.992800e-02	-4.52351e-02	1.616294e-03	1.500000e+01	
407	4.002800e-02	1.759269e-02	1.797194e-03	1.500000e+01	
408	4.012800e-02	8.040310e-02	1.530141e-03	1.500000e+01	
409	4.022800e-02	1.431342e-01	1.729035e-03	1.500000e+01	
410	4.032800e-02	2.057240e-01	1.545861e-03	1.500000e+01	
411	4.042800e-02	2.681107e-01	1.732192e-03	1.500000e+01	
412	4.052800e-02	3.302329e-01	1.571924e-03	1.500000e+01	
413	4.062800e-02	3.920292e-01	1.743868e-03	1.500000e+01	
414	4.072800e-02	4.534386e-01	1.597866e-03	1.500000e+01	
415	4.082800e-02	5.144005e-01	1.755089e-03	1.500000e+01	
416	4.092800e-02	5.748548e-01	1.621997e-03	1.500000e+01	
417	4.102800e-02	6.347417e-01	1.765466e-03	1.500000e+01	
418	4.112800e-02	6.940023e-01	1.643833e-03	1.500000e+01	
419	4.122800e-02	7.525779e-01	1.774521e-03	1.500000e+01	
420	4.132800e-02	8.104108e-01	1.663136e-03	1.500000e+01	
421	4.142800e-02	8.674440e-01	1.781977e-03	1.500000e+01	
422	4.152800e-02	9.236211e-01	1.679768e-03	1.500000e+01	
423	4.162800e-02	9.788867e-01	1.787634e-03	1.500000e+01	
424	4.172800e-02	1.033186e+00	1.693638e-03	1.500000e+01	
425	4.182800e-02	1.086466e+00	1.791328e-03	1.500000e+01	
426	4.192800e-02	1.138674e+00	1.704672e-03	1.500000e+01	
427	4.202800e-02	1.189758e+00	1.792916e-03	1.500000e+01	
428	4.212800e-02	1.239668e+00	1.712805e-03	1.500000e+01	
429	4.222800e-02	1.288354e+00	1.792272e-03	1.500000e+01	
430	4.232800e-02	1.335769e+00	1.717982e-03	1.500000e+01	
431	4.242800e-02	1.381866e+00	1.789280e-03	1.500000e+01	
432	4.252800e-02	1.426599e+00	1.720151e-03	1.500000e+01	
433	4.262800e-02	1.469924e+00	1.783836e-03	1.500000e+01	
434	4.272800e-02	1.511798e+00	1.719266e-03	1.500000e+01	
435	4.282800e-02	1.552181e+00	1.775847e-03	1.500000e+01	
436	4.292800e-02	1.591032e+00	1.715288e-03	1.500000e+01	
437	4.302800e-02	1.628312e+00	1.765232e-03	1.500000e+01	
438	4.312800e-02	1.663986e+00	1.708186e-03	1.500000e+01	
439	4.322800e-02	1.698017e+00	1.751923e-03	1.500000e+01	
440	4.332800e-02	1.730373e+00	1.697940e-03	1.500000e+01	
441	4.342800e-02	1.761021e+00	1.735865e-03	1.500000e+01	
442	4.352800e-02	1.789931e+00	1.684540e-03	1.500000e+01	
443	4.362800e-02	1.817075e+00	1.717022e-03	1.500000e+01	
444	4.372800e-02	1.842425e+00	1.667989e-03	1.500000e+01	
445	4.382800e-02	1.865957e+00	1.695372e-03	1.500000e+01	
446	4.392800e-02	1.887648e+00	1.648309e-03	1.500000e+01	
447	4.402800e-02	1.907476e+00	1.670916e-03	1.500000e+01	
448	4.412800e-02	1.925421e+00	1.625537e-03	1.500000e+01	
449	4.422800e-02	1.941467e+00	1.643674e-03	1.500000e+01	
450	4.432800e-02	1.955596e+00	1.599729e-03	1.500000e+01	
451	4.442800e-02	1.967795e+00	1.613688e-03	1.500000e+01	
452	4.452800e-02	1.978052e+00	1.570963e-03	1.500000e+01	
453	4.462800e-02	1.986358e+00	1.581024e-03	1.500000e+01	
454	4.472800e-02	1.992703e+00	1.539336e-03	1.500000e+01	
455	4.482800e-02	1.997081e+00	1.545770e-03	1.500000e+01	
456	4.492800e-02	1.999488e+00	1.504969e-03	1.500000e+01	
457	4.502800e-02	1.999923e+00	1.508040e-03	1.500000e+01	
458	4.512800e-02	1.998383e+00	1.468004e-03	1.500000e+01	
459	4.522800e-02	1.994872e+00	1.467968e-03	1.500000e+01	
460	4.532800e-02	1.989391e+00	1.428604e-03	1.500000e+01	

Index   time            input           net-_r2-pad2_   net-_v2-pad1_   
--------------------------------------------------------------------------------
461	4.542800e-02	1.981948e+00	1.425714e-03	1.500000e+01	
462	4.552800e-02	1.972548e+00	1.386953e-03	1.500000e+01	
463	4.562800e-02	1.961202e+00	1.381456e-03	1.500000e+01	
464	4.572800e-02	1.947920e+00	1.343253e-03	1.500000e+01	
465	4.582800e-02	1.932716e+00	1.335392e-03	1.500000e+01	
466	4.592800e-02	1.915605e+00	1.297723e-03	1.500000e+01	
467	4.602800e-02	1.896603e+00	1.287738e-03	1.500000e+01	
468	4.612800e-02	1.875729e+00	1.250599e-03	1.500000e+01	
469	4.622800e-02	1.853005e+00	1.238724e-03	1.500000e+01	
470	4.632800e-02	1.828451e+00	1.202126e-03	1.500000e+01	
471	4.642800e-02	1.802093e+00	1.188594e-03	1.500000e+01	
472	4.652800e-02	1.773957e+00	1.152565e-03	1.500000e+01	
473	4.662800e-02	1.744070e+00	1.137601e-03	1.500000e+01	
474	4.672800e-02	1.712462e+00	1.102182e-03	1.500000e+01	
475	4.682800e-02	1.679164e+00	1.086008e-03	1.500000e+01	
476	4.692800e-02	1.644209e+00	1.051249e-03	1.500000e+01	
477	4.702800e-02	1.607631e+00	1.034081e-03	1.500000e+01	
478	4.712800e-02	1.569466e+00	1.000041e-03	1.500000e+01	
479	4.722800e-02	1.529753e+00	9.820890e-04	1.500000e+01	
480	4.732800e-02	1.488530e+00	9.488345e-04	1.500000e+01	
481	4.742800e-02	1.445838e+00	9.303003e-04	1.500000e+01	
482	4.752800e-02	1.401719e+00	8.979017e-04	1.500000e+01	
483	4.762800e-02	1.356217e+00	8.789794e-04	1.500000e+01	
484	4.772800e-02	1.309376e+00	8.475099e-04	1.500000e+01	
485	4.782800e-02	1.261243e+00	8.283840e-04	1.500000e+01	
486	4.792800e-02	1.211866e+00	7.979166e-04	1.500000e+01	
487	4.802800e-02	1.161292e+00	7.787616e-04	1.500000e+01	
488	4.812800e-02	1.109573e+00	7.493678e-04	1.500000e+01	
489	4.822800e-02	1.056758e+00	7.303459e-04	1.500000e+01	
490	4.832800e-02	1.002901e+00	7.020929e-04	1.500000e+01	
491	4.842800e-02	9.480535e-01	6.833525e-04	1.500000e+01	
492	4.852800e-02	8.922707e-01	6.562995e-04	1.500000e+01	
493	4.862800e-02	8.356073e-01	6.379715e-04	1.500000e+01	
494	4.872800e-02	7.781193e-01	6.121651e-04	1.500000e+01	
495	4.882800e-02	7.198633e-01	5.943566e-04	1.500000e+01	
496	4.892800e-02	6.608970e-01	5.698208e-04	1.500000e+01	
497	4.902800e-02	6.012784e-01	5.526022e-04	1.500000e+01	
498	4.912800e-02	5.410665e-01	5.293165e-04	1.500000e+01	
499	4.922800e-02	4.803205e-01	5.126859e-04	1.500000e+01	
500	4.932800e-02	4.191006e-01	4.905264e-04	1.500000e+01	
501	4.942800e-02	3.574671e-01	4.743032e-04	1.500000e+01	
502	4.952800e-02	2.954807e-01	4.528312e-04	1.500000e+01	
503	4.962800e-02	2.332028e-01	4.362016e-04	1.500000e+01	
504	4.972800e-02	1.706947e-01	4.135472e-04	1.500000e+01	
505	4.982800e-02	1.080182e-01	3.907400e-04	1.500000e+01	
506	4.992800e-02	4.523508e-02	3.460548e-04	1.500000e+01	
507	5.002800e-02	-1.75927e-02	1.685385e-04	1.500000e+01	
508	5.012800e-02	-8.04031e-02	4.661494e-04	1.500000e+01	
509	5.022800e-02	-1.43134e-01	2.380757e-04	1.500000e+01	
510	5.032800e-02	-2.05724e-01	4.569873e-04	1.500000e+01	
511	5.042800e-02	-2.68111e-01	2.397000e-04	1.500000e+01	
512	5.052800e-02	-3.30233e-01	4.380195e-04	1.500000e+01	
513	5.062800e-02	-3.92029e-01	2.379920e-04	1.500000e+01	
514	5.072800e-02	-4.53439e-01	4.191873e-04	1.500000e+01	
515	5.082800e-02	-5.14401e-01	2.368442e-04	1.500000e+01	
516	5.092800e-02	-5.74855e-01	4.030723e-04	1.500000e+01	
517	5.102800e-02	-6.34742e-01	2.372025e-04	1.500000e+01	
518	5.112800e-02	-6.94002e-01	3.900526e-04	1.500000e+01	

Index   time            input           net-_r2-pad2_   net-_v2-pad1_   
--------------------------------------------------------------------------------
519	5.122800e-02	-7.52578e-01	2.394483e-04	1.500000e+01	
520	5.132800e-02	-8.10411e-01	3.802714e-04	1.500000e+01	
521	5.142800e-02	-8.67444e-01	2.437734e-04	1.500000e+01	
522	5.152800e-02	-9.23621e-01	3.737581e-04	1.500000e+01	
523	5.162800e-02	-9.78887e-01	2.502829e-04	1.500000e+01	
524	5.172800e-02	-1.03319e+00	3.704902e-04	1.500000e+01	
525	5.182800e-02	-1.08647e+00	2.590332e-04	1.500000e+01	
526	5.192800e-02	-1.13867e+00	3.704167e-04	1.500000e+01	
527	5.202800e-02	-1.18976e+00	2.700496e-04	1.500000e+01	
528	5.212800e-02	-1.23967e+00	3.734683e-04	1.500000e+01	
529	5.222800e-02	-1.28835e+00	2.833334e-04	1.500000e+01	
530	5.232800e-02	-1.33577e+00	3.795621e-04	1.500000e+01	
531	5.242800e-02	-1.38187e+00	2.988674e-04	1.500000e+01	
532	5.252800e-02	-1.42660e+00	3.886049e-04	1.500000e+01	
533	5.262800e-02	-1.46992e+00	3.166183e-04	1.500000e+01	
534	5.272800e-02	-1.51180e+00	4.004944e-04	1.500000e+01	
535	5.282800e-02	-1.55218e+00	3.365386e-04	1.500000e+01	
536	5.292800e-02	-1.59103e+00	4.151206e-04	1.500000e+01	
537	5.302800e-02	-1.62831e+00	3.585686e-04	1.500000e+01	
538	5.312800e-02	-1.66399e+00	4.323666e-04	1.500000e+01	
539	5.322800e-02	-1.69802e+00	3.826372e-04	1.500000e+01	
540	5.332800e-02	-1.73037e+00	4.521094e-04	1.500000e+01	
541	5.342800e-02	-1.76102e+00	4.086630e-04	1.500000e+01	
542	5.352800e-02	-1.78993e+00	4.742202e-04	1.500000e+01	
543	5.362800e-02	-1.81707e+00	4.365559e-04	1.500000e+01	
544	5.372800e-02	-1.84243e+00	4.985653e-04	1.500000e+01	
545	5.382800e-02	-1.86596e+00	4.662171e-04	1.500000e+01	
546	5.392800e-02	-1.88765e+00	5.250066e-04	1.500000e+01	
547	5.402800e-02	-1.90748e+00	4.975405e-04	1.500000e+01	
548	5.412800e-02	-1.92542e+00	5.534021e-04	1.500000e+01	
549	5.422800e-02	-1.94147e+00	5.304133e-04	1.500000e+01	
550	5.432800e-02	-1.95560e+00	5.836062e-04	1.500000e+01	
551	5.442800e-02	-1.96780e+00	5.647172e-04	1.500000e+01	
552	5.452800e-02	-1.97805e+00	6.154706e-04	1.500000e+01	
553	5.462800e-02	-1.98636e+00	6.003284e-04	1.500000e+01	
554	5.472800e-02	-1.99270e+00	6.488446e-04	1.500000e+01	
555	5.482800e-02	-1.99708e+00	6.371192e-04	1.500000e+01	
556	5.492800e-02	-1.99949e+00	6.835757e-04	1.500000e+01	
557	5.502800e-02	-1.99992e+00	6.749580e-04	1.500000e+01	
558	5.512800e-02	-1.99838e+00	7.195102e-04	1.500000e+01	
559	5.522800e-02	-1.99487e+00	7.137105e-04	1.500000e+01	
560	5.532800e-02	-1.98939e+00	7.564934e-04	1.500000e+01	
561	5.542800e-02	-1.98195e+00	7.532402e-04	1.500000e+01	
562	5.552800e-02	-1.97255e+00	7.943708e-04	1.500000e+01	
563	5.562800e-02	-1.96120e+00	7.934091e-04	1.500000e+01	
564	5.572800e-02	-1.94792e+00	8.329877e-04	1.500000e+01	
565	5.582800e-02	-1.93272e+00	8.340781e-04	1.500000e+01	
566	5.592800e-02	-1.91560e+00	8.721905e-04	1.500000e+01	
567	5.602800e-02	-1.89660e+00	8.751081e-04	1.500000e+01	
568	5.612800e-02	-1.87573e+00	9.118270e-04	1.500000e+01	
569	5.622800e-02	-1.85300e+00	9.163604e-04	1.500000e+01	
570	5.632800e-02	-1.82845e+00	9.517468e-04	1.500000e+01	
571	5.642800e-02	-1.80209e+00	9.576974e-04	1.500000e+01	
572	5.652800e-02	-1.77396e+00	9.918015e-04	1.500000e+01	
573	5.662800e-02	-1.74407e+00	9.989827e-04	1.500000e+01	
574	5.672800e-02	-1.71246e+00	1.031846e-03	1.500000e+01	
575	5.682800e-02	-1.67916e+00	1.040082e-03	1.500000e+01	
576	5.692800e-02	-1.64421e+00	1.071738e-03	1.500000e+01	

Index   time            input           net-_r2-pad2_   net-_v2-pad1_   
--------------------------------------------------------------------------------
577	5.702800e-02	-1.60763e+00	1.080865e-03	1.500000e+01	
578	5.712800e-02	-1.56947e+00	1.111340e-03	1.500000e+01	
579	5.722800e-02	-1.52975e+00	1.121203e-03	1.500000e+01	
580	5.732800e-02	-1.48853e+00	1.150518e-03	1.500000e+01	
581	5.742800e-02	-1.44584e+00	1.160972e-03	1.500000e+01	
582	5.752800e-02	-1.40172e+00	1.189142e-03	1.500000e+01	
583	5.762800e-02	-1.35622e+00	1.200054e-03	1.500000e+01	
584	5.772800e-02	-1.30938e+00	1.227091e-03	1.500000e+01	
585	5.782800e-02	-1.26124e+00	1.238333e-03	1.500000e+01	
586	5.792800e-02	-1.21187e+00	1.264246e-03	1.500000e+01	
587	5.802800e-02	-1.16129e+00	1.275703e-03	1.500000e+01	
588	5.812800e-02	-1.10957e+00	1.300500e-03	1.500000e+01	
589	5.822800e-02	-1.05676e+00	1.312065e-03	1.500000e+01	
590	5.832800e-02	-1.00290e+00	1.335753e-03	1.500000e+01	
591	5.842800e-02	-9.48053e-01	1.347332e-03	1.500000e+01	
592	5.852800e-02	-8.92271e-01	1.369922e-03	1.500000e+01	
593	5.862800e-02	-8.35607e-01	1.381432e-03	1.500000e+01	
594	5.872800e-02	-7.78119e-01	1.402942e-03	1.500000e+01	
595	5.882800e-02	-7.19863e-01	1.414322e-03	1.500000e+01	
596	5.892800e-02	-6.60897e-01	1.434786e-03	1.500000e+01	
597	5.902800e-02	-6.01278e-01	1.446004e-03	1.500000e+01	
598	5.912800e-02	-5.41066e-01	1.465494e-03	1.500000e+01	
599	5.922800e-02	-4.80321e-01	1.476586e-03	1.500000e+01	
600	5.932800e-02	-4.19101e-01	1.495268e-03	1.500000e+01	
601	5.942800e-02	-3.57467e-01	1.506441e-03	1.500000e+01	
602	5.952800e-02	-2.95481e-01	1.524784e-03	1.500000e+01	
603	5.962800e-02	-2.33203e-01	1.536857e-03	1.500000e+01	
604	5.972800e-02	-1.70695e-01	1.556714e-03	1.500000e+01	
605	5.982800e-02	-1.08018e-01	1.575259e-03	1.500000e+01	
606	5.992800e-02	-4.52351e-02	1.616256e-03	1.500000e+01	
607	6.002800e-02	1.759269e-02	1.797231e-03	1.500000e+01	
608	6.012800e-02	8.040310e-02	1.530107e-03	1.500000e+01	
609	6.022800e-02	1.431342e-01	1.729065e-03	1.500000e+01	
610	6.032800e-02	2.057240e-01	1.545834e-03	1.500000e+01	
611	6.042800e-02	2.681107e-01	1.732213e-03	1.500000e+01	
612	6.052800e-02	3.302329e-01	1.571904e-03	1.500000e+01	
613	6.062800e-02	3.920292e-01	1.743882e-03	1.500000e+01	
614	6.072800e-02	4.534386e-01	1.597853e-03	1.500000e+01	
615	6.082800e-02	5.144005e-01	1.755097e-03	1.500000e+01	
616	6.092800e-02	5.748548e-01	1.621990e-03	1.500000e+01	
617	6.102800e-02	6.347417e-01	1.765469e-03	1.500000e+01	
618	6.112800e-02	6.940023e-01	1.643832e-03	1.500000e+01	
619	6.122800e-02	7.525779e-01	1.774518e-03	1.500000e+01	
620	6.132800e-02	8.104108e-01	1.663139e-03	1.500000e+01	
621	6.142800e-02	8.674440e-01	1.781970e-03	1.500000e+01	
622	6.152800e-02	9.236211e-01	1.679776e-03	1.500000e+01	
623	6.162800e-02	9.788867e-01	1.787622e-03	1.500000e+01	
624	6.172800e-02	1.033186e+00	1.693650e-03	1.500000e+01	
625	6.182800e-02	1.086466e+00	1.791312e-03	1.500000e+01	
626	6.192800e-02	1.138674e+00	1.704688e-03	1.500000e+01	
627	6.202800e-02	1.189758e+00	1.792897e-03	1.500000e+01	
628	6.212800e-02	1.239668e+00	1.712825e-03	1.500000e+01	
629	6.222800e-02	1.288354e+00	1.792249e-03	1.500000e+01	
630	6.232800e-02	1.335769e+00	1.718005e-03	1.500000e+01	
631	6.242800e-02	1.381866e+00	1.789254e-03	1.500000e+01	
632	6.252800e-02	1.426599e+00	1.720177e-03	1.500000e+01	
633	6.262800e-02	1.469924e+00	1.783808e-03	1.500000e+01	
634	6.272800e-02	1.511798e+00	1.719294e-03	1.500000e+01	

Index   time            input           net-_r2-pad2_   net-_v2-pad1_   
--------------------------------------------------------------------------------
635	6.282800e-02	1.552181e+00	1.775816e-03	1.500000e+01	
636	6.292800e-02	1.591032e+00	1.715319e-03	1.500000e+01	
637	6.302800e-02	1.628312e+00	1.765199e-03	1.500000e+01	
638	6.312800e-02	1.663986e+00	1.708220e-03	1.500000e+01	
639	6.322800e-02	1.698017e+00	1.751888e-03	1.500000e+01	
640	6.332800e-02	1.730373e+00	1.697975e-03	1.500000e+01	
641	6.342800e-02	1.761021e+00	1.735828e-03	1.500000e+01	
642	6.352800e-02	1.789931e+00	1.684577e-03	1.500000e+01	
643	6.362800e-02	1.817075e+00	1.716983e-03	1.500000e+01	
644	6.372800e-02	1.842425e+00	1.668028e-03	1.500000e+01	
645	6.382800e-02	1.865957e+00	1.695332e-03	1.500000e+01	
646	6.392800e-02	1.887648e+00	1.648350e-03	1.500000e+01	
647	6.402800e-02	1.907476e+00	1.670875e-03	1.500000e+01	
648	6.412800e-02	1.925421e+00	1.625579e-03	1.500000e+01	
649	6.422800e-02	1.941467e+00	1.643632e-03	1.500000e+01	
650	6.432800e-02	1.955596e+00	1.599772e-03	1.500000e+01	
651	6.442800e-02	1.967795e+00	1.613644e-03	1.500000e+01	
652	6.452800e-02	1.978052e+00	1.571007e-03	1.500000e+01	
653	6.462800e-02	1.986358e+00	1.580979e-03	1.500000e+01	
654	6.472800e-02	1.992703e+00	1.539381e-03	1.500000e+01	
655	6.482800e-02	1.997081e+00	1.545724e-03	1.500000e+01	
656	6.492800e-02	1.999488e+00	1.505015e-03	1.500000e+01	
657	6.502800e-02	1.999923e+00	1.507993e-03	1.500000e+01	
658	6.512800e-02	1.998383e+00	1.468051e-03	1.500000e+01	
659	6.522800e-02	1.994872e+00	1.467920e-03	1.500000e+01	
660	6.532800e-02	1.989391e+00	1.428652e-03	1.500000e+01	
661	6.542800e-02	1.981948e+00	1.425666e-03	1.500000e+01	
662	6.552800e-02	1.972548e+00	1.387002e-03	1.500000e+01	
663	6.562800e-02	1.961202e+00	1.381407e-03	1.500000e+01	
664	6.572800e-02	1.947920e+00	1.343302e-03	1.500000e+01	
665	6.582800e-02	1.932716e+00	1.335342e-03	1.500000e+01	
666	6.592800e-02	1.915605e+00	1.297773e-03	1.500000e+01	
667	6.602800e-02	1.896603e+00	1.287687e-03	1.500000e+01	
668	6.612800e-02	1.875729e+00	1.250649e-03	1.500000e+01	
669	6.622800e-02	1.853005e+00	1.238673e-03	1.500000e+01	
670	6.632800e-02	1.828451e+00	1.202178e-03	1.500000e+01	
671	6.642800e-02	1.802093e+00	1.188542e-03	1.500000e+01	
672	6.652800e-02	1.773957e+00	1.152617e-03	1.500000e+01	
673	6.662800e-02	1.744070e+00	1.137549e-03	1.500000e+01	
674	6.672800e-02	1.712462e+00	1.102234e-03	1.500000e+01	
675	6.682800e-02	1.679164e+00	1.085955e-03	1.500000e+01	
676	6.692800e-02	1.644209e+00	1.051301e-03	1.500000e+01	
677	6.702800e-02	1.607631e+00	1.034028e-03	1.500000e+01	
678	6.712800e-02	1.569466e+00	1.000094e-03	1.500000e+01	
679	6.722800e-02	1.529753e+00	9.820356e-04	1.500000e+01	
680	6.732800e-02	1.488530e+00	9.488879e-04	1.500000e+01	
681	6.742800e-02	1.445838e+00	9.302467e-04	1.500000e+01	
682	6.752800e-02	1.401719e+00	8.979555e-04	1.500000e+01	
683	6.762800e-02	1.356217e+00	8.789254e-04	1.500000e+01	
684	6.772800e-02	1.309376e+00	8.475639e-04	1.500000e+01	
685	6.782800e-02	1.261243e+00	8.283297e-04	1.500000e+01	
686	6.792800e-02	1.211866e+00	7.979710e-04	1.500000e+01	
687	6.802800e-02	1.161292e+00	7.787070e-04	1.500000e+01	
688	6.812800e-02	1.109573e+00	7.494224e-04	1.500000e+01	
689	6.822800e-02	1.056758e+00	7.302911e-04	1.500000e+01	
690	6.832800e-02	1.002901e+00	7.021478e-04	1.500000e+01	
691	6.842800e-02	9.480535e-01	6.832974e-04	1.500000e+01	
692	6.852800e-02	8.922707e-01	6.563547e-04	1.500000e+01	

Index   time            input           net-_r2-pad2_   net-_v2-pad1_   
--------------------------------------------------------------------------------
693	6.862800e-02	8.356073e-01	6.379161e-04	1.500000e+01	
694	6.872800e-02	7.781193e-01	6.122204e-04	1.500000e+01	
695	6.882800e-02	7.198633e-01	5.943012e-04	1.500000e+01	
696	6.892800e-02	6.608970e-01	5.698764e-04	1.500000e+01	
697	6.902800e-02	6.012784e-01	5.525464e-04	1.500000e+01	
698	6.912800e-02	5.410665e-01	5.293722e-04	1.500000e+01	
699	6.922800e-02	4.803205e-01	5.126301e-04	1.500000e+01	
700	6.932800e-02	4.191006e-01	4.905822e-04	1.500000e+01	
701	6.942800e-02	3.574671e-01	4.742472e-04	1.500000e+01	
702	6.952800e-02	2.954807e-01	4.528871e-04	1.500000e+01	
703	6.962800e-02	2.332028e-01	4.361457e-04	1.500000e+01	
704	6.972800e-02	1.706947e-01	4.136032e-04	1.500000e+01	
705	6.982800e-02	1.080182e-01	3.906842e-04	1.500000e+01	
706	6.992800e-02	4.523508e-02	3.461103e-04	1.500000e+01	
707	7.002800e-02	-1.75927e-02	1.684859e-04	1.500000e+01	
708	7.012800e-02	-8.04031e-02	4.661969e-04	1.500000e+01	
709	7.022800e-02	-1.43134e-01	2.380321e-04	1.500000e+01	
710	7.032800e-02	-2.05724e-01	4.570271e-04	1.500000e+01	
711	7.042800e-02	-2.68111e-01	2.396654e-04	1.500000e+01	
712	7.052800e-02	-3.30233e-01	4.380540e-04	1.500000e+01	
713	7.062800e-02	-3.92029e-01	2.379638e-04	1.500000e+01	
714	7.072800e-02	-4.53439e-01	4.192154e-04	1.500000e+01	
715	7.082800e-02	-5.14401e-01	2.368218e-04	1.500000e+01	
716	7.092800e-02	-5.74855e-01	4.030945e-04	1.500000e+01	
717	7.102800e-02	-6.34742e-01	2.371855e-04	1.500000e+01	
718	7.112800e-02	-6.94002e-01	3.900695e-04	1.500000e+01	
719	7.122800e-02	-7.52578e-01	2.394362e-04	1.500000e+01	
720	7.132800e-02	-8.10411e-01	3.802835e-04	1.500000e+01	
721	7.142800e-02	-8.67444e-01	2.437657e-04	1.500000e+01	
722	7.152800e-02	-9.23621e-01	3.737658e-04	1.500000e+01	
723	7.162800e-02	-9.78887e-01	2.502792e-04	1.500000e+01	
724	7.172800e-02	-1.03319e+00	3.704939e-04	1.500000e+01	
725	7.182800e-02	-1.08647e+00	2.590332e-04	1.500000e+01	
726	7.192800e-02	-1.13867e+00	3.704167e-04	1.500000e+01	
727	7.202800e-02	-1.18976e+00	2.700529e-04	1.500000e+01	
728	7.212800e-02	-1.23967e+00	3.734650e-04	1.500000e+01	
729	7.222800e-02	-1.28835e+00	2.833398e-04	1.500000e+01	
730	7.232800e-02	-1.33577e+00	3.795557e-04	1.500000e+01	
731	7.242800e-02	-1.38187e+00	2.988766e-04	1.500000e+01	
732	7.252800e-02	-1.42660e+00	3.885957e-04	1.500000e+01	
733	7.262800e-02	-1.46992e+00	3.166299e-04	1.500000e+01	
734	7.272800e-02	-1.51180e+00	4.004827e-04	1.500000e+01	
735	7.282800e-02	-1.55218e+00	3.365526e-04	1.500000e+01	
736	7.292800e-02	-1.59103e+00	4.151066e-04	1.500000e+01	
737	7.302800e-02	-1.62831e+00	3.585847e-04	1.500000e+01	
738	7.312800e-02	-1.66399e+00	4.323505e-04	1.500000e+01	
739	7.322800e-02	-1.69802e+00	3.826552e-04	1.500000e+01	
740	7.332800e-02	-1.73037e+00	4.520913e-04	1.500000e+01	
741	7.342800e-02	-1.76102e+00	4.086829e-04	1.500000e+01	
742	7.352800e-02	-1.78993e+00	4.742003e-04	1.500000e+01	
743	7.362800e-02	-1.81707e+00	4.365773e-04	1.500000e+01	
744	7.372800e-02	-1.84243e+00	4.985439e-04	1.500000e+01	
745	7.382800e-02	-1.86596e+00	4.662400e-04	1.500000e+01	
746	7.392800e-02	-1.88765e+00	5.249837e-04	1.500000e+01	
747	7.402800e-02	-1.90748e+00	4.975647e-04	1.500000e+01	
748	7.412800e-02	-1.92542e+00	5.533779e-04	1.500000e+01	
749	7.422800e-02	-1.94147e+00	5.304387e-04	1.500000e+01	
750	7.432800e-02	-1.95560e+00	5.835807e-04	1.500000e+01	

Index   time            input           net-_r2-pad2_   net-_v2-pad1_   
--------------------------------------------------------------------------------
751	7.442800e-02	-1.96780e+00	5.647437e-04	1.500000e+01	
752	7.452800e-02	-1.97805e+00	6.154440e-04	1.500000e+01	
753	7.462800e-02	-1.98636e+00	6.003560e-04	1.500000e+01	
754	7.472800e-02	-1.99270e+00	6.488170e-04	1.500000e+01	
755	7.482800e-02	-1.99708e+00	6.371477e-04	1.500000e+01	
756	7.492800e-02	-1.99949e+00	6.835472e-04	1.500000e+01	
757	7.502800e-02	-1.99992e+00	6.749873e-04	1.500000e+01	
758	7.512800e-02	-1.99838e+00	7.194808e-04	1.500000e+01	
759	7.522800e-02	-1.99487e+00	7.137407e-04	1.500000e+01	
760	7.532800e-02	-1.98939e+00	7.564633e-04	1.500000e+01	
761	7.542800e-02	-1.98195e+00	7.532711e-04	1.500000e+01	
762	7.552800e-02	-1.97255e+00	7.943398e-04	1.500000e+01	
763	7.562800e-02	-1.96120e+00	7.934406e-04	1.500000e+01	
764	7.572800e-02	-1.94792e+00	8.329561e-04	1.500000e+01	
765	7.582800e-02	-1.93272e+00	8.341102e-04	1.500000e+01	
766	7.592800e-02	-1.91560e+00	8.721583e-04	1.500000e+01	
767	7.602800e-02	-1.89660e+00	8.751408e-04	1.500000e+01	
768	7.612800e-02	-1.87573e+00	9.117943e-04	1.500000e+01	
769	7.622800e-02	-1.85300e+00	9.163936e-04	1.500000e+01	
770	7.632800e-02	-1.82845e+00	9.517135e-04	1.500000e+01	
771	7.642800e-02	-1.80209e+00	9.577310e-04	1.500000e+01	
772	7.652800e-02	-1.77396e+00	9.917678e-04	1.500000e+01	
773	7.662800e-02	-1.74407e+00	9.990168e-04	1.500000e+01	
774	7.672800e-02	-1.71246e+00	1.031812e-03	1.500000e+01	
775	7.682800e-02	-1.67916e+00	1.040117e-03	1.500000e+01	
776	7.692800e-02	-1.64421e+00	1.071704e-03	1.500000e+01	
777	7.702800e-02	-1.60763e+00	1.080900e-03	1.500000e+01	
778	7.712800e-02	-1.56947e+00	1.111305e-03	1.500000e+01	
779	7.722800e-02	-1.52975e+00	1.121238e-03	1.500000e+01	
780	7.732800e-02	-1.48853e+00	1.150483e-03	1.500000e+01	
781	7.742800e-02	-1.44584e+00	1.161008e-03	1.500000e+01	
782	7.752800e-02	-1.40172e+00	1.189107e-03	1.500000e+01	
783	7.762800e-02	-1.35622e+00	1.200089e-03	1.500000e+01	
784	7.772800e-02	-1.30938e+00	1.227055e-03	1.500000e+01	
785	7.782800e-02	-1.26124e+00	1.238369e-03	1.500000e+01	
786	7.792800e-02	-1.21187e+00	1.264210e-03	1.500000e+01	
787	7.802800e-02	-1.16129e+00	1.275739e-03	1.500000e+01	
788	7.812800e-02	-1.10957e+00	1.300463e-03	1.500000e+01	
789	7.822800e-02	-1.05676e+00	1.312101e-03	1.500000e+01	
790	7.832800e-02	-1.00290e+00	1.335717e-03	1.500000e+01	
791	7.842800e-02	-9.48053e-01	1.347369e-03	1.500000e+01	
792	7.852800e-02	-8.92271e-01	1.369885e-03	1.500000e+01	
793	7.862800e-02	-8.35607e-01	1.381469e-03	1.500000e+01	
794	7.872800e-02	-7.78119e-01	1.402905e-03	1.500000e+01	
795	7.882800e-02	-7.19863e-01	1.414359e-03	1.500000e+01	
796	7.892800e-02	-6.60897e-01	1.434748e-03	1.500000e+01	
797	7.902800e-02	-6.01278e-01	1.446042e-03	1.500000e+01	
798	7.912800e-02	-5.41066e-01	1.465456e-03	1.500000e+01	
799	7.922800e-02	-4.80321e-01	1.476624e-03	1.500000e+01	
800	7.932800e-02	-4.19101e-01	1.495230e-03	1.500000e+01	
801	7.942800e-02	-3.57467e-01	1.506479e-03	1.500000e+01	
802	7.952800e-02	-2.95481e-01	1.524746e-03	1.500000e+01	
803	7.962800e-02	-2.33203e-01	1.536895e-03	1.500000e+01	
804	7.972800e-02	-1.70695e-01	1.556676e-03	1.500000e+01	
805	7.982800e-02	-1.08018e-01	1.575298e-03	1.500000e+01	
806	7.992800e-02	-4.52351e-02	1.616217e-03	1.500000e+01	
807	8.002800e-02	1.759269e-02	1.797269e-03	1.500000e+01	
808	8.012800e-02	8.040310e-02	1.530074e-03	1.500000e+01	

Index   time            input           net-_r2-pad2_   net-_v2-pad1_   
--------------------------------------------------------------------------------
809	8.022800e-02	1.431342e-01	1.729095e-03	1.500000e+01	
810	8.032800e-02	2.057240e-01	1.545807e-03	1.500000e+01	
811	8.042800e-02	2.681107e-01	1.732234e-03	1.500000e+01	
812	8.052800e-02	3.302329e-01	1.571884e-03	1.500000e+01	
813	8.062800e-02	3.920292e-01	1.743896e-03	1.500000e+01	
814	8.072800e-02	4.534386e-01	1.597840e-03	1.500000e+01	
815	8.082800e-02	5.144005e-01	1.755105e-03	1.500000e+01	
816	8.092800e-02	5.748548e-01	1.621983e-03	1.500000e+01	
817	8.102800e-02	6.347417e-01	1.765470e-03	1.500000e+01	
818	8.112800e-02	6.940023e-01	1.643830e-03	1.500000e+01	
819	8.122800e-02	7.525779e-01	1.774515e-03	1.500000e+01	
820	8.132800e-02	8.104108e-01	1.663143e-03	1.500000e+01	
821	8.142800e-02	8.674440e-01	1.781962e-03	1.500000e+01	
822	8.152800e-02	9.236211e-01	1.679785e-03	1.500000e+01	
823	8.162800e-02	9.788867e-01	1.787610e-03	1.500000e+01	
824	8.172800e-02	1.033186e+00	1.693663e-03	1.500000e+01	
825	8.182800e-02	1.086466e+00	1.791296e-03	1.500000e+01	
826	8.192800e-02	1.138674e+00	1.704705e-03	1.500000e+01	
827	8.202800e-02	1.189758e+00	1.792877e-03	1.500000e+01	
828	8.212800e-02	1.239668e+00	1.712846e-03	1.500000e+01	
829	8.222800e-02	1.288354e+00	1.792226e-03	1.500000e+01	
830	8.232800e-02	1.335769e+00	1.718029e-03	1.500000e+01	
831	8.242800e-02	1.381866e+00	1.789228e-03	1.500000e+01	
832	8.252800e-02	1.426599e+00	1.720204e-03	1.500000e+01	
833	8.262800e-02	1.469924e+00	1.783778e-03	1.500000e+01	
834	8.272800e-02	1.511798e+00	1.719324e-03	1.500000e+01	
835	8.282800e-02	1.552181e+00	1.775785e-03	1.500000e+01	
836	8.292800e-02	1.591032e+00	1.715351e-03	1.500000e+01	
837	8.302800e-02	1.628312e+00	1.765165e-03	1.500000e+01	
838	8.312800e-02	1.663986e+00	1.708254e-03	1.500000e+01	
839	8.322800e-02	1.698017e+00	1.751852e-03	1.500000e+01	
840	8.332800e-02	1.730373e+00	1.698012e-03	1.500000e+01	
841	8.342800e-02	1.761021e+00	1.735790e-03	1.500000e+01	
842	8.352800e-02	1.789931e+00	1.684615e-03	1.500000e+01	
843	8.362800e-02	1.817075e+00	1.716943e-03	1.500000e+01	
844	8.372800e-02	1.842425e+00	1.668068e-03	1.500000e+01	
845	8.382800e-02	1.865957e+00	1.695291e-03	1.500000e+01	
846	8.392800e-02	1.887648e+00	1.648391e-03	1.500000e+01	
847	8.402800e-02	1.907476e+00	1.670832e-03	1.500000e+01	
848	8.412800e-02	1.925421e+00	1.625622e-03	1.500000e+01	
849	8.422800e-02	1.941467e+00	1.643587e-03	1.500000e+01	
850	8.432800e-02	1.955596e+00	1.599817e-03	1.500000e+01	
851	8.442800e-02	1.967795e+00	1.613599e-03	1.500000e+01	
852	8.452800e-02	1.978052e+00	1.571052e-03	1.500000e+01	
853	8.462800e-02	1.986358e+00	1.580932e-03	1.500000e+01	
854	8.472800e-02	1.992703e+00	1.539428e-03	1.500000e+01	
855	8.482800e-02	1.997081e+00	1.545676e-03	1.500000e+01	
856	8.492800e-02	1.999488e+00	1.505063e-03	1.500000e+01	
857	8.502800e-02	1.999923e+00	1.507944e-03	1.500000e+01	
858	8.512800e-02	1.998383e+00	1.468100e-03	1.500000e+01	
859	8.522800e-02	1.994872e+00	1.467871e-03	1.500000e+01	
860	8.532800e-02	1.989391e+00	1.428702e-03	1.500000e+01	
861	8.542800e-02	1.981948e+00	1.425615e-03	1.500000e+01	
862	8.552800e-02	1.972548e+00	1.387052e-03	1.500000e+01	
863	8.562800e-02	1.961202e+00	1.381356e-03	1.500000e+01	
864	8.572800e-02	1.947920e+00	1.343354e-03	1.500000e+01	
865	8.582800e-02	1.932716e+00	1.335290e-03	1.500000e+01	
866	8.592800e-02	1.915605e+00	1.297825e-03	1.500000e+01	

Index   time            input           net-_r2-pad2_   net-_v2-pad1_   
--------------------------------------------------------------------------------
867	8.602800e-02	1.896603e+00	1.287635e-03	1.500000e+01	
868	8.612800e-02	1.875729e+00	1.250702e-03	1.500000e+01	
869	8.622800e-02	1.853005e+00	1.238620e-03	1.500000e+01	
870	8.632800e-02	1.828451e+00	1.202231e-03	1.500000e+01	
871	8.642800e-02	1.802093e+00	1.188489e-03	1.500000e+01	
872	8.652800e-02	1.773957e+00	1.152670e-03	1.500000e+01	
873	8.662800e-02	1.744070e+00	1.137495e-03	1.500000e+01	
874	8.672800e-02	1.712462e+00	1.102288e-03	1.500000e+01	
875	8.682800e-02	1.679164e+00	1.085901e-03	1.500000e+01	
876	8.692800e-02	1.644209e+00	1.051356e-03	1.500000e+01	
877	8.702800e-02	1.607631e+00	1.033973e-03	1.500000e+01	
878	8.712800e-02	1.569466e+00	1.000149e-03	1.500000e+01	
879	8.722800e-02	1.529753e+00	9.819804e-04	1.500000e+01	
880	8.732800e-02	1.488530e+00	9.489431e-04	1.500000e+01	
881	8.742800e-02	1.445838e+00	9.301912e-04	1.500000e+01	
882	8.752800e-02	1.401719e+00	8.980110e-04	1.500000e+01	
883	8.762800e-02	1.356217e+00	8.788697e-04	1.500000e+01	
884	8.772800e-02	1.309376e+00	8.476198e-04	1.500000e+01	
885	8.782800e-02	1.261243e+00	8.282736e-04	1.500000e+01	
886	8.792800e-02	1.211866e+00	7.980272e-04	1.500000e+01	
887	8.802800e-02	1.161292e+00	7.786506e-04	1.500000e+01	
888	8.812800e-02	1.109573e+00	7.494789e-04	1.500000e+01	
889	8.822800e-02	1.056758e+00	7.302345e-04	1.500000e+01	
890	8.832800e-02	1.002901e+00	7.022045e-04	1.500000e+01	
891	8.842800e-02	9.480535e-01	6.832405e-04	1.500000e+01	
892	8.852800e-02	8.922707e-01	6.564117e-04	1.500000e+01	
893	8.862800e-02	8.356073e-01	6.378590e-04	1.500000e+01	
894	8.872800e-02	7.781193e-01	6.122776e-04	1.500000e+01	
895	8.882800e-02	7.198633e-01	5.942438e-04	1.500000e+01	
896	8.892800e-02	6.608970e-01	5.699338e-04	1.500000e+01	
897	8.902800e-02	6.012784e-01	5.524889e-04	1.500000e+01	
898	8.912800e-02	5.410665e-01	5.294297e-04	1.500000e+01	
899	8.922800e-02	4.803205e-01	5.125724e-04	1.500000e+01	
900	8.932800e-02	4.191006e-01	4.906399e-04	1.500000e+01	
901	8.942800e-02	3.574671e-01	4.741894e-04	1.500000e+01	
902	8.952800e-02	2.954807e-01	4.529449e-04	1.500000e+01	
903	8.962800e-02	2.332028e-01	4.360879e-04	1.500000e+01	
904	8.972800e-02	1.706947e-01	4.136609e-04	1.500000e+01	
905	8.982800e-02	1.080182e-01	3.906265e-04	1.500000e+01	
906	8.992800e-02	4.523508e-02	3.461676e-04	1.500000e+01	
907	9.002800e-02	-1.75927e-02	1.684316e-04	1.500000e+01	
908	9.012800e-02	-8.04031e-02	4.662462e-04	1.500000e+01	
909	9.022800e-02	-1.43134e-01	2.379869e-04	1.500000e+01	
910	9.032800e-02	-2.05724e-01	4.570681e-04	1.500000e+01	
911	9.042800e-02	-2.68111e-01	2.396294e-04	1.500000e+01	
912	9.052800e-02	-3.30233e-01	4.380895e-04	1.500000e+01	
913	9.062800e-02	-3.92029e-01	2.379343e-04	1.500000e+01	
914	9.072800e-02	-4.53439e-01	4.192444e-04	1.500000e+01	
915	9.082800e-02	-5.14401e-01	2.367984e-04	1.500000e+01	
916	9.092800e-02	-5.74855e-01	4.031176e-04	1.500000e+01	
917	9.102800e-02	-6.34742e-01	2.371675e-04	1.500000e+01	
918	9.112800e-02	-6.94002e-01	3.900872e-04	1.500000e+01	
919	9.122800e-02	-7.52578e-01	2.394231e-04	1.500000e+01	
920	9.132800e-02	-8.10411e-01	3.802961e-04	1.500000e+01	
921	9.142800e-02	-8.67444e-01	2.437572e-04	1.500000e+01	
922	9.152800e-02	-9.23621e-01	3.737739e-04	1.500000e+01	
923	9.162800e-02	-9.78887e-01	2.502748e-04	1.500000e+01	
924	9.172800e-02	-1.03319e+00	3.704979e-04	1.500000e+01	

Index   time            input           net-_r2-pad2_   net-_v2-pad1_   
--------------------------------------------------------------------------------
925	9.182800e-02	-1.08647e+00	2.590327e-04	1.500000e+01	
926	9.192800e-02	-1.13867e+00	3.704170e-04	1.500000e+01	
927	9.202800e-02	-1.18976e+00	2.700558e-04	1.500000e+01	
928	9.212800e-02	-1.23967e+00	3.734618e-04	1.500000e+01	
929	9.222800e-02	-1.28835e+00	2.833459e-04	1.500000e+01	
930	9.232800e-02	-1.33577e+00	3.795495e-04	1.500000e+01	
931	9.242800e-02	-1.38187e+00	2.988855e-04	1.500000e+01	
932	9.252800e-02	-1.42660e+00	3.885866e-04	1.500000e+01	
933	9.262800e-02	-1.46992e+00	3.166415e-04	1.500000e+01	
934	9.272800e-02	-1.51180e+00	4.004710e-04	1.500000e+01	
935	9.282800e-02	-1.55218e+00	3.365665e-04	1.500000e+01	
936	9.292800e-02	-1.59103e+00	4.150926e-04	1.500000e+01	
937	9.302800e-02	-1.62831e+00	3.586008e-04	1.500000e+01	
938	9.312800e-02	-1.66399e+00	4.323343e-04	1.500000e+01	
939	9.322800e-02	-1.69802e+00	3.826733e-04	1.500000e+01	
940	9.332800e-02	-1.73037e+00	4.520732e-04	1.500000e+01	
941	9.342800e-02	-1.76102e+00	4.087027e-04	1.500000e+01	
942	9.352800e-02	-1.78993e+00	4.741804e-04	1.500000e+01	
943	9.362800e-02	-1.81707e+00	4.365989e-04	1.500000e+01	
944	9.372800e-02	-1.84243e+00	4.985222e-04	1.500000e+01	
945	9.382800e-02	-1.86596e+00	4.662630e-04	1.500000e+01	
946	9.392800e-02	-1.88765e+00	5.249606e-04	1.500000e+01	
947	9.402800e-02	-1.90748e+00	4.975891e-04	1.500000e+01	
948	9.412800e-02	-1.92542e+00	5.533534e-04	1.500000e+01	
949	9.422800e-02	-1.94147e+00	5.304644e-04	1.500000e+01	
950	9.432800e-02	-1.95560e+00	5.835549e-04	1.500000e+01	
951	9.442800e-02	-1.96780e+00	5.647705e-04	1.500000e+01	
952	9.452800e-02	-1.97805e+00	6.154171e-04	1.500000e+01	
953	9.462800e-02	-1.98636e+00	6.003839e-04	1.500000e+01	
954	9.472800e-02	-1.99270e+00	6.487891e-04	1.500000e+01	
955	9.482800e-02	-1.99708e+00	6.371765e-04	1.500000e+01	
956	9.492800e-02	-1.99949e+00	6.835183e-04	1.500000e+01	
957	9.502800e-02	-1.99992e+00	6.750171e-04	1.500000e+01	
958	9.512800e-02	-1.99838e+00	7.194510e-04	1.500000e+01	
959	9.522800e-02	-1.99487e+00	7.137712e-04	1.500000e+01	
960	9.532800e-02	-1.98939e+00	7.564327e-04	1.500000e+01	
961	9.542800e-02	-1.98195e+00	7.533023e-04	1.500000e+01	
962	9.552800e-02	-1.97255e+00	7.943085e-04	1.500000e+01	
963	9.562800e-02	-1.96120e+00	7.934725e-04	1.500000e+01	
964	9.572800e-02	-1.94792e+00	8.329241e-04	1.500000e+01	
965	9.582800e-02	-1.93272e+00	8.341427e-04	1.500000e+01	
966	9.592800e-02	-1.91560e+00	8.721258e-04	1.500000e+01	
967	9.602800e-02	-1.89660e+00	8.751739e-04	1.500000e+01	
968	9.612800e-02	-1.87573e+00	9.117611e-04	1.500000e+01	
969	9.622800e-02	-1.85300e+00	9.164273e-04	1.500000e+01	
970	9.632800e-02	-1.82845e+00	9.516798e-04	1.500000e+01	
971	9.642800e-02	-1.80209e+00	9.577652e-04	1.500000e+01	
972	9.652800e-02	-1.77396e+00	9.917336e-04	1.500000e+01	
973	9.662800e-02	-1.74407e+00	9.990514e-04	1.500000e+01	
974	9.672800e-02	-1.71246e+00	1.031777e-03	1.500000e+01	
975	9.682800e-02	-1.67916e+00	1.040152e-03	1.500000e+01	
976	9.692800e-02	-1.64421e+00	1.071669e-03	1.500000e+01	
977	9.702800e-02	-1.60763e+00	1.080935e-03	1.500000e+01	
978	9.712800e-02	-1.56947e+00	1.111270e-03	1.500000e+01	
979	9.722800e-02	-1.52975e+00	1.121274e-03	1.500000e+01	
980	9.732800e-02	-1.48853e+00	1.150447e-03	1.500000e+01	
981	9.742800e-02	-1.44584e+00	1.161044e-03	1.500000e+01	
982	9.752800e-02	-1.40172e+00	1.189071e-03	1.500000e+01	

Index   time            input           net-_r2-pad2_   net-_v2-pad1_   
--------------------------------------------------------------------------------
983	9.762800e-02	-1.35622e+00	1.200126e-03	1.500000e+01	
984	9.772800e-02	-1.30938e+00	1.227018e-03	1.500000e+01	
985	9.782800e-02	-1.26124e+00	1.238406e-03	1.500000e+01	
986	9.792800e-02	-1.21187e+00	1.264173e-03	1.500000e+01	
987	9.802800e-02	-1.16129e+00	1.275776e-03	1.500000e+01	
988	9.812800e-02	-1.10957e+00	1.300426e-03	1.500000e+01	
989	9.822800e-02	-1.05676e+00	1.312139e-03	1.500000e+01	
990	9.832800e-02	-1.00290e+00	1.335679e-03	1.500000e+01	
991	9.842800e-02	-9.48053e-01	1.347406e-03	1.500000e+01	
992	9.852800e-02	-8.92271e-01	1.369848e-03	1.500000e+01	
993	9.862800e-02	-8.35607e-01	1.381507e-03	1.500000e+01	
994	9.872800e-02	-7.78119e-01	1.402867e-03	1.500000e+01	
995	9.882800e-02	-7.19863e-01	1.414397e-03	1.500000e+01	
996	9.892800e-02	-6.60897e-01	1.434710e-03	1.500000e+01	
997	9.902800e-02	-6.01278e-01	1.446080e-03	1.500000e+01	
998	9.912800e-02	-5.41066e-01	1.465418e-03	1.500000e+01	
999	9.922800e-02	-4.80321e-01	1.476662e-03	1.500000e+01	
1000	9.932800e-02	-4.19101e-01	1.495192e-03	1.500000e+01	
1001	9.942800e-02	-3.57467e-01	1.506518e-03	1.500000e+01	
1002	9.952800e-02	-2.95481e-01	1.524707e-03	1.500000e+01	
1003	9.962800e-02	-2.33203e-01	1.536934e-03	1.500000e+01	
1004	9.972800e-02	-1.70695e-01	1.556637e-03	1.500000e+01	
1005	9.982800e-02	-1.08018e-01	1.575337e-03	1.500000e+01	
1006	9.992800e-02	-4.52351e-02	1.616177e-03	1.500000e+01	
1007	1.000000e-01	1.176164e-14	1.751743e-03	1.500000e+01	

                                kicad schematic
                                Transient Analysis  Mon Feb 10 01:04:19  2025
--------------------------------------------------------------------------------
Index   time            net-_v3-pad1_   net-_x1-pad1_   net-_x1-pad5_   
--------------------------------------------------------------------------------
0	0.000000e+00	-1.50000e+01	-1.49916e+01	-1.49916e+01	
1	1.000000e-06	-1.50000e+01	-1.49916e+01	-1.49916e+01	
2	2.000000e-06	-1.50000e+01	-1.49916e+01	-1.49916e+01	
3	4.000000e-06	-1.50000e+01	-1.49916e+01	-1.49916e+01	
4	8.000000e-06	-1.50000e+01	-1.49916e+01	-1.49916e+01	
5	1.600000e-05	-1.50000e+01	-1.49916e+01	-1.49916e+01	
6	3.200000e-05	-1.50000e+01	-1.49916e+01	-1.49916e+01	
7	6.400000e-05	-1.50000e+01	-1.49916e+01	-1.49916e+01	
8	1.280000e-04	-1.50000e+01	-1.49916e+01	-1.49916e+01	
9	2.280000e-04	-1.50000e+01	-1.49916e+01	-1.49916e+01	
10	3.280000e-04	-1.50000e+01	-1.49916e+01	-1.49916e+01	
11	4.280000e-04	-1.50000e+01	-1.49916e+01	-1.49916e+01	
12	5.280000e-04	-1.50000e+01	-1.49916e+01	-1.49916e+01	
13	6.280000e-04	-1.50000e+01	-1.49916e+01	-1.49916e+01	
14	7.280000e-04	-1.50000e+01	-1.49916e+01	-1.49916e+01	
15	8.280000e-04	-1.50000e+01	-1.49916e+01	-1.49916e+01	
16	9.280000e-04	-1.50000e+01	-1.49916e+01	-1.49916e+01	
17	1.028000e-03	-1.50000e+01	-1.49916e+01	-1.49916e+01	
18	1.128000e-03	-1.50000e+01	-1.49916e+01	-1.49916e+01	
19	1.228000e-03	-1.50000e+01	-1.49916e+01	-1.49916e+01	
20	1.328000e-03	-1.50000e+01	-1.49916e+01	-1.49916e+01	
21	1.428000e-03	-1.50000e+01	-1.49916e+01	-1.49916e+01	
22	1.528000e-03	-1.50000e+01	-1.49916e+01	-1.49916e+01	
23	1.628000e-03	-1.50000e+01	-1.49916e+01	-1.49916e+01	
24	1.728000e-03	-1.50000e+01	-1.49916e+01	-1.49916e+01	
25	1.828000e-03	-1.50000e+01	-1.49916e+01	-1.49916e+01	
26	1.928000e-03	-1.50000e+01	-1.49916e+01	-1.49916e+01	
27	2.028000e-03	-1.50000e+01	-1.49916e+01	-1.49916e+01	
28	2.128000e-03	-1.50000e+01	-1.49916e+01	-1.49916e+01	
29	2.228000e-03	-1.50000e+01	-1.49916e+01	-1.49916e+01	
30	2.328000e-03	-1.50000e+01	-1.49916e+01	-1.49916e+01	
31	2.428000e-03	-1.50000e+01	-1.49916e+01	-1.49916e+01	
32	2.528000e-03	-1.50000e+01	-1.49916e+01	-1.49916e+01	
33	2.628000e-03	-1.50000e+01	-1.49916e+01	-1.49916e+01	
34	2.728000e-03	-1.50000e+01	-1.49916e+01	-1.49916e+01	
35	2.828000e-03	-1.50000e+01	-1.49916e+01	-1.49916e+01	
36	2.928000e-03	-1.50000e+01	-1.49916e+01	-1.49916e+01	
37	3.028000e-03	-1.50000e+01	-1.49916e+01	-1.49916e+01	
38	3.128000e-03	-1.50000e+01	-1.49916e+01	-1.49916e+01	
39	3.228000e-03	-1.50000e+01	-1.49916e+01	-1.49916e+01	
40	3.328000e-03	-1.50000e+01	-1.49916e+01	-1.49916e+01	
41	3.428000e-03	-1.50000e+01	-1.49916e+01	-1.49916e+01	
42	3.528000e-03	-1.50000e+01	-1.49916e+01	-1.49916e+01	
43	3.628000e-03	-1.50000e+01	-1.49916e+01	-1.49916e+01	
44	3.728000e-03	-1.50000e+01	-1.49916e+01	-1.49916e+01	
45	3.828000e-03	-1.50000e+01	-1.49916e+01	-1.49916e+01	
46	3.928000e-03	-1.50000e+01	-1.49916e+01	-1.49916e+01	
47	4.028000e-03	-1.50000e+01	-1.49916e+01	-1.49916e+01	
48	4.128000e-03	-1.50000e+01	-1.49916e+01	-1.49916e+01	
49	4.228000e-03	-1.50000e+01	-1.49916e+01	-1.49916e+01	
50	4.328000e-03	-1.50000e+01	-1.49916e+01	-1.49916e+01	
51	4.428000e-03	-1.50000e+01	-1.49916e+01	-1.49916e+01	
52	4.528000e-03	-1.50000e+01	-1.49916e+01	-1.49916e+01	
53	4.628000e-03	-1.50000e+01	-1.49916e+01	-1.49916e+01	
54	4.728000e-03	-1.50000e+01	-1.49916e+01	-1.49916e+01	

Index   time            net-_v3-pad1_   net-_x1-pad1_   net-_x1-pad5_   
--------------------------------------------------------------------------------
55	4.828000e-03	-1.50000e+01	-1.49916e+01	-1.49916e+01	
56	4.928000e-03	-1.50000e+01	-1.49916e+01	-1.49916e+01	
57	5.028000e-03	-1.50000e+01	-1.49916e+01	-1.49916e+01	
58	5.128000e-03	-1.50000e+01	-1.49916e+01	-1.49916e+01	
59	5.228000e-03	-1.50000e+01	-1.49916e+01	-1.49916e+01	
60	5.328000e-03	-1.50000e+01	-1.49916e+01	-1.49916e+01	
61	5.428000e-03	-1.50000e+01	-1.49916e+01	-1.49916e+01	
62	5.528000e-03	-1.50000e+01	-1.49916e+01	-1.49916e+01	
63	5.628000e-03	-1.50000e+01	-1.49916e+01	-1.49916e+01	
64	5.728000e-03	-1.50000e+01	-1.49916e+01	-1.49916e+01	
65	5.828000e-03	-1.50000e+01	-1.49916e+01	-1.49916e+01	
66	5.928000e-03	-1.50000e+01	-1.49916e+01	-1.49916e+01	
67	6.028000e-03	-1.50000e+01	-1.49916e+01	-1.49916e+01	
68	6.128000e-03	-1.50000e+01	-1.49916e+01	-1.49916e+01	
69	6.228000e-03	-1.50000e+01	-1.49916e+01	-1.49916e+01	
70	6.328000e-03	-1.50000e+01	-1.49916e+01	-1.49916e+01	
71	6.428000e-03	-1.50000e+01	-1.49916e+01	-1.49916e+01	
72	6.528000e-03	-1.50000e+01	-1.49916e+01	-1.49916e+01	
73	6.628000e-03	-1.50000e+01	-1.49916e+01	-1.49916e+01	
74	6.728000e-03	-1.50000e+01	-1.49916e+01	-1.49916e+01	
75	6.828000e-03	-1.50000e+01	-1.49916e+01	-1.49916e+01	
76	6.928000e-03	-1.50000e+01	-1.49916e+01	-1.49916e+01	
77	7.028000e-03	-1.50000e+01	-1.49916e+01	-1.49916e+01	
78	7.128000e-03	-1.50000e+01	-1.49916e+01	-1.49916e+01	
79	7.228000e-03	-1.50000e+01	-1.49916e+01	-1.49916e+01	
80	7.328000e-03	-1.50000e+01	-1.49916e+01	-1.49916e+01	
81	7.428000e-03	-1.50000e+01	-1.49916e+01	-1.49916e+01	
82	7.528000e-03	-1.50000e+01	-1.49916e+01	-1.49915e+01	
83	7.628000e-03	-1.50000e+01	-1.49916e+01	-1.49915e+01	
84	7.728000e-03	-1.50000e+01	-1.49916e+01	-1.49915e+01	
85	7.828000e-03	-1.50000e+01	-1.49916e+01	-1.49915e+01	
86	7.928000e-03	-1.50000e+01	-1.49916e+01	-1.49915e+01	
87	8.028000e-03	-1.50000e+01	-1.49916e+01	-1.49915e+01	
88	8.128000e-03	-1.50000e+01	-1.49916e+01	-1.49915e+01	
89	8.228000e-03	-1.50000e+01	-1.49916e+01	-1.49915e+01	
90	8.328000e-03	-1.50000e+01	-1.49915e+01	-1.49915e+01	
91	8.428000e-03	-1.50000e+01	-1.49915e+01	-1.49915e+01	
92	8.528000e-03	-1.50000e+01	-1.49915e+01	-1.49915e+01	
93	8.628000e-03	-1.50000e+01	-1.49915e+01	-1.49915e+01	
94	8.728000e-03	-1.50000e+01	-1.49915e+01	-1.49915e+01	
95	8.828000e-03	-1.50000e+01	-1.49915e+01	-1.49915e+01	
96	8.928000e-03	-1.50000e+01	-1.49915e+01	-1.49915e+01	
97	9.028000e-03	-1.50000e+01	-1.49915e+01	-1.49915e+01	
98	9.128000e-03	-1.50000e+01	-1.49915e+01	-1.49915e+01	
99	9.228000e-03	-1.50000e+01	-1.49915e+01	-1.49915e+01	
100	9.328000e-03	-1.50000e+01	-1.49915e+01	-1.49915e+01	
101	9.428000e-03	-1.50000e+01	-1.49915e+01	-1.49915e+01	
102	9.528000e-03	-1.50000e+01	-1.49915e+01	-1.49915e+01	
103	9.628000e-03	-1.50000e+01	-1.49915e+01	-1.49915e+01	
104	9.728000e-03	-1.50000e+01	-1.49915e+01	-1.49915e+01	
105	9.828000e-03	-1.50000e+01	-1.49915e+01	-1.49915e+01	
106	9.928000e-03	-1.50000e+01	-1.49915e+01	-1.49915e+01	
107	1.002800e-02	-1.50000e+01	-1.49915e+01	-1.49915e+01	
108	1.012800e-02	-1.50000e+01	-1.49915e+01	-1.49915e+01	
109	1.022800e-02	-1.50000e+01	-1.49915e+01	-1.49915e+01	
110	1.032800e-02	-1.50000e+01	-1.49915e+01	-1.49915e+01	
111	1.042800e-02	-1.50000e+01	-1.49915e+01	-1.49915e+01	
112	1.052800e-02	-1.50000e+01	-1.49915e+01	-1.49915e+01	

Index   time            net-_v3-pad1_   net-_x1-pad1_   net-_x1-pad5_   
--------------------------------------------------------------------------------
113	1.062800e-02	-1.50000e+01	-1.49915e+01	-1.49915e+01	
114	1.072800e-02	-1.50000e+01	-1.49915e+01	-1.49915e+01	
115	1.082800e-02	-1.50000e+01	-1.49915e+01	-1.49915e+01	
116	1.092800e-02	-1.50000e+01	-1.49915e+01	-1.49915e+01	
117	1.102800e-02	-1.50000e+01	-1.49915e+01	-1.49915e+01	
118	1.112800e-02	-1.50000e+01	-1.49915e+01	-1.49915e+01	
119	1.122800e-02	-1.50000e+01	-1.49915e+01	-1.49915e+01	
120	1.132800e-02	-1.50000e+01	-1.49915e+01	-1.49915e+01	
121	1.142800e-02	-1.50000e+01	-1.49915e+01	-1.49915e+01	
122	1.152800e-02	-1.50000e+01	-1.49915e+01	-1.49915e+01	
123	1.162800e-02	-1.50000e+01	-1.49915e+01	-1.49915e+01	
124	1.172800e-02	-1.50000e+01	-1.49915e+01	-1.49915e+01	
125	1.182800e-02	-1.50000e+01	-1.49915e+01	-1.49915e+01	
126	1.192800e-02	-1.50000e+01	-1.49915e+01	-1.49915e+01	
127	1.202800e-02	-1.50000e+01	-1.49915e+01	-1.49915e+01	
128	1.212800e-02	-1.50000e+01	-1.49915e+01	-1.49915e+01	
129	1.222800e-02	-1.50000e+01	-1.49915e+01	-1.49915e+01	
130	1.232800e-02	-1.50000e+01	-1.49915e+01	-1.49915e+01	
131	1.242800e-02	-1.50000e+01	-1.49915e+01	-1.49915e+01	
132	1.252800e-02	-1.50000e+01	-1.49915e+01	-1.49915e+01	
133	1.262800e-02	-1.50000e+01	-1.49915e+01	-1.49915e+01	
134	1.272800e-02	-1.50000e+01	-1.49915e+01	-1.49915e+01	
135	1.282800e-02	-1.50000e+01	-1.49915e+01	-1.49915e+01	
136	1.292800e-02	-1.50000e+01	-1.49915e+01	-1.49915e+01	
137	1.302800e-02	-1.50000e+01	-1.49915e+01	-1.49915e+01	
138	1.312800e-02	-1.50000e+01	-1.49915e+01	-1.49915e+01	
139	1.322800e-02	-1.50000e+01	-1.49915e+01	-1.49915e+01	
140	1.332800e-02	-1.50000e+01	-1.49915e+01	-1.49915e+01	
141	1.342800e-02	-1.50000e+01	-1.49915e+01	-1.49915e+01	
142	1.352800e-02	-1.50000e+01	-1.49915e+01	-1.49915e+01	
143	1.362800e-02	-1.50000e+01	-1.49915e+01	-1.49915e+01	
144	1.372800e-02	-1.50000e+01	-1.49915e+01	-1.49915e+01	
145	1.382800e-02	-1.50000e+01	-1.49915e+01	-1.49915e+01	
146	1.392800e-02	-1.50000e+01	-1.49915e+01	-1.49915e+01	
147	1.402800e-02	-1.50000e+01	-1.49915e+01	-1.49915e+01	
148	1.412800e-02	-1.50000e+01	-1.49915e+01	-1.49915e+01	
149	1.422800e-02	-1.50000e+01	-1.49915e+01	-1.49915e+01	
150	1.432800e-02	-1.50000e+01	-1.49915e+01	-1.49915e+01	
151	1.442800e-02	-1.50000e+01	-1.49915e+01	-1.49915e+01	
152	1.452800e-02	-1.50000e+01	-1.49915e+01	-1.49915e+01	
153	1.462800e-02	-1.50000e+01	-1.49915e+01	-1.49915e+01	
154	1.472800e-02	-1.50000e+01	-1.49915e+01	-1.49915e+01	
155	1.482800e-02	-1.50000e+01	-1.49915e+01	-1.49915e+01	
156	1.492800e-02	-1.50000e+01	-1.49915e+01	-1.49915e+01	
157	1.502800e-02	-1.50000e+01	-1.49915e+01	-1.49915e+01	
158	1.512800e-02	-1.50000e+01	-1.49916e+01	-1.49915e+01	
159	1.522800e-02	-1.50000e+01	-1.49916e+01	-1.49915e+01	
160	1.532800e-02	-1.50000e+01	-1.49916e+01	-1.49915e+01	
161	1.542800e-02	-1.50000e+01	-1.49916e+01	-1.49915e+01	
162	1.552800e-02	-1.50000e+01	-1.49916e+01	-1.49915e+01	
163	1.562800e-02	-1.50000e+01	-1.49916e+01	-1.49915e+01	
164	1.572800e-02	-1.50000e+01	-1.49916e+01	-1.49915e+01	
165	1.582800e-02	-1.50000e+01	-1.49916e+01	-1.49915e+01	
166	1.592800e-02	-1.50000e+01	-1.49916e+01	-1.49916e+01	
167	1.602800e-02	-1.50000e+01	-1.49916e+01	-1.49916e+01	
168	1.612800e-02	-1.50000e+01	-1.49916e+01	-1.49916e+01	
169	1.622800e-02	-1.50000e+01	-1.49916e+01	-1.49916e+01	
170	1.632800e-02	-1.50000e+01	-1.49916e+01	-1.49916e+01	

Index   time            net-_v3-pad1_   net-_x1-pad1_   net-_x1-pad5_   
--------------------------------------------------------------------------------
171	1.642800e-02	-1.50000e+01	-1.49916e+01	-1.49916e+01	
172	1.652800e-02	-1.50000e+01	-1.49916e+01	-1.49916e+01	
173	1.662800e-02	-1.50000e+01	-1.49916e+01	-1.49916e+01	
174	1.672800e-02	-1.50000e+01	-1.49916e+01	-1.49916e+01	
175	1.682800e-02	-1.50000e+01	-1.49916e+01	-1.49916e+01	
176	1.692800e-02	-1.50000e+01	-1.49916e+01	-1.49916e+01	
177	1.702800e-02	-1.50000e+01	-1.49916e+01	-1.49916e+01	
178	1.712800e-02	-1.50000e+01	-1.49916e+01	-1.49916e+01	
179	1.722800e-02	-1.50000e+01	-1.49916e+01	-1.49916e+01	
180	1.732800e-02	-1.50000e+01	-1.49916e+01	-1.49916e+01	
181	1.742800e-02	-1.50000e+01	-1.49916e+01	-1.49916e+01	
182	1.752800e-02	-1.50000e+01	-1.49916e+01	-1.49916e+01	
183	1.762800e-02	-1.50000e+01	-1.49916e+01	-1.49916e+01	
184	1.772800e-02	-1.50000e+01	-1.49916e+01	-1.49916e+01	
185	1.782800e-02	-1.50000e+01	-1.49916e+01	-1.49916e+01	
186	1.792800e-02	-1.50000e+01	-1.49916e+01	-1.49916e+01	
187	1.802800e-02	-1.50000e+01	-1.49916e+01	-1.49916e+01	
188	1.812800e-02	-1.50000e+01	-1.49916e+01	-1.49916e+01	
189	1.822800e-02	-1.50000e+01	-1.49916e+01	-1.49916e+01	
190	1.832800e-02	-1.50000e+01	-1.49916e+01	-1.49916e+01	
191	1.842800e-02	-1.50000e+01	-1.49916e+01	-1.49916e+01	
192	1.852800e-02	-1.50000e+01	-1.49916e+01	-1.49916e+01	
193	1.862800e-02	-1.50000e+01	-1.49916e+01	-1.49916e+01	
194	1.872800e-02	-1.50000e+01	-1.49916e+01	-1.49916e+01	
195	1.882800e-02	-1.50000e+01	-1.49916e+01	-1.49916e+01	
196	1.892800e-02	-1.50000e+01	-1.49916e+01	-1.49916e+01	
197	1.902800e-02	-1.50000e+01	-1.49916e+01	-1.49916e+01	
198	1.912800e-02	-1.50000e+01	-1.49916e+01	-1.49916e+01	
199	1.922800e-02	-1.50000e+01	-1.49916e+01	-1.49916e+01	
200	1.932800e-02	-1.50000e+01	-1.49916e+01	-1.49916e+01	
201	1.942800e-02	-1.50000e+01	-1.49916e+01	-1.49916e+01	
202	1.952800e-02	-1.50000e+01	-1.49916e+01	-1.49916e+01	
203	1.962800e-02	-1.50000e+01	-1.49916e+01	-1.49916e+01	
204	1.972800e-02	-1.50000e+01	-1.49916e+01	-1.49916e+01	
205	1.982800e-02	-1.50000e+01	-1.49916e+01	-1.49916e+01	
206	1.992800e-02	-1.50000e+01	-1.49916e+01	-1.49916e+01	
207	2.002800e-02	-1.50000e+01	-1.49916e+01	-1.49916e+01	
208	2.012800e-02	-1.50000e+01	-1.49916e+01	-1.49916e+01	
209	2.022800e-02	-1.50000e+01	-1.49916e+01	-1.49916e+01	
210	2.032800e-02	-1.50000e+01	-1.49916e+01	-1.49916e+01	
211	2.042800e-02	-1.50000e+01	-1.49916e+01	-1.49916e+01	
212	2.052800e-02	-1.50000e+01	-1.49916e+01	-1.49916e+01	
213	2.062800e-02	-1.50000e+01	-1.49916e+01	-1.49916e+01	
214	2.072800e-02	-1.50000e+01	-1.49916e+01	-1.49916e+01	
215	2.082800e-02	-1.50000e+01	-1.49916e+01	-1.49916e+01	
216	2.092800e-02	-1.50000e+01	-1.49916e+01	-1.49916e+01	
217	2.102800e-02	-1.50000e+01	-1.49916e+01	-1.49916e+01	
218	2.112800e-02	-1.50000e+01	-1.49916e+01	-1.49916e+01	
219	2.122800e-02	-1.50000e+01	-1.49916e+01	-1.49916e+01	
220	2.132800e-02	-1.50000e+01	-1.49916e+01	-1.49916e+01	
221	2.142800e-02	-1.50000e+01	-1.49916e+01	-1.49916e+01	
222	2.152800e-02	-1.50000e+01	-1.49916e+01	-1.49916e+01	
223	2.162800e-02	-1.50000e+01	-1.49916e+01	-1.49916e+01	
224	2.172800e-02	-1.50000e+01	-1.49916e+01	-1.49916e+01	
225	2.182800e-02	-1.50000e+01	-1.49916e+01	-1.49916e+01	
226	2.192800e-02	-1.50000e+01	-1.49916e+01	-1.49916e+01	
227	2.202800e-02	-1.50000e+01	-1.49916e+01	-1.49916e+01	
228	2.212800e-02	-1.50000e+01	-1.49916e+01	-1.49916e+01	

Index   time            net-_v3-pad1_   net-_x1-pad1_   net-_x1-pad5_   
--------------------------------------------------------------------------------
229	2.222800e-02	-1.50000e+01	-1.49916e+01	-1.49916e+01	
230	2.232800e-02	-1.50000e+01	-1.49916e+01	-1.49916e+01	
231	2.242800e-02	-1.50000e+01	-1.49916e+01	-1.49916e+01	
232	2.252800e-02	-1.50000e+01	-1.49916e+01	-1.49916e+01	
233	2.262800e-02	-1.50000e+01	-1.49916e+01	-1.49916e+01	
234	2.272800e-02	-1.50000e+01	-1.49916e+01	-1.49916e+01	
235	2.282800e-02	-1.50000e+01	-1.49916e+01	-1.49916e+01	
236	2.292800e-02	-1.50000e+01	-1.49916e+01	-1.49916e+01	
237	2.302800e-02	-1.50000e+01	-1.49916e+01	-1.49916e+01	
238	2.312800e-02	-1.50000e+01	-1.49916e+01	-1.49916e+01	
239	2.322800e-02	-1.50000e+01	-1.49916e+01	-1.49916e+01	
240	2.332800e-02	-1.50000e+01	-1.49916e+01	-1.49916e+01	
241	2.342800e-02	-1.50000e+01	-1.49916e+01	-1.49916e+01	
242	2.352800e-02	-1.50000e+01	-1.49916e+01	-1.49916e+01	
243	2.362800e-02	-1.50000e+01	-1.49916e+01	-1.49916e+01	
244	2.372800e-02	-1.50000e+01	-1.49916e+01	-1.49916e+01	
245	2.382800e-02	-1.50000e+01	-1.49916e+01	-1.49916e+01	
246	2.392800e-02	-1.50000e+01	-1.49916e+01	-1.49916e+01	
247	2.402800e-02	-1.50000e+01	-1.49916e+01	-1.49916e+01	
248	2.412800e-02	-1.50000e+01	-1.49916e+01	-1.49916e+01	
249	2.422800e-02	-1.50000e+01	-1.49916e+01	-1.49916e+01	
250	2.432800e-02	-1.50000e+01	-1.49916e+01	-1.49916e+01	
251	2.442800e-02	-1.50000e+01	-1.49916e+01	-1.49916e+01	
252	2.452800e-02	-1.50000e+01	-1.49916e+01	-1.49916e+01	
253	2.462800e-02	-1.50000e+01	-1.49916e+01	-1.49916e+01	
254	2.472800e-02	-1.50000e+01	-1.49916e+01	-1.49916e+01	
255	2.482800e-02	-1.50000e+01	-1.49916e+01	-1.49916e+01	
256	2.492800e-02	-1.50000e+01	-1.49916e+01	-1.49916e+01	
257	2.502800e-02	-1.50000e+01	-1.49916e+01	-1.49916e+01	
258	2.512800e-02	-1.50000e+01	-1.49916e+01	-1.49916e+01	
259	2.522800e-02	-1.50000e+01	-1.49916e+01	-1.49916e+01	
260	2.532800e-02	-1.50000e+01	-1.49916e+01	-1.49916e+01	
261	2.542800e-02	-1.50000e+01	-1.49916e+01	-1.49916e+01	
262	2.552800e-02	-1.50000e+01	-1.49916e+01	-1.49916e+01	
263	2.562800e-02	-1.50000e+01	-1.49916e+01	-1.49916e+01	
264	2.572800e-02	-1.50000e+01	-1.49916e+01	-1.49916e+01	
265	2.582800e-02	-1.50000e+01	-1.49916e+01	-1.49916e+01	
266	2.592800e-02	-1.50000e+01	-1.49916e+01	-1.49916e+01	
267	2.602800e-02	-1.50000e+01	-1.49916e+01	-1.49916e+01	
268	2.612800e-02	-1.50000e+01	-1.49916e+01	-1.49916e+01	
269	2.622800e-02	-1.50000e+01	-1.49916e+01	-1.49916e+01	
270	2.632800e-02	-1.50000e+01	-1.49916e+01	-1.49916e+01	
271	2.642800e-02	-1.50000e+01	-1.49916e+01	-1.49916e+01	
272	2.652800e-02	-1.50000e+01	-1.49916e+01	-1.49916e+01	
273	2.662800e-02	-1.50000e+01	-1.49916e+01	-1.49916e+01	
274	2.672800e-02	-1.50000e+01	-1.49916e+01	-1.49916e+01	
275	2.682800e-02	-1.50000e+01	-1.49916e+01	-1.49916e+01	
276	2.692800e-02	-1.50000e+01	-1.49916e+01	-1.49916e+01	
277	2.702800e-02	-1.50000e+01	-1.49916e+01	-1.49916e+01	
278	2.712800e-02	-1.50000e+01	-1.49916e+01	-1.49916e+01	
279	2.722800e-02	-1.50000e+01	-1.49916e+01	-1.49916e+01	
280	2.732800e-02	-1.50000e+01	-1.49916e+01	-1.49916e+01	
281	2.742800e-02	-1.50000e+01	-1.49916e+01	-1.49916e+01	
282	2.752800e-02	-1.50000e+01	-1.49916e+01	-1.49915e+01	
283	2.762800e-02	-1.50000e+01	-1.49916e+01	-1.49915e+01	
284	2.772800e-02	-1.50000e+01	-1.49916e+01	-1.49915e+01	
285	2.782800e-02	-1.50000e+01	-1.49916e+01	-1.49915e+01	
286	2.792800e-02	-1.50000e+01	-1.49916e+01	-1.49915e+01	

Index   time            net-_v3-pad1_   net-_x1-pad1_   net-_x1-pad5_   
--------------------------------------------------------------------------------
287	2.802800e-02	-1.50000e+01	-1.49916e+01	-1.49915e+01	
288	2.812800e-02	-1.50000e+01	-1.49916e+01	-1.49915e+01	
289	2.822800e-02	-1.50000e+01	-1.49916e+01	-1.49915e+01	
290	2.832800e-02	-1.50000e+01	-1.49915e+01	-1.49915e+01	
291	2.842800e-02	-1.50000e+01	-1.49915e+01	-1.49915e+01	
292	2.852800e-02	-1.50000e+01	-1.49915e+01	-1.49915e+01	
293	2.862800e-02	-1.50000e+01	-1.49915e+01	-1.49915e+01	
294	2.872800e-02	-1.50000e+01	-1.49915e+01	-1.49915e+01	
295	2.882800e-02	-1.50000e+01	-1.49915e+01	-1.49915e+01	
296	2.892800e-02	-1.50000e+01	-1.49915e+01	-1.49915e+01	
297	2.902800e-02	-1.50000e+01	-1.49915e+01	-1.49915e+01	
298	2.912800e-02	-1.50000e+01	-1.49915e+01	-1.49915e+01	
299	2.922800e-02	-1.50000e+01	-1.49915e+01	-1.49915e+01	
300	2.932800e-02	-1.50000e+01	-1.49915e+01	-1.49915e+01	
301	2.942800e-02	-1.50000e+01	-1.49915e+01	-1.49915e+01	
302	2.952800e-02	-1.50000e+01	-1.49915e+01	-1.49915e+01	
303	2.962800e-02	-1.50000e+01	-1.49915e+01	-1.49915e+01	
304	2.972800e-02	-1.50000e+01	-1.49915e+01	-1.49915e+01	
305	2.982800e-02	-1.50000e+01	-1.49915e+01	-1.49915e+01	
306	2.992800e-02	-1.50000e+01	-1.49915e+01	-1.49915e+01	
307	3.002800e-02	-1.50000e+01	-1.49915e+01	-1.49915e+01	
308	3.012800e-02	-1.50000e+01	-1.49915e+01	-1.49915e+01	
309	3.022800e-02	-1.50000e+01	-1.49915e+01	-1.49915e+01	
310	3.032800e-02	-1.50000e+01	-1.49915e+01	-1.49915e+01	
311	3.042800e-02	-1.50000e+01	-1.49915e+01	-1.49915e+01	
312	3.052800e-02	-1.50000e+01	-1.49915e+01	-1.49915e+01	
313	3.062800e-02	-1.50000e+01	-1.49915e+01	-1.49915e+01	
314	3.072800e-02	-1.50000e+01	-1.49915e+01	-1.49915e+01	
315	3.082800e-02	-1.50000e+01	-1.49915e+01	-1.49915e+01	
316	3.092800e-02	-1.50000e+01	-1.49915e+01	-1.49915e+01	
317	3.102800e-02	-1.50000e+01	-1.49915e+01	-1.49915e+01	
318	3.112800e-02	-1.50000e+01	-1.49915e+01	-1.49915e+01	
319	3.122800e-02	-1.50000e+01	-1.49915e+01	-1.49915e+01	
320	3.132800e-02	-1.50000e+01	-1.49915e+01	-1.49915e+01	
321	3.142800e-02	-1.50000e+01	-1.49915e+01	-1.49915e+01	
322	3.152800e-02	-1.50000e+01	-1.49915e+01	-1.49915e+01	
323	3.162800e-02	-1.50000e+01	-1.49915e+01	-1.49915e+01	
324	3.172800e-02	-1.50000e+01	-1.49915e+01	-1.49915e+01	
325	3.182800e-02	-1.50000e+01	-1.49915e+01	-1.49915e+01	
326	3.192800e-02	-1.50000e+01	-1.49915e+01	-1.49915e+01	
327	3.202800e-02	-1.50000e+01	-1.49915e+01	-1.49915e+01	
328	3.212800e-02	-1.50000e+01	-1.49915e+01	-1.49915e+01	
329	3.222800e-02	-1.50000e+01	-1.49915e+01	-1.49915e+01	
330	3.232800e-02	-1.50000e+01	-1.49915e+01	-1.49915e+01	
331	3.242800e-02	-1.50000e+01	-1.49915e+01	-1.49915e+01	
332	3.252800e-02	-1.50000e+01	-1.49915e+01	-1.49915e+01	
333	3.262800e-02	-1.50000e+01	-1.49915e+01	-1.49915e+01	
334	3.272800e-02	-1.50000e+01	-1.49915e+01	-1.49915e+01	
335	3.282800e-02	-1.50000e+01	-1.49915e+01	-1.49915e+01	
336	3.292800e-02	-1.50000e+01	-1.49915e+01	-1.49915e+01	
337	3.302800e-02	-1.50000e+01	-1.49915e+01	-1.49915e+01	
338	3.312800e-02	-1.50000e+01	-1.49915e+01	-1.49915e+01	
339	3.322800e-02	-1.50000e+01	-1.49915e+01	-1.49915e+01	
340	3.332800e-02	-1.50000e+01	-1.49915e+01	-1.49915e+01	
341	3.342800e-02	-1.50000e+01	-1.49915e+01	-1.49915e+01	
342	3.352800e-02	-1.50000e+01	-1.49915e+01	-1.49915e+01	
343	3.362800e-02	-1.50000e+01	-1.49915e+01	-1.49915e+01	
344	3.372800e-02	-1.50000e+01	-1.49915e+01	-1.49915e+01	

Index   time            net-_v3-pad1_   net-_x1-pad1_   net-_x1-pad5_   
--------------------------------------------------------------------------------
345	3.382800e-02	-1.50000e+01	-1.49915e+01	-1.49915e+01	
346	3.392800e-02	-1.50000e+01	-1.49915e+01	-1.49915e+01	
347	3.402800e-02	-1.50000e+01	-1.49915e+01	-1.49915e+01	
348	3.412800e-02	-1.50000e+01	-1.49915e+01	-1.49915e+01	
349	3.422800e-02	-1.50000e+01	-1.49915e+01	-1.49915e+01	
350	3.432800e-02	-1.50000e+01	-1.49915e+01	-1.49915e+01	
351	3.442800e-02	-1.50000e+01	-1.49915e+01	-1.49915e+01	
352	3.452800e-02	-1.50000e+01	-1.49915e+01	-1.49915e+01	
353	3.462800e-02	-1.50000e+01	-1.49915e+01	-1.49915e+01	
354	3.472800e-02	-1.50000e+01	-1.49915e+01	-1.49915e+01	
355	3.482800e-02	-1.50000e+01	-1.49915e+01	-1.49915e+01	
356	3.492800e-02	-1.50000e+01	-1.49915e+01	-1.49915e+01	
357	3.502800e-02	-1.50000e+01	-1.49915e+01	-1.49915e+01	
358	3.512800e-02	-1.50000e+01	-1.49916e+01	-1.49915e+01	
359	3.522800e-02	-1.50000e+01	-1.49916e+01	-1.49915e+01	
360	3.532800e-02	-1.50000e+01	-1.49916e+01	-1.49915e+01	
361	3.542800e-02	-1.50000e+01	-1.49916e+01	-1.49915e+01	
362	3.552800e-02	-1.50000e+01	-1.49916e+01	-1.49915e+01	
363	3.562800e-02	-1.50000e+01	-1.49916e+01	-1.49915e+01	
364	3.572800e-02	-1.50000e+01	-1.49916e+01	-1.49915e+01	
365	3.582800e-02	-1.50000e+01	-1.49916e+01	-1.49915e+01	
366	3.592800e-02	-1.50000e+01	-1.49916e+01	-1.49916e+01	
367	3.602800e-02	-1.50000e+01	-1.49916e+01	-1.49916e+01	
368	3.612800e-02	-1.50000e+01	-1.49916e+01	-1.49916e+01	
369	3.622800e-02	-1.50000e+01	-1.49916e+01	-1.49916e+01	
370	3.632800e-02	-1.50000e+01	-1.49916e+01	-1.49916e+01	
371	3.642800e-02	-1.50000e+01	-1.49916e+01	-1.49916e+01	
372	3.652800e-02	-1.50000e+01	-1.49916e+01	-1.49916e+01	
373	3.662800e-02	-1.50000e+01	-1.49916e+01	-1.49916e+01	
374	3.672800e-02	-1.50000e+01	-1.49916e+01	-1.49916e+01	
375	3.682800e-02	-1.50000e+01	-1.49916e+01	-1.49916e+01	
376	3.692800e-02	-1.50000e+01	-1.49916e+01	-1.49916e+01	
377	3.702800e-02	-1.50000e+01	-1.49916e+01	-1.49916e+01	
378	3.712800e-02	-1.50000e+01	-1.49916e+01	-1.49916e+01	
379	3.722800e-02	-1.50000e+01	-1.49916e+01	-1.49916e+01	
380	3.732800e-02	-1.50000e+01	-1.49916e+01	-1.49916e+01	
381	3.742800e-02	-1.50000e+01	-1.49916e+01	-1.49916e+01	
382	3.752800e-02	-1.50000e+01	-1.49916e+01	-1.49916e+01	
383	3.762800e-02	-1.50000e+01	-1.49916e+01	-1.49916e+01	
384	3.772800e-02	-1.50000e+01	-1.49916e+01	-1.49916e+01	
385	3.782800e-02	-1.50000e+01	-1.49916e+01	-1.49916e+01	
386	3.792800e-02	-1.50000e+01	-1.49916e+01	-1.49916e+01	
387	3.802800e-02	-1.50000e+01	-1.49916e+01	-1.49916e+01	
388	3.812800e-02	-1.50000e+01	-1.49916e+01	-1.49916e+01	
389	3.822800e-02	-1.50000e+01	-1.49916e+01	-1.49916e+01	
390	3.832800e-02	-1.50000e+01	-1.49916e+01	-1.49916e+01	
391	3.842800e-02	-1.50000e+01	-1.49916e+01	-1.49916e+01	
392	3.852800e-02	-1.50000e+01	-1.49916e+01	-1.49916e+01	
393	3.862800e-02	-1.50000e+01	-1.49916e+01	-1.49916e+01	
394	3.872800e-02	-1.50000e+01	-1.49916e+01	-1.49916e+01	
395	3.882800e-02	-1.50000e+01	-1.49916e+01	-1.49916e+01	
396	3.892800e-02	-1.50000e+01	-1.49916e+01	-1.49916e+01	
397	3.902800e-02	-1.50000e+01	-1.49916e+01	-1.49916e+01	
398	3.912800e-02	-1.50000e+01	-1.49916e+01	-1.49916e+01	
399	3.922800e-02	-1.50000e+01	-1.49916e+01	-1.49916e+01	
400	3.932800e-02	-1.50000e+01	-1.49916e+01	-1.49916e+01	
401	3.942800e-02	-1.50000e+01	-1.49916e+01	-1.49916e+01	
402	3.952800e-02	-1.50000e+01	-1.49916e+01	-1.49916e+01	

Index   time            net-_v3-pad1_   net-_x1-pad1_   net-_x1-pad5_   
--------------------------------------------------------------------------------
403	3.962800e-02	-1.50000e+01	-1.49916e+01	-1.49916e+01	
404	3.972800e-02	-1.50000e+01	-1.49916e+01	-1.49916e+01	
405	3.982800e-02	-1.50000e+01	-1.49916e+01	-1.49916e+01	
406	3.992800e-02	-1.50000e+01	-1.49916e+01	-1.49916e+01	
407	4.002800e-02	-1.50000e+01	-1.49916e+01	-1.49916e+01	
408	4.012800e-02	-1.50000e+01	-1.49916e+01	-1.49916e+01	
409	4.022800e-02	-1.50000e+01	-1.49916e+01	-1.49916e+01	
410	4.032800e-02	-1.50000e+01	-1.49916e+01	-1.49916e+01	
411	4.042800e-02	-1.50000e+01	-1.49916e+01	-1.49916e+01	
412	4.052800e-02	-1.50000e+01	-1.49916e+01	-1.49916e+01	
413	4.062800e-02	-1.50000e+01	-1.49916e+01	-1.49916e+01	
414	4.072800e-02	-1.50000e+01	-1.49916e+01	-1.49916e+01	
415	4.082800e-02	-1.50000e+01	-1.49916e+01	-1.49916e+01	
416	4.092800e-02	-1.50000e+01	-1.49916e+01	-1.49916e+01	
417	4.102800e-02	-1.50000e+01	-1.49916e+01	-1.49916e+01	
418	4.112800e-02	-1.50000e+01	-1.49916e+01	-1.49916e+01	
419	4.122800e-02	-1.50000e+01	-1.49916e+01	-1.49916e+01	
420	4.132800e-02	-1.50000e+01	-1.49916e+01	-1.49916e+01	
421	4.142800e-02	-1.50000e+01	-1.49916e+01	-1.49916e+01	
422	4.152800e-02	-1.50000e+01	-1.49916e+01	-1.49916e+01	
423	4.162800e-02	-1.50000e+01	-1.49916e+01	-1.49916e+01	
424	4.172800e-02	-1.50000e+01	-1.49916e+01	-1.49916e+01	
425	4.182800e-02	-1.50000e+01	-1.49916e+01	-1.49916e+01	
426	4.192800e-02	-1.50000e+01	-1.49916e+01	-1.49916e+01	
427	4.202800e-02	-1.50000e+01	-1.49916e+01	-1.49916e+01	
428	4.212800e-02	-1.50000e+01	-1.49916e+01	-1.49916e+01	
429	4.222800e-02	-1.50000e+01	-1.49916e+01	-1.49916e+01	
430	4.232800e-02	-1.50000e+01	-1.49916e+01	-1.49916e+01	
431	4.242800e-02	-1.50000e+01	-1.49916e+01	-1.49916e+01	
432	4.252800e-02	-1.50000e+01	-1.49916e+01	-1.49916e+01	
433	4.262800e-02	-1.50000e+01	-1.49916e+01	-1.49916e+01	
434	4.272800e-02	-1.50000e+01	-1.49916e+01	-1.49916e+01	
435	4.282800e-02	-1.50000e+01	-1.49916e+01	-1.49916e+01	
436	4.292800e-02	-1.50000e+01	-1.49916e+01	-1.49916e+01	
437	4.302800e-02	-1.50000e+01	-1.49916e+01	-1.49916e+01	
438	4.312800e-02	-1.50000e+01	-1.49916e+01	-1.49916e+01	
439	4.322800e-02	-1.50000e+01	-1.49916e+01	-1.49916e+01	
440	4.332800e-02	-1.50000e+01	-1.49916e+01	-1.49916e+01	
441	4.342800e-02	-1.50000e+01	-1.49916e+01	-1.49916e+01	
442	4.352800e-02	-1.50000e+01	-1.49916e+01	-1.49916e+01	
443	4.362800e-02	-1.50000e+01	-1.49916e+01	-1.49916e+01	
444	4.372800e-02	-1.50000e+01	-1.49916e+01	-1.49916e+01	
445	4.382800e-02	-1.50000e+01	-1.49916e+01	-1.49916e+01	
446	4.392800e-02	-1.50000e+01	-1.49916e+01	-1.49916e+01	
447	4.402800e-02	-1.50000e+01	-1.49916e+01	-1.49916e+01	
448	4.412800e-02	-1.50000e+01	-1.49916e+01	-1.49916e+01	
449	4.422800e-02	-1.50000e+01	-1.49916e+01	-1.49916e+01	
450	4.432800e-02	-1.50000e+01	-1.49916e+01	-1.49916e+01	
451	4.442800e-02	-1.50000e+01	-1.49916e+01	-1.49916e+01	
452	4.452800e-02	-1.50000e+01	-1.49916e+01	-1.49916e+01	
453	4.462800e-02	-1.50000e+01	-1.49916e+01	-1.49916e+01	
454	4.472800e-02	-1.50000e+01	-1.49916e+01	-1.49916e+01	
455	4.482800e-02	-1.50000e+01	-1.49916e+01	-1.49916e+01	
456	4.492800e-02	-1.50000e+01	-1.49916e+01	-1.49916e+01	
457	4.502800e-02	-1.50000e+01	-1.49916e+01	-1.49916e+01	
458	4.512800e-02	-1.50000e+01	-1.49916e+01	-1.49916e+01	
459	4.522800e-02	-1.50000e+01	-1.49916e+01	-1.49916e+01	
460	4.532800e-02	-1.50000e+01	-1.49916e+01	-1.49916e+01	

Index   time            net-_v3-pad1_   net-_x1-pad1_   net-_x1-pad5_   
--------------------------------------------------------------------------------
461	4.542800e-02	-1.50000e+01	-1.49916e+01	-1.49916e+01	
462	4.552800e-02	-1.50000e+01	-1.49916e+01	-1.49916e+01	
463	4.562800e-02	-1.50000e+01	-1.49916e+01	-1.49916e+01	
464	4.572800e-02	-1.50000e+01	-1.49916e+01	-1.49916e+01	
465	4.582800e-02	-1.50000e+01	-1.49916e+01	-1.49916e+01	
466	4.592800e-02	-1.50000e+01	-1.49916e+01	-1.49916e+01	
467	4.602800e-02	-1.50000e+01	-1.49916e+01	-1.49916e+01	
468	4.612800e-02	-1.50000e+01	-1.49916e+01	-1.49916e+01	
469	4.622800e-02	-1.50000e+01	-1.49916e+01	-1.49916e+01	
470	4.632800e-02	-1.50000e+01	-1.49916e+01	-1.49916e+01	
471	4.642800e-02	-1.50000e+01	-1.49916e+01	-1.49916e+01	
472	4.652800e-02	-1.50000e+01	-1.49916e+01	-1.49916e+01	
473	4.662800e-02	-1.50000e+01	-1.49916e+01	-1.49916e+01	
474	4.672800e-02	-1.50000e+01	-1.49916e+01	-1.49916e+01	
475	4.682800e-02	-1.50000e+01	-1.49916e+01	-1.49916e+01	
476	4.692800e-02	-1.50000e+01	-1.49916e+01	-1.49916e+01	
477	4.702800e-02	-1.50000e+01	-1.49916e+01	-1.49916e+01	
478	4.712800e-02	-1.50000e+01	-1.49916e+01	-1.49916e+01	
479	4.722800e-02	-1.50000e+01	-1.49916e+01	-1.49916e+01	
480	4.732800e-02	-1.50000e+01	-1.49916e+01	-1.49916e+01	
481	4.742800e-02	-1.50000e+01	-1.49916e+01	-1.49916e+01	
482	4.752800e-02	-1.50000e+01	-1.49916e+01	-1.49915e+01	
483	4.762800e-02	-1.50000e+01	-1.49916e+01	-1.49915e+01	
484	4.772800e-02	-1.50000e+01	-1.49916e+01	-1.49915e+01	
485	4.782800e-02	-1.50000e+01	-1.49916e+01	-1.49915e+01	
486	4.792800e-02	-1.50000e+01	-1.49916e+01	-1.49915e+01	
487	4.802800e-02	-1.50000e+01	-1.49916e+01	-1.49915e+01	
488	4.812800e-02	-1.50000e+01	-1.49916e+01	-1.49915e+01	
489	4.822800e-02	-1.50000e+01	-1.49916e+01	-1.49915e+01	
490	4.832800e-02	-1.50000e+01	-1.49915e+01	-1.49915e+01	
491	4.842800e-02	-1.50000e+01	-1.49915e+01	-1.49915e+01	
492	4.852800e-02	-1.50000e+01	-1.49915e+01	-1.49915e+01	
493	4.862800e-02	-1.50000e+01	-1.49915e+01	-1.49915e+01	
494	4.872800e-02	-1.50000e+01	-1.49915e+01	-1.49915e+01	
495	4.882800e-02	-1.50000e+01	-1.49915e+01	-1.49915e+01	
496	4.892800e-02	-1.50000e+01	-1.49915e+01	-1.49915e+01	
497	4.902800e-02	-1.50000e+01	-1.49915e+01	-1.49915e+01	
498	4.912800e-02	-1.50000e+01	-1.49915e+01	-1.49915e+01	
499	4.922800e-02	-1.50000e+01	-1.49915e+01	-1.49915e+01	
500	4.932800e-02	-1.50000e+01	-1.49915e+01	-1.49915e+01	
501	4.942800e-02	-1.50000e+01	-1.49915e+01	-1.49915e+01	
502	4.952800e-02	-1.50000e+01	-1.49915e+01	-1.49915e+01	
503	4.962800e-02	-1.50000e+01	-1.49915e+01	-1.49915e+01	
504	4.972800e-02	-1.50000e+01	-1.49915e+01	-1.49915e+01	
505	4.982800e-02	-1.50000e+01	-1.49915e+01	-1.49915e+01	
506	4.992800e-02	-1.50000e+01	-1.49915e+01	-1.49915e+01	
507	5.002800e-02	-1.50000e+01	-1.49915e+01	-1.49915e+01	
508	5.012800e-02	-1.50000e+01	-1.49915e+01	-1.49915e+01	
509	5.022800e-02	-1.50000e+01	-1.49915e+01	-1.49915e+01	
510	5.032800e-02	-1.50000e+01	-1.49915e+01	-1.49915e+01	
511	5.042800e-02	-1.50000e+01	-1.49915e+01	-1.49915e+01	
512	5.052800e-02	-1.50000e+01	-1.49915e+01	-1.49915e+01	
513	5.062800e-02	-1.50000e+01	-1.49915e+01	-1.49915e+01	
514	5.072800e-02	-1.50000e+01	-1.49915e+01	-1.49915e+01	
515	5.082800e-02	-1.50000e+01	-1.49915e+01	-1.49915e+01	
516	5.092800e-02	-1.50000e+01	-1.49915e+01	-1.49915e+01	
517	5.102800e-02	-1.50000e+01	-1.49915e+01	-1.49915e+01	
518	5.112800e-02	-1.50000e+01	-1.49915e+01	-1.49915e+01	

Index   time            net-_v3-pad1_   net-_x1-pad1_   net-_x1-pad5_   
--------------------------------------------------------------------------------
519	5.122800e-02	-1.50000e+01	-1.49915e+01	-1.49915e+01	
520	5.132800e-02	-1.50000e+01	-1.49915e+01	-1.49915e+01	
521	5.142800e-02	-1.50000e+01	-1.49915e+01	-1.49915e+01	
522	5.152800e-02	-1.50000e+01	-1.49915e+01	-1.49915e+01	
523	5.162800e-02	-1.50000e+01	-1.49915e+01	-1.49915e+01	
524	5.172800e-02	-1.50000e+01	-1.49915e+01	-1.49915e+01	
525	5.182800e-02	-1.50000e+01	-1.49915e+01	-1.49915e+01	
526	5.192800e-02	-1.50000e+01	-1.49915e+01	-1.49915e+01	
527	5.202800e-02	-1.50000e+01	-1.49915e+01	-1.49915e+01	
528	5.212800e-02	-1.50000e+01	-1.49915e+01	-1.49915e+01	
529	5.222800e-02	-1.50000e+01	-1.49915e+01	-1.49915e+01	
530	5.232800e-02	-1.50000e+01	-1.49915e+01	-1.49915e+01	
531	5.242800e-02	-1.50000e+01	-1.49915e+01	-1.49915e+01	
532	5.252800e-02	-1.50000e+01	-1.49915e+01	-1.49915e+01	
533	5.262800e-02	-1.50000e+01	-1.49915e+01	-1.49915e+01	
534	5.272800e-02	-1.50000e+01	-1.49915e+01	-1.49915e+01	
535	5.282800e-02	-1.50000e+01	-1.49915e+01	-1.49915e+01	
536	5.292800e-02	-1.50000e+01	-1.49915e+01	-1.49915e+01	
537	5.302800e-02	-1.50000e+01	-1.49915e+01	-1.49915e+01	
538	5.312800e-02	-1.50000e+01	-1.49915e+01	-1.49915e+01	
539	5.322800e-02	-1.50000e+01	-1.49915e+01	-1.49915e+01	
540	5.332800e-02	-1.50000e+01	-1.49915e+01	-1.49915e+01	
541	5.342800e-02	-1.50000e+01	-1.49915e+01	-1.49915e+01	
542	5.352800e-02	-1.50000e+01	-1.49915e+01	-1.49915e+01	
543	5.362800e-02	-1.50000e+01	-1.49915e+01	-1.49915e+01	
544	5.372800e-02	-1.50000e+01	-1.49915e+01	-1.49915e+01	
545	5.382800e-02	-1.50000e+01	-1.49915e+01	-1.49915e+01	
546	5.392800e-02	-1.50000e+01	-1.49915e+01	-1.49915e+01	
547	5.402800e-02	-1.50000e+01	-1.49915e+01	-1.49915e+01	
548	5.412800e-02	-1.50000e+01	-1.49915e+01	-1.49915e+01	
549	5.422800e-02	-1.50000e+01	-1.49915e+01	-1.49915e+01	
550	5.432800e-02	-1.50000e+01	-1.49915e+01	-1.49915e+01	
551	5.442800e-02	-1.50000e+01	-1.49915e+01	-1.49915e+01	
552	5.452800e-02	-1.50000e+01	-1.49915e+01	-1.49915e+01	
553	5.462800e-02	-1.50000e+01	-1.49915e+01	-1.49915e+01	
554	5.472800e-02	-1.50000e+01	-1.49915e+01	-1.49915e+01	
555	5.482800e-02	-1.50000e+01	-1.49915e+01	-1.49915e+01	
556	5.492800e-02	-1.50000e+01	-1.49915e+01	-1.49915e+01	
557	5.502800e-02	-1.50000e+01	-1.49915e+01	-1.49915e+01	
558	5.512800e-02	-1.50000e+01	-1.49916e+01	-1.49915e+01	
559	5.522800e-02	-1.50000e+01	-1.49916e+01	-1.49915e+01	
560	5.532800e-02	-1.50000e+01	-1.49916e+01	-1.49915e+01	
561	5.542800e-02	-1.50000e+01	-1.49916e+01	-1.49915e+01	
562	5.552800e-02	-1.50000e+01	-1.49916e+01	-1.49915e+01	
563	5.562800e-02	-1.50000e+01	-1.49916e+01	-1.49915e+01	
564	5.572800e-02	-1.50000e+01	-1.49916e+01	-1.49915e+01	
565	5.582800e-02	-1.50000e+01	-1.49916e+01	-1.49915e+01	
566	5.592800e-02	-1.50000e+01	-1.49916e+01	-1.49916e+01	
567	5.602800e-02	-1.50000e+01	-1.49916e+01	-1.49916e+01	
568	5.612800e-02	-1.50000e+01	-1.49916e+01	-1.49916e+01	
569	5.622800e-02	-1.50000e+01	-1.49916e+01	-1.49916e+01	
570	5.632800e-02	-1.50000e+01	-1.49916e+01	-1.49916e+01	
571	5.642800e-02	-1.50000e+01	-1.49916e+01	-1.49916e+01	
572	5.652800e-02	-1.50000e+01	-1.49916e+01	-1.49916e+01	
573	5.662800e-02	-1.50000e+01	-1.49916e+01	-1.49916e+01	
574	5.672800e-02	-1.50000e+01	-1.49916e+01	-1.49916e+01	
575	5.682800e-02	-1.50000e+01	-1.49916e+01	-1.49916e+01	
576	5.692800e-02	-1.50000e+01	-1.49916e+01	-1.49916e+01	

Index   time            net-_v3-pad1_   net-_x1-pad1_   net-_x1-pad5_   
--------------------------------------------------------------------------------
577	5.702800e-02	-1.50000e+01	-1.49916e+01	-1.49916e+01	
578	5.712800e-02	-1.50000e+01	-1.49916e+01	-1.49916e+01	
579	5.722800e-02	-1.50000e+01	-1.49916e+01	-1.49916e+01	
580	5.732800e-02	-1.50000e+01	-1.49916e+01	-1.49916e+01	
581	5.742800e-02	-1.50000e+01	-1.49916e+01	-1.49916e+01	
582	5.752800e-02	-1.50000e+01	-1.49916e+01	-1.49916e+01	
583	5.762800e-02	-1.50000e+01	-1.49916e+01	-1.49916e+01	
584	5.772800e-02	-1.50000e+01	-1.49916e+01	-1.49916e+01	
585	5.782800e-02	-1.50000e+01	-1.49916e+01	-1.49916e+01	
586	5.792800e-02	-1.50000e+01	-1.49916e+01	-1.49916e+01	
587	5.802800e-02	-1.50000e+01	-1.49916e+01	-1.49916e+01	
588	5.812800e-02	-1.50000e+01	-1.49916e+01	-1.49916e+01	
589	5.822800e-02	-1.50000e+01	-1.49916e+01	-1.49916e+01	
590	5.832800e-02	-1.50000e+01	-1.49916e+01	-1.49916e+01	
591	5.842800e-02	-1.50000e+01	-1.49916e+01	-1.49916e+01	
592	5.852800e-02	-1.50000e+01	-1.49916e+01	-1.49916e+01	
593	5.862800e-02	-1.50000e+01	-1.49916e+01	-1.49916e+01	
594	5.872800e-02	-1.50000e+01	-1.49916e+01	-1.49916e+01	
595	5.882800e-02	-1.50000e+01	-1.49916e+01	-1.49916e+01	
596	5.892800e-02	-1.50000e+01	-1.49916e+01	-1.49916e+01	
597	5.902800e-02	-1.50000e+01	-1.49916e+01	-1.49916e+01	
598	5.912800e-02	-1.50000e+01	-1.49916e+01	-1.49916e+01	
599	5.922800e-02	-1.50000e+01	-1.49916e+01	-1.49916e+01	
600	5.932800e-02	-1.50000e+01	-1.49916e+01	-1.49916e+01	
601	5.942800e-02	-1.50000e+01	-1.49916e+01	-1.49916e+01	
602	5.952800e-02	-1.50000e+01	-1.49916e+01	-1.49916e+01	
603	5.962800e-02	-1.50000e+01	-1.49916e+01	-1.49916e+01	
604	5.972800e-02	-1.50000e+01	-1.49916e+01	-1.49916e+01	
605	5.982800e-02	-1.50000e+01	-1.49916e+01	-1.49916e+01	
606	5.992800e-02	-1.50000e+01	-1.49916e+01	-1.49916e+01	
607	6.002800e-02	-1.50000e+01	-1.49916e+01	-1.49916e+01	
608	6.012800e-02	-1.50000e+01	-1.49916e+01	-1.49916e+01	
609	6.022800e-02	-1.50000e+01	-1.49916e+01	-1.49916e+01	
610	6.032800e-02	-1.50000e+01	-1.49916e+01	-1.49916e+01	
611	6.042800e-02	-1.50000e+01	-1.49916e+01	-1.49916e+01	
612	6.052800e-02	-1.50000e+01	-1.49916e+01	-1.49916e+01	
613	6.062800e-02	-1.50000e+01	-1.49916e+01	-1.49916e+01	
614	6.072800e-02	-1.50000e+01	-1.49916e+01	-1.49916e+01	
615	6.082800e-02	-1.50000e+01	-1.49916e+01	-1.49916e+01	
616	6.092800e-02	-1.50000e+01	-1.49916e+01	-1.49916e+01	
617	6.102800e-02	-1.50000e+01	-1.49916e+01	-1.49916e+01	
618	6.112800e-02	-1.50000e+01	-1.49916e+01	-1.49916e+01	
619	6.122800e-02	-1.50000e+01	-1.49916e+01	-1.49916e+01	
620	6.132800e-02	-1.50000e+01	-1.49916e+01	-1.49916e+01	
621	6.142800e-02	-1.50000e+01	-1.49916e+01	-1.49916e+01	
622	6.152800e-02	-1.50000e+01	-1.49916e+01	-1.49916e+01	
623	6.162800e-02	-1.50000e+01	-1.49916e+01	-1.49916e+01	
624	6.172800e-02	-1.50000e+01	-1.49916e+01	-1.49916e+01	
625	6.182800e-02	-1.50000e+01	-1.49916e+01	-1.49916e+01	
626	6.192800e-02	-1.50000e+01	-1.49916e+01	-1.49916e+01	
627	6.202800e-02	-1.50000e+01	-1.49916e+01	-1.49916e+01	
628	6.212800e-02	-1.50000e+01	-1.49916e+01	-1.49916e+01	
629	6.222800e-02	-1.50000e+01	-1.49916e+01	-1.49916e+01	
630	6.232800e-02	-1.50000e+01	-1.49916e+01	-1.49916e+01	
631	6.242800e-02	-1.50000e+01	-1.49916e+01	-1.49916e+01	
632	6.252800e-02	-1.50000e+01	-1.49916e+01	-1.49916e+01	
633	6.262800e-02	-1.50000e+01	-1.49916e+01	-1.49916e+01	
634	6.272800e-02	-1.50000e+01	-1.49916e+01	-1.49916e+01	

Index   time            net-_v3-pad1_   net-_x1-pad1_   net-_x1-pad5_   
--------------------------------------------------------------------------------
635	6.282800e-02	-1.50000e+01	-1.49916e+01	-1.49916e+01	
636	6.292800e-02	-1.50000e+01	-1.49916e+01	-1.49916e+01	
637	6.302800e-02	-1.50000e+01	-1.49916e+01	-1.49916e+01	
638	6.312800e-02	-1.50000e+01	-1.49916e+01	-1.49916e+01	
639	6.322800e-02	-1.50000e+01	-1.49916e+01	-1.49916e+01	
640	6.332800e-02	-1.50000e+01	-1.49916e+01	-1.49916e+01	
641	6.342800e-02	-1.50000e+01	-1.49916e+01	-1.49916e+01	
642	6.352800e-02	-1.50000e+01	-1.49916e+01	-1.49916e+01	
643	6.362800e-02	-1.50000e+01	-1.49916e+01	-1.49916e+01	
644	6.372800e-02	-1.50000e+01	-1.49916e+01	-1.49916e+01	
645	6.382800e-02	-1.50000e+01	-1.49916e+01	-1.49916e+01	
646	6.392800e-02	-1.50000e+01	-1.49916e+01	-1.49916e+01	
647	6.402800e-02	-1.50000e+01	-1.49916e+01	-1.49916e+01	
648	6.412800e-02	-1.50000e+01	-1.49916e+01	-1.49916e+01	
649	6.422800e-02	-1.50000e+01	-1.49916e+01	-1.49916e+01	
650	6.432800e-02	-1.50000e+01	-1.49916e+01	-1.49916e+01	
651	6.442800e-02	-1.50000e+01	-1.49916e+01	-1.49916e+01	
652	6.452800e-02	-1.50000e+01	-1.49916e+01	-1.49916e+01	
653	6.462800e-02	-1.50000e+01	-1.49916e+01	-1.49916e+01	
654	6.472800e-02	-1.50000e+01	-1.49916e+01	-1.49916e+01	
655	6.482800e-02	-1.50000e+01	-1.49916e+01	-1.49916e+01	
656	6.492800e-02	-1.50000e+01	-1.49916e+01	-1.49916e+01	
657	6.502800e-02	-1.50000e+01	-1.49916e+01	-1.49916e+01	
658	6.512800e-02	-1.50000e+01	-1.49916e+01	-1.49916e+01	
659	6.522800e-02	-1.50000e+01	-1.49916e+01	-1.49916e+01	
660	6.532800e-02	-1.50000e+01	-1.49916e+01	-1.49916e+01	
661	6.542800e-02	-1.50000e+01	-1.49916e+01	-1.49916e+01	
662	6.552800e-02	-1.50000e+01	-1.49916e+01	-1.49916e+01	
663	6.562800e-02	-1.50000e+01	-1.49916e+01	-1.49916e+01	
664	6.572800e-02	-1.50000e+01	-1.49916e+01	-1.49916e+01	
665	6.582800e-02	-1.50000e+01	-1.49916e+01	-1.49916e+01	
666	6.592800e-02	-1.50000e+01	-1.49916e+01	-1.49916e+01	
667	6.602800e-02	-1.50000e+01	-1.49916e+01	-1.49916e+01	
668	6.612800e-02	-1.50000e+01	-1.49916e+01	-1.49916e+01	
669	6.622800e-02	-1.50000e+01	-1.49916e+01	-1.49916e+01	
670	6.632800e-02	-1.50000e+01	-1.49916e+01	-1.49916e+01	
671	6.642800e-02	-1.50000e+01	-1.49916e+01	-1.49916e+01	
672	6.652800e-02	-1.50000e+01	-1.49916e+01	-1.49916e+01	
673	6.662800e-02	-1.50000e+01	-1.49916e+01	-1.49916e+01	
674	6.672800e-02	-1.50000e+01	-1.49916e+01	-1.49916e+01	
675	6.682800e-02	-1.50000e+01	-1.49916e+01	-1.49916e+01	
676	6.692800e-02	-1.50000e+01	-1.49916e+01	-1.49916e+01	
677	6.702800e-02	-1.50000e+01	-1.49916e+01	-1.49916e+01	
678	6.712800e-02	-1.50000e+01	-1.49916e+01	-1.49916e+01	
679	6.722800e-02	-1.50000e+01	-1.49916e+01	-1.49916e+01	
680	6.732800e-02	-1.50000e+01	-1.49916e+01	-1.49916e+01	
681	6.742800e-02	-1.50000e+01	-1.49916e+01	-1.49916e+01	
682	6.752800e-02	-1.50000e+01	-1.49916e+01	-1.49915e+01	
683	6.762800e-02	-1.50000e+01	-1.49916e+01	-1.49915e+01	
684	6.772800e-02	-1.50000e+01	-1.49916e+01	-1.49915e+01	
685	6.782800e-02	-1.50000e+01	-1.49916e+01	-1.49915e+01	
686	6.792800e-02	-1.50000e+01	-1.49916e+01	-1.49915e+01	
687	6.802800e-02	-1.50000e+01	-1.49916e+01	-1.49915e+01	
688	6.812800e-02	-1.50000e+01	-1.49916e+01	-1.49915e+01	
689	6.822800e-02	-1.50000e+01	-1.49916e+01	-1.49915e+01	
690	6.832800e-02	-1.50000e+01	-1.49915e+01	-1.49915e+01	
691	6.842800e-02	-1.50000e+01	-1.49915e+01	-1.49915e+01	
692	6.852800e-02	-1.50000e+01	-1.49915e+01	-1.49915e+01	

Index   time            net-_v3-pad1_   net-_x1-pad1_   net-_x1-pad5_   
--------------------------------------------------------------------------------
693	6.862800e-02	-1.50000e+01	-1.49915e+01	-1.49915e+01	
694	6.872800e-02	-1.50000e+01	-1.49915e+01	-1.49915e+01	
695	6.882800e-02	-1.50000e+01	-1.49915e+01	-1.49915e+01	
696	6.892800e-02	-1.50000e+01	-1.49915e+01	-1.49915e+01	
697	6.902800e-02	-1.50000e+01	-1.49915e+01	-1.49915e+01	
698	6.912800e-02	-1.50000e+01	-1.49915e+01	-1.49915e+01	
699	6.922800e-02	-1.50000e+01	-1.49915e+01	-1.49915e+01	
700	6.932800e-02	-1.50000e+01	-1.49915e+01	-1.49915e+01	
701	6.942800e-02	-1.50000e+01	-1.49915e+01	-1.49915e+01	
702	6.952800e-02	-1.50000e+01	-1.49915e+01	-1.49915e+01	
703	6.962800e-02	-1.50000e+01	-1.49915e+01	-1.49915e+01	
704	6.972800e-02	-1.50000e+01	-1.49915e+01	-1.49915e+01	
705	6.982800e-02	-1.50000e+01	-1.49915e+01	-1.49915e+01	
706	6.992800e-02	-1.50000e+01	-1.49915e+01	-1.49915e+01	
707	7.002800e-02	-1.50000e+01	-1.49915e+01	-1.49915e+01	
708	7.012800e-02	-1.50000e+01	-1.49915e+01	-1.49915e+01	
709	7.022800e-02	-1.50000e+01	-1.49915e+01	-1.49915e+01	
710	7.032800e-02	-1.50000e+01	-1.49915e+01	-1.49915e+01	
711	7.042800e-02	-1.50000e+01	-1.49915e+01	-1.49915e+01	
712	7.052800e-02	-1.50000e+01	-1.49915e+01	-1.49915e+01	
713	7.062800e-02	-1.50000e+01	-1.49915e+01	-1.49915e+01	
714	7.072800e-02	-1.50000e+01	-1.49915e+01	-1.49915e+01	
715	7.082800e-02	-1.50000e+01	-1.49915e+01	-1.49915e+01	
716	7.092800e-02	-1.50000e+01	-1.49915e+01	-1.49915e+01	
717	7.102800e-02	-1.50000e+01	-1.49915e+01	-1.49915e+01	
718	7.112800e-02	-1.50000e+01	-1.49915e+01	-1.49915e+01	
719	7.122800e-02	-1.50000e+01	-1.49915e+01	-1.49915e+01	
720	7.132800e-02	-1.50000e+01	-1.49915e+01	-1.49915e+01	
721	7.142800e-02	-1.50000e+01	-1.49915e+01	-1.49915e+01	
722	7.152800e-02	-1.50000e+01	-1.49915e+01	-1.49915e+01	
723	7.162800e-02	-1.50000e+01	-1.49915e+01	-1.49915e+01	
724	7.172800e-02	-1.50000e+01	-1.49915e+01	-1.49915e+01	
725	7.182800e-02	-1.50000e+01	-1.49915e+01	-1.49915e+01	
726	7.192800e-02	-1.50000e+01	-1.49915e+01	-1.49915e+01	
727	7.202800e-02	-1.50000e+01	-1.49915e+01	-1.49915e+01	
728	7.212800e-02	-1.50000e+01	-1.49915e+01	-1.49915e+01	
729	7.222800e-02	-1.50000e+01	-1.49915e+01	-1.49915e+01	
730	7.232800e-02	-1.50000e+01	-1.49915e+01	-1.49915e+01	
731	7.242800e-02	-1.50000e+01	-1.49915e+01	-1.49915e+01	
732	7.252800e-02	-1.50000e+01	-1.49915e+01	-1.49915e+01	
733	7.262800e-02	-1.50000e+01	-1.49915e+01	-1.49915e+01	
734	7.272800e-02	-1.50000e+01	-1.49915e+01	-1.49915e+01	
735	7.282800e-02	-1.50000e+01	-1.49915e+01	-1.49915e+01	
736	7.292800e-02	-1.50000e+01	-1.49915e+01	-1.49915e+01	
737	7.302800e-02	-1.50000e+01	-1.49915e+01	-1.49915e+01	
738	7.312800e-02	-1.50000e+01	-1.49915e+01	-1.49915e+01	
739	7.322800e-02	-1.50000e+01	-1.49915e+01	-1.49915e+01	
740	7.332800e-02	-1.50000e+01	-1.49915e+01	-1.49915e+01	
741	7.342800e-02	-1.50000e+01	-1.49915e+01	-1.49915e+01	
742	7.352800e-02	-1.50000e+01	-1.49915e+01	-1.49915e+01	
743	7.362800e-02	-1.50000e+01	-1.49915e+01	-1.49915e+01	
744	7.372800e-02	-1.50000e+01	-1.49915e+01	-1.49915e+01	
745	7.382800e-02	-1.50000e+01	-1.49915e+01	-1.49915e+01	
746	7.392800e-02	-1.50000e+01	-1.49915e+01	-1.49915e+01	
747	7.402800e-02	-1.50000e+01	-1.49915e+01	-1.49915e+01	
748	7.412800e-02	-1.50000e+01	-1.49915e+01	-1.49915e+01	
749	7.422800e-02	-1.50000e+01	-1.49915e+01	-1.49915e+01	
750	7.432800e-02	-1.50000e+01	-1.49915e+01	-1.49915e+01	

Index   time            net-_v3-pad1_   net-_x1-pad1_   net-_x1-pad5_   
--------------------------------------------------------------------------------
751	7.442800e-02	-1.50000e+01	-1.49915e+01	-1.49915e+01	
752	7.452800e-02	-1.50000e+01	-1.49915e+01	-1.49915e+01	
753	7.462800e-02	-1.50000e+01	-1.49915e+01	-1.49915e+01	
754	7.472800e-02	-1.50000e+01	-1.49915e+01	-1.49915e+01	
755	7.482800e-02	-1.50000e+01	-1.49915e+01	-1.49915e+01	
756	7.492800e-02	-1.50000e+01	-1.49915e+01	-1.49915e+01	
757	7.502800e-02	-1.50000e+01	-1.49915e+01	-1.49915e+01	
758	7.512800e-02	-1.50000e+01	-1.49916e+01	-1.49915e+01	
759	7.522800e-02	-1.50000e+01	-1.49916e+01	-1.49915e+01	
760	7.532800e-02	-1.50000e+01	-1.49916e+01	-1.49915e+01	
761	7.542800e-02	-1.50000e+01	-1.49916e+01	-1.49915e+01	
762	7.552800e-02	-1.50000e+01	-1.49916e+01	-1.49915e+01	
763	7.562800e-02	-1.50000e+01	-1.49916e+01	-1.49915e+01	
764	7.572800e-02	-1.50000e+01	-1.49916e+01	-1.49915e+01	
765	7.582800e-02	-1.50000e+01	-1.49916e+01	-1.49915e+01	
766	7.592800e-02	-1.50000e+01	-1.49916e+01	-1.49916e+01	
767	7.602800e-02	-1.50000e+01	-1.49916e+01	-1.49916e+01	
768	7.612800e-02	-1.50000e+01	-1.49916e+01	-1.49916e+01	
769	7.622800e-02	-1.50000e+01	-1.49916e+01	-1.49916e+01	
770	7.632800e-02	-1.50000e+01	-1.49916e+01	-1.49916e+01	
771	7.642800e-02	-1.50000e+01	-1.49916e+01	-1.49916e+01	
772	7.652800e-02	-1.50000e+01	-1.49916e+01	-1.49916e+01	
773	7.662800e-02	-1.50000e+01	-1.49916e+01	-1.49916e+01	
774	7.672800e-02	-1.50000e+01	-1.49916e+01	-1.49916e+01	
775	7.682800e-02	-1.50000e+01	-1.49916e+01	-1.49916e+01	
776	7.692800e-02	-1.50000e+01	-1.49916e+01	-1.49916e+01	
777	7.702800e-02	-1.50000e+01	-1.49916e+01	-1.49916e+01	
778	7.712800e-02	-1.50000e+01	-1.49916e+01	-1.49916e+01	
779	7.722800e-02	-1.50000e+01	-1.49916e+01	-1.49916e+01	
780	7.732800e-02	-1.50000e+01	-1.49916e+01	-1.49916e+01	
781	7.742800e-02	-1.50000e+01	-1.49916e+01	-1.49916e+01	
782	7.752800e-02	-1.50000e+01	-1.49916e+01	-1.49916e+01	
783	7.762800e-02	-1.50000e+01	-1.49916e+01	-1.49916e+01	
784	7.772800e-02	-1.50000e+01	-1.49916e+01	-1.49916e+01	
785	7.782800e-02	-1.50000e+01	-1.49916e+01	-1.49916e+01	
786	7.792800e-02	-1.50000e+01	-1.49916e+01	-1.49916e+01	
787	7.802800e-02	-1.50000e+01	-1.49916e+01	-1.49916e+01	
788	7.812800e-02	-1.50000e+01	-1.49916e+01	-1.49916e+01	
789	7.822800e-02	-1.50000e+01	-1.49916e+01	-1.49916e+01	
790	7.832800e-02	-1.50000e+01	-1.49916e+01	-1.49916e+01	
791	7.842800e-02	-1.50000e+01	-1.49916e+01	-1.49916e+01	
792	7.852800e-02	-1.50000e+01	-1.49916e+01	-1.49916e+01	
793	7.862800e-02	-1.50000e+01	-1.49916e+01	-1.49916e+01	
794	7.872800e-02	-1.50000e+01	-1.49916e+01	-1.49916e+01	
795	7.882800e-02	-1.50000e+01	-1.49916e+01	-1.49916e+01	
796	7.892800e-02	-1.50000e+01	-1.49916e+01	-1.49916e+01	
797	7.902800e-02	-1.50000e+01	-1.49916e+01	-1.49916e+01	
798	7.912800e-02	-1.50000e+01	-1.49916e+01	-1.49916e+01	
799	7.922800e-02	-1.50000e+01	-1.49916e+01	-1.49916e+01	
800	7.932800e-02	-1.50000e+01	-1.49916e+01	-1.49916e+01	
801	7.942800e-02	-1.50000e+01	-1.49916e+01	-1.49916e+01	
802	7.952800e-02	-1.50000e+01	-1.49916e+01	-1.49916e+01	
803	7.962800e-02	-1.50000e+01	-1.49916e+01	-1.49916e+01	
804	7.972800e-02	-1.50000e+01	-1.49916e+01	-1.49916e+01	
805	7.982800e-02	-1.50000e+01	-1.49916e+01	-1.49916e+01	
806	7.992800e-02	-1.50000e+01	-1.49916e+01	-1.49916e+01	
807	8.002800e-02	-1.50000e+01	-1.49916e+01	-1.49916e+01	
808	8.012800e-02	-1.50000e+01	-1.49916e+01	-1.49916e+01	

Index   time            net-_v3-pad1_   net-_x1-pad1_   net-_x1-pad5_   
--------------------------------------------------------------------------------
809	8.022800e-02	-1.50000e+01	-1.49916e+01	-1.49916e+01	
810	8.032800e-02	-1.50000e+01	-1.49916e+01	-1.49916e+01	
811	8.042800e-02	-1.50000e+01	-1.49916e+01	-1.49916e+01	
812	8.052800e-02	-1.50000e+01	-1.49916e+01	-1.49916e+01	
813	8.062800e-02	-1.50000e+01	-1.49916e+01	-1.49916e+01	
814	8.072800e-02	-1.50000e+01	-1.49916e+01	-1.49916e+01	
815	8.082800e-02	-1.50000e+01	-1.49916e+01	-1.49916e+01	
816	8.092800e-02	-1.50000e+01	-1.49916e+01	-1.49916e+01	
817	8.102800e-02	-1.50000e+01	-1.49916e+01	-1.49916e+01	
818	8.112800e-02	-1.50000e+01	-1.49916e+01	-1.49916e+01	
819	8.122800e-02	-1.50000e+01	-1.49916e+01	-1.49916e+01	
820	8.132800e-02	-1.50000e+01	-1.49916e+01	-1.49916e+01	
821	8.142800e-02	-1.50000e+01	-1.49916e+01	-1.49916e+01	
822	8.152800e-02	-1.50000e+01	-1.49916e+01	-1.49916e+01	
823	8.162800e-02	-1.50000e+01	-1.49916e+01	-1.49916e+01	
824	8.172800e-02	-1.50000e+01	-1.49916e+01	-1.49916e+01	
825	8.182800e-02	-1.50000e+01	-1.49916e+01	-1.49916e+01	
826	8.192800e-02	-1.50000e+01	-1.49916e+01	-1.49916e+01	
827	8.202800e-02	-1.50000e+01	-1.49916e+01	-1.49916e+01	
828	8.212800e-02	-1.50000e+01	-1.49916e+01	-1.49916e+01	
829	8.222800e-02	-1.50000e+01	-1.49916e+01	-1.49916e+01	
830	8.232800e-02	-1.50000e+01	-1.49916e+01	-1.49916e+01	
831	8.242800e-02	-1.50000e+01	-1.49916e+01	-1.49916e+01	
832	8.252800e-02	-1.50000e+01	-1.49916e+01	-1.49916e+01	
833	8.262800e-02	-1.50000e+01	-1.49916e+01	-1.49916e+01	
834	8.272800e-02	-1.50000e+01	-1.49916e+01	-1.49916e+01	
835	8.282800e-02	-1.50000e+01	-1.49916e+01	-1.49916e+01	
836	8.292800e-02	-1.50000e+01	-1.49916e+01	-1.49916e+01	
837	8.302800e-02	-1.50000e+01	-1.49916e+01	-1.49916e+01	
838	8.312800e-02	-1.50000e+01	-1.49916e+01	-1.49916e+01	
839	8.322800e-02	-1.50000e+01	-1.49916e+01	-1.49916e+01	
840	8.332800e-02	-1.50000e+01	-1.49916e+01	-1.49916e+01	
841	8.342800e-02	-1.50000e+01	-1.49916e+01	-1.49916e+01	
842	8.352800e-02	-1.50000e+01	-1.49916e+01	-1.49916e+01	
843	8.362800e-02	-1.50000e+01	-1.49916e+01	-1.49916e+01	
844	8.372800e-02	-1.50000e+01	-1.49916e+01	-1.49916e+01	
845	8.382800e-02	-1.50000e+01	-1.49916e+01	-1.49916e+01	
846	8.392800e-02	-1.50000e+01	-1.49916e+01	-1.49916e+01	
847	8.402800e-02	-1.50000e+01	-1.49916e+01	-1.49916e+01	
848	8.412800e-02	-1.50000e+01	-1.49916e+01	-1.49916e+01	
849	8.422800e-02	-1.50000e+01	-1.49916e+01	-1.49916e+01	
850	8.432800e-02	-1.50000e+01	-1.49916e+01	-1.49916e+01	
851	8.442800e-02	-1.50000e+01	-1.49916e+01	-1.49916e+01	
852	8.452800e-02	-1.50000e+01	-1.49916e+01	-1.49916e+01	
853	8.462800e-02	-1.50000e+01	-1.49916e+01	-1.49916e+01	
854	8.472800e-02	-1.50000e+01	-1.49916e+01	-1.49916e+01	
855	8.482800e-02	-1.50000e+01	-1.49916e+01	-1.49916e+01	
856	8.492800e-02	-1.50000e+01	-1.49916e+01	-1.49916e+01	
857	8.502800e-02	-1.50000e+01	-1.49916e+01	-1.49916e+01	
858	8.512800e-02	-1.50000e+01	-1.49916e+01	-1.49916e+01	
859	8.522800e-02	-1.50000e+01	-1.49916e+01	-1.49916e+01	
860	8.532800e-02	-1.50000e+01	-1.49916e+01	-1.49916e+01	
861	8.542800e-02	-1.50000e+01	-1.49916e+01	-1.49916e+01	
862	8.552800e-02	-1.50000e+01	-1.49916e+01	-1.49916e+01	
863	8.562800e-02	-1.50000e+01	-1.49916e+01	-1.49916e+01	
864	8.572800e-02	-1.50000e+01	-1.49916e+01	-1.49916e+01	
865	8.582800e-02	-1.50000e+01	-1.49916e+01	-1.49916e+01	
866	8.592800e-02	-1.50000e+01	-1.49916e+01	-1.49916e+01	

Index   time            net-_v3-pad1_   net-_x1-pad1_   net-_x1-pad5_   
--------------------------------------------------------------------------------
867	8.602800e-02	-1.50000e+01	-1.49916e+01	-1.49916e+01	
868	8.612800e-02	-1.50000e+01	-1.49916e+01	-1.49916e+01	
869	8.622800e-02	-1.50000e+01	-1.49916e+01	-1.49916e+01	
870	8.632800e-02	-1.50000e+01	-1.49916e+01	-1.49916e+01	
871	8.642800e-02	-1.50000e+01	-1.49916e+01	-1.49916e+01	
872	8.652800e-02	-1.50000e+01	-1.49916e+01	-1.49916e+01	
873	8.662800e-02	-1.50000e+01	-1.49916e+01	-1.49916e+01	
874	8.672800e-02	-1.50000e+01	-1.49916e+01	-1.49916e+01	
875	8.682800e-02	-1.50000e+01	-1.49916e+01	-1.49916e+01	
876	8.692800e-02	-1.50000e+01	-1.49916e+01	-1.49916e+01	
877	8.702800e-02	-1.50000e+01	-1.49916e+01	-1.49916e+01	
878	8.712800e-02	-1.50000e+01	-1.49916e+01	-1.49916e+01	
879	8.722800e-02	-1.50000e+01	-1.49916e+01	-1.49916e+01	
880	8.732800e-02	-1.50000e+01	-1.49916e+01	-1.49916e+01	
881	8.742800e-02	-1.50000e+01	-1.49916e+01	-1.49916e+01	
882	8.752800e-02	-1.50000e+01	-1.49916e+01	-1.49915e+01	
883	8.762800e-02	-1.50000e+01	-1.49916e+01	-1.49915e+01	
884	8.772800e-02	-1.50000e+01	-1.49916e+01	-1.49915e+01	
885	8.782800e-02	-1.50000e+01	-1.49916e+01	-1.49915e+01	
886	8.792800e-02	-1.50000e+01	-1.49916e+01	-1.49915e+01	
887	8.802800e-02	-1.50000e+01	-1.49916e+01	-1.49915e+01	
888	8.812800e-02	-1.50000e+01	-1.49916e+01	-1.49915e+01	
889	8.822800e-02	-1.50000e+01	-1.49916e+01	-1.49915e+01	
890	8.832800e-02	-1.50000e+01	-1.49915e+01	-1.49915e+01	
891	8.842800e-02	-1.50000e+01	-1.49915e+01	-1.49915e+01	
892	8.852800e-02	-1.50000e+01	-1.49915e+01	-1.49915e+01	
893	8.862800e-02	-1.50000e+01	-1.49915e+01	-1.49915e+01	
894	8.872800e-02	-1.50000e+01	-1.49915e+01	-1.49915e+01	
895	8.882800e-02	-1.50000e+01	-1.49915e+01	-1.49915e+01	
896	8.892800e-02	-1.50000e+01	-1.49915e+01	-1.49915e+01	
897	8.902800e-02	-1.50000e+01	-1.49915e+01	-1.49915e+01	
898	8.912800e-02	-1.50000e+01	-1.49915e+01	-1.49915e+01	
899	8.922800e-02	-1.50000e+01	-1.49915e+01	-1.49915e+01	
900	8.932800e-02	-1.50000e+01	-1.49915e+01	-1.49915e+01	
901	8.942800e-02	-1.50000e+01	-1.49915e+01	-1.49915e+01	
902	8.952800e-02	-1.50000e+01	-1.49915e+01	-1.49915e+01	
903	8.962800e-02	-1.50000e+01	-1.49915e+01	-1.49915e+01	
904	8.972800e-02	-1.50000e+01	-1.49915e+01	-1.49915e+01	
905	8.982800e-02	-1.50000e+01	-1.49915e+01	-1.49915e+01	
906	8.992800e-02	-1.50000e+01	-1.49915e+01	-1.49915e+01	
907	9.002800e-02	-1.50000e+01	-1.49915e+01	-1.49915e+01	
908	9.012800e-02	-1.50000e+01	-1.49915e+01	-1.49915e+01	
909	9.022800e-02	-1.50000e+01	-1.49915e+01	-1.49915e+01	
910	9.032800e-02	-1.50000e+01	-1.49915e+01	-1.49915e+01	
911	9.042800e-02	-1.50000e+01	-1.49915e+01	-1.49915e+01	
912	9.052800e-02	-1.50000e+01	-1.49915e+01	-1.49915e+01	
913	9.062800e-02	-1.50000e+01	-1.49915e+01	-1.49915e+01	
914	9.072800e-02	-1.50000e+01	-1.49915e+01	-1.49915e+01	
915	9.082800e-02	-1.50000e+01	-1.49915e+01	-1.49915e+01	
916	9.092800e-02	-1.50000e+01	-1.49915e+01	-1.49915e+01	
917	9.102800e-02	-1.50000e+01	-1.49915e+01	-1.49915e+01	
918	9.112800e-02	-1.50000e+01	-1.49915e+01	-1.49915e+01	
919	9.122800e-02	-1.50000e+01	-1.49915e+01	-1.49915e+01	
920	9.132800e-02	-1.50000e+01	-1.49915e+01	-1.49915e+01	
921	9.142800e-02	-1.50000e+01	-1.49915e+01	-1.49915e+01	
922	9.152800e-02	-1.50000e+01	-1.49915e+01	-1.49915e+01	
923	9.162800e-02	-1.50000e+01	-1.49915e+01	-1.49915e+01	
924	9.172800e-02	-1.50000e+01	-1.49915e+01	-1.49915e+01	

Index   time            net-_v3-pad1_   net-_x1-pad1_   net-_x1-pad5_   
--------------------------------------------------------------------------------
925	9.182800e-02	-1.50000e+01	-1.49915e+01	-1.49915e+01	
926	9.192800e-02	-1.50000e+01	-1.49915e+01	-1.49915e+01	
927	9.202800e-02	-1.50000e+01	-1.49915e+01	-1.49915e+01	
928	9.212800e-02	-1.50000e+01	-1.49915e+01	-1.49915e+01	
929	9.222800e-02	-1.50000e+01	-1.49915e+01	-1.49915e+01	
930	9.232800e-02	-1.50000e+01	-1.49915e+01	-1.49915e+01	
931	9.242800e-02	-1.50000e+01	-1.49915e+01	-1.49915e+01	
932	9.252800e-02	-1.50000e+01	-1.49915e+01	-1.49915e+01	
933	9.262800e-02	-1.50000e+01	-1.49915e+01	-1.49915e+01	
934	9.272800e-02	-1.50000e+01	-1.49915e+01	-1.49915e+01	
935	9.282800e-02	-1.50000e+01	-1.49915e+01	-1.49915e+01	
936	9.292800e-02	-1.50000e+01	-1.49915e+01	-1.49915e+01	
937	9.302800e-02	-1.50000e+01	-1.49915e+01	-1.49915e+01	
938	9.312800e-02	-1.50000e+01	-1.49915e+01	-1.49915e+01	
939	9.322800e-02	-1.50000e+01	-1.49915e+01	-1.49915e+01	
940	9.332800e-02	-1.50000e+01	-1.49915e+01	-1.49915e+01	
941	9.342800e-02	-1.50000e+01	-1.49915e+01	-1.49915e+01	
942	9.352800e-02	-1.50000e+01	-1.49915e+01	-1.49915e+01	
943	9.362800e-02	-1.50000e+01	-1.49915e+01	-1.49915e+01	
944	9.372800e-02	-1.50000e+01	-1.49915e+01	-1.49915e+01	
945	9.382800e-02	-1.50000e+01	-1.49915e+01	-1.49915e+01	
946	9.392800e-02	-1.50000e+01	-1.49915e+01	-1.49915e+01	
947	9.402800e-02	-1.50000e+01	-1.49915e+01	-1.49915e+01	
948	9.412800e-02	-1.50000e+01	-1.49915e+01	-1.49915e+01	
949	9.422800e-02	-1.50000e+01	-1.49915e+01	-1.49915e+01	
950	9.432800e-02	-1.50000e+01	-1.49915e+01	-1.49915e+01	
951	9.442800e-02	-1.50000e+01	-1.49915e+01	-1.49915e+01	
952	9.452800e-02	-1.50000e+01	-1.49915e+01	-1.49915e+01	
953	9.462800e-02	-1.50000e+01	-1.49915e+01	-1.49915e+01	
954	9.472800e-02	-1.50000e+01	-1.49915e+01	-1.49915e+01	
955	9.482800e-02	-1.50000e+01	-1.49915e+01	-1.49915e+01	
956	9.492800e-02	-1.50000e+01	-1.49915e+01	-1.49915e+01	
957	9.502800e-02	-1.50000e+01	-1.49915e+01	-1.49915e+01	
958	9.512800e-02	-1.50000e+01	-1.49916e+01	-1.49915e+01	
959	9.522800e-02	-1.50000e+01	-1.49916e+01	-1.49915e+01	
960	9.532800e-02	-1.50000e+01	-1.49916e+01	-1.49915e+01	
961	9.542800e-02	-1.50000e+01	-1.49916e+01	-1.49915e+01	
962	9.552800e-02	-1.50000e+01	-1.49916e+01	-1.49915e+01	
963	9.562800e-02	-1.50000e+01	-1.49916e+01	-1.49915e+01	
964	9.572800e-02	-1.50000e+01	-1.49916e+01	-1.49915e+01	
965	9.582800e-02	-1.50000e+01	-1.49916e+01	-1.49915e+01	
966	9.592800e-02	-1.50000e+01	-1.49916e+01	-1.49916e+01	
967	9.602800e-02	-1.50000e+01	-1.49916e+01	-1.49916e+01	
968	9.612800e-02	-1.50000e+01	-1.49916e+01	-1.49916e+01	
969	9.622800e-02	-1.50000e+01	-1.49916e+01	-1.49916e+01	
970	9.632800e-02	-1.50000e+01	-1.49916e+01	-1.49916e+01	
971	9.642800e-02	-1.50000e+01	-1.49916e+01	-1.49916e+01	
972	9.652800e-02	-1.50000e+01	-1.49916e+01	-1.49916e+01	
973	9.662800e-02	-1.50000e+01	-1.49916e+01	-1.49916e+01	
974	9.672800e-02	-1.50000e+01	-1.49916e+01	-1.49916e+01	
975	9.682800e-02	-1.50000e+01	-1.49916e+01	-1.49916e+01	
976	9.692800e-02	-1.50000e+01	-1.49916e+01	-1.49916e+01	
977	9.702800e-02	-1.50000e+01	-1.49916e+01	-1.49916e+01	
978	9.712800e-02	-1.50000e+01	-1.49916e+01	-1.49916e+01	
979	9.722800e-02	-1.50000e+01	-1.49916e+01	-1.49916e+01	
980	9.732800e-02	-1.50000e+01	-1.49916e+01	-1.49916e+01	
981	9.742800e-02	-1.50000e+01	-1.49916e+01	-1.49916e+01	
982	9.752800e-02	-1.50000e+01	-1.49916e+01	-1.49916e+01	

Index   time            net-_v3-pad1_   net-_x1-pad1_   net-_x1-pad5_   
--------------------------------------------------------------------------------
983	9.762800e-02	-1.50000e+01	-1.49916e+01	-1.49916e+01	
984	9.772800e-02	-1.50000e+01	-1.49916e+01	-1.49916e+01	
985	9.782800e-02	-1.50000e+01	-1.49916e+01	-1.49916e+01	
986	9.792800e-02	-1.50000e+01	-1.49916e+01	-1.49916e+01	
987	9.802800e-02	-1.50000e+01	-1.49916e+01	-1.49916e+01	
988	9.812800e-02	-1.50000e+01	-1.49916e+01	-1.49916e+01	
989	9.822800e-02	-1.50000e+01	-1.49916e+01	-1.49916e+01	
990	9.832800e-02	-1.50000e+01	-1.49916e+01	-1.49916e+01	
991	9.842800e-02	-1.50000e+01	-1.49916e+01	-1.49916e+01	
992	9.852800e-02	-1.50000e+01	-1.49916e+01	-1.49916e+01	
993	9.862800e-02	-1.50000e+01	-1.49916e+01	-1.49916e+01	
994	9.872800e-02	-1.50000e+01	-1.49916e+01	-1.49916e+01	
995	9.882800e-02	-1.50000e+01	-1.49916e+01	-1.49916e+01	
996	9.892800e-02	-1.50000e+01	-1.49916e+01	-1.49916e+01	
997	9.902800e-02	-1.50000e+01	-1.49916e+01	-1.49916e+01	
998	9.912800e-02	-1.50000e+01	-1.49916e+01	-1.49916e+01	
999	9.922800e-02	-1.50000e+01	-1.49916e+01	-1.49916e+01	
1000	9.932800e-02	-1.50000e+01	-1.49916e+01	-1.49916e+01	
1001	9.942800e-02	-1.50000e+01	-1.49916e+01	-1.49916e+01	
1002	9.952800e-02	-1.50000e+01	-1.49916e+01	-1.49916e+01	
1003	9.962800e-02	-1.50000e+01	-1.49916e+01	-1.49916e+01	
1004	9.972800e-02	-1.50000e+01	-1.49916e+01	-1.49916e+01	
1005	9.982800e-02	-1.50000e+01	-1.49916e+01	-1.49916e+01	
1006	9.992800e-02	-1.50000e+01	-1.49916e+01	-1.49916e+01	
1007	1.000000e-01	-1.50000e+01	-1.49916e+01	-1.49916e+01	

                                kicad schematic
                                Transient Analysis  Mon Feb 10 01:04:19  2025
--------------------------------------------------------------------------------
Index   time            output          q.x1.q1#collCX  q.x1.q2#collCX  
--------------------------------------------------------------------------------
0	0.000000e+00	6.532782e-03	1.446106e+01	1.446106e+01	
1	1.000000e-06	5.324521e-03	1.446106e+01	1.446106e+01	
2	2.000000e-06	3.342695e-03	1.446106e+01	1.446106e+01	
3	4.000000e-06	-1.54831e-03	1.446106e+01	1.446106e+01	
4	8.000000e-06	-1.37240e-02	1.446106e+01	1.446106e+01	
5	1.600000e-05	-3.90272e-02	1.446106e+01	1.446106e+01	
6	3.200000e-05	-8.95878e-02	1.446106e+01	1.446106e+01	
7	6.400000e-05	-1.90490e-01	1.446106e+01	1.446106e+01	
8	1.280000e-04	-3.91574e-01	1.446106e+01	1.446106e+01	
9	2.280000e-04	-7.05267e-01	1.446106e+01	1.446106e+01	
10	3.280000e-04	-1.01816e+00	1.446106e+01	1.446106e+01	
11	4.280000e-04	-1.33005e+00	1.446106e+01	1.446106e+01	
12	5.280000e-04	-1.64060e+00	1.446106e+01	1.446106e+01	
13	6.280000e-04	-1.94953e+00	1.446106e+01	1.446106e+01	
14	7.280000e-04	-2.25652e+00	1.446106e+01	1.446106e+01	
15	8.280000e-04	-2.56128e+00	1.446106e+01	1.446106e+01	
16	9.280000e-04	-2.86349e+00	1.446106e+01	1.446106e+01	
17	1.028000e-03	-3.16289e+00	1.446106e+01	1.446106e+01	
18	1.128000e-03	-3.45914e+00	1.446106e+01	1.446106e+01	
19	1.228000e-03	-3.75198e+00	1.446106e+01	1.446106e+01	
20	1.328000e-03	-4.04110e+00	1.446106e+01	1.446106e+01	
21	1.428000e-03	-4.32623e+00	1.446106e+01	1.446106e+01	
22	1.528000e-03	-4.60708e+00	1.446106e+01	1.446106e+01	
23	1.628000e-03	-4.88338e+00	1.446106e+01	1.446106e+01	
24	1.728000e-03	-5.15485e+00	1.446106e+01	1.446106e+01	
25	1.828000e-03	-5.42123e+00	1.446106e+01	1.446106e+01	
26	1.928000e-03	-5.68225e+00	1.446106e+01	1.446106e+01	
27	2.028000e-03	-5.93766e+00	1.446106e+01	1.446106e+01	
28	2.128000e-03	-6.18719e+00	1.446106e+01	1.446106e+01	
29	2.228000e-03	-6.43062e+00	1.446106e+01	1.446106e+01	
30	2.328000e-03	-6.66769e+00	1.446106e+01	1.446106e+01	
31	2.428000e-03	-6.89817e+00	1.446106e+01	1.446106e+01	
32	2.528000e-03	-7.12184e+00	1.446106e+01	1.446106e+01	
33	2.628000e-03	-7.33848e+00	1.446106e+01	1.446106e+01	
34	2.728000e-03	-7.54786e+00	1.446106e+01	1.446106e+01	
35	2.828000e-03	-7.74980e+00	1.446106e+01	1.446106e+01	
36	2.928000e-03	-7.94407e+00	1.446106e+01	1.446106e+01	
37	3.028000e-03	-8.13050e+00	1.446106e+01	1.446106e+01	
38	3.128000e-03	-8.30890e+00	1.446106e+01	1.446106e+01	
39	3.228000e-03	-8.47909e+00	1.446106e+01	1.446106e+01	
40	3.328000e-03	-8.64091e+00	1.446106e+01	1.446106e+01	
41	3.428000e-03	-8.79419e+00	1.446106e+01	1.446106e+01	
42	3.528000e-03	-8.93879e+00	1.446106e+01	1.446106e+01	
43	3.628000e-03	-9.07456e+00	1.446106e+01	1.446106e+01	
44	3.728000e-03	-9.20137e+00	1.446106e+01	1.446106e+01	
45	3.828000e-03	-9.31910e+00	1.446106e+01	1.446106e+01	
46	3.928000e-03	-9.42761e+00	1.446106e+01	1.446106e+01	
47	4.028000e-03	-9.52683e+00	1.446106e+01	1.446106e+01	
48	4.128000e-03	-9.61663e+00	1.446106e+01	1.446106e+01	
49	4.228000e-03	-9.69693e+00	1.446106e+01	1.446106e+01	
50	4.328000e-03	-9.76766e+00	1.446106e+01	1.446106e+01	
51	4.428000e-03	-9.82875e+00	1.446106e+01	1.446106e+01	
52	4.528000e-03	-9.88013e+00	1.446106e+01	1.446106e+01	
53	4.628000e-03	-9.92175e+00	1.446106e+01	1.446106e+01	
54	4.728000e-03	-9.95357e+00	1.446106e+01	1.446106e+01	

Index   time            output          q.x1.q1#collCX  q.x1.q2#collCX  
--------------------------------------------------------------------------------
55	4.828000e-03	-9.97557e+00	1.446106e+01	1.446106e+01	
56	4.928000e-03	-9.98772e+00	1.446106e+01	1.446106e+01	
57	5.028000e-03	-9.99000e+00	1.446106e+01	1.446106e+01	
58	5.128000e-03	-9.98242e+00	1.446106e+01	1.446106e+01	
59	5.228000e-03	-9.96498e+00	1.446106e+01	1.446106e+01	
60	5.328000e-03	-9.93770e+00	1.446106e+01	1.446106e+01	
61	5.428000e-03	-9.90061e+00	1.446106e+01	1.446106e+01	
62	5.528000e-03	-9.85374e+00	1.446106e+01	1.446106e+01	
63	5.628000e-03	-9.79714e+00	1.446106e+01	1.446106e+01	
64	5.728000e-03	-9.73087e+00	1.446106e+01	1.446106e+01	
65	5.828000e-03	-9.65499e+00	1.446106e+01	1.446106e+01	
66	5.928000e-03	-9.56957e+00	1.446106e+01	1.446106e+01	
67	6.028000e-03	-9.47470e+00	1.446106e+01	1.446106e+01	
68	6.128000e-03	-9.37048e+00	1.446106e+01	1.446106e+01	
69	6.228000e-03	-9.25700e+00	1.446106e+01	1.446106e+01	
70	6.328000e-03	-9.13438e+00	1.446106e+01	1.446106e+01	
71	6.428000e-03	-9.00274e+00	1.446106e+01	1.446106e+01	
72	6.528000e-03	-8.86221e+00	1.446106e+01	1.446106e+01	
73	6.628000e-03	-8.71293e+00	1.446106e+01	1.446106e+01	
74	6.728000e-03	-8.55504e+00	1.446106e+01	1.446106e+01	
75	6.828000e-03	-8.38871e+00	1.446106e+01	1.446106e+01	
76	6.928000e-03	-8.21408e+00	1.446106e+01	1.446106e+01	
77	7.028000e-03	-8.03135e+00	1.446106e+01	1.446106e+01	
78	7.128000e-03	-7.84068e+00	1.446106e+01	1.446106e+01	
79	7.228000e-03	-7.64227e+00	1.446106e+01	1.446106e+01	
80	7.328000e-03	-7.43631e+00	1.446106e+01	1.446106e+01	
81	7.428000e-03	-7.22300e+00	1.446106e+01	1.446106e+01	
82	7.528000e-03	-7.00256e+00	1.446106e+01	1.446106e+01	
83	7.628000e-03	-6.77520e+00	1.446106e+01	1.446106e+01	
84	7.728000e-03	-6.54115e+00	1.446106e+01	1.446106e+01	
85	7.828000e-03	-6.30064e+00	1.446106e+01	1.446106e+01	
86	7.928000e-03	-6.05390e+00	1.446106e+01	1.446106e+01	
87	8.028000e-03	-5.80118e+00	1.446106e+01	1.446106e+01	
88	8.128000e-03	-5.54273e+00	1.446106e+01	1.446106e+01	
89	8.228000e-03	-5.27880e+00	1.446106e+01	1.446106e+01	
90	8.328000e-03	-5.00965e+00	1.446106e+01	1.446106e+01	
91	8.428000e-03	-4.73556e+00	1.446106e+01	1.446106e+01	
92	8.528000e-03	-4.45678e+00	1.446106e+01	1.446106e+01	
93	8.628000e-03	-4.17360e+00	1.446106e+01	1.446106e+01	
94	8.728000e-03	-3.88629e+00	1.446106e+01	1.446106e+01	
95	8.828000e-03	-3.59514e+00	1.446106e+01	1.446106e+01	
96	8.928000e-03	-3.30043e+00	1.446106e+01	1.446106e+01	
97	9.028000e-03	-3.00246e+00	1.446106e+01	1.446106e+01	
98	9.128000e-03	-2.70152e+00	1.446106e+01	1.446106e+01	
99	9.228000e-03	-2.39791e+00	1.446106e+01	1.446106e+01	
100	9.328000e-03	-2.09193e+00	1.446106e+01	1.446106e+01	
101	9.428000e-03	-1.78387e+00	1.446106e+01	1.446106e+01	
102	9.528000e-03	-1.47406e+00	1.446106e+01	1.446106e+01	
103	9.628000e-03	-1.16278e+00	1.446106e+01	1.446106e+01	
104	9.728000e-03	-8.50362e-01	1.446106e+01	1.446106e+01	
105	9.828000e-03	-5.37130e-01	1.446106e+01	1.446106e+01	
106	9.928000e-03	-2.23470e-01	1.446106e+01	1.446106e+01	
107	1.002800e-02	8.959030e-02	1.446106e+01	1.446106e+01	
108	1.012800e-02	4.054413e-01	1.446106e+01	1.446106e+01	
109	1.022800e-02	7.177157e-01	1.446106e+01	1.446106e+01	
110	1.032800e-02	1.031990e+00	1.446106e+01	1.446106e+01	
111	1.042800e-02	1.342609e+00	1.446106e+01	1.446106e+01	
112	1.052800e-02	1.654421e+00	1.446106e+01	1.446106e+01	

Index   time            output          q.x1.q1#collCX  q.x1.q2#collCX  
--------------------------------------------------------------------------------
113	1.062800e-02	1.962191e+00	1.446106e+01	1.446106e+01	
114	1.072800e-02	2.270336e+00	1.446106e+01	1.446106e+01	
115	1.082800e-02	2.574041e+00	1.446106e+01	1.446106e+01	
116	1.092800e-02	2.877319e+00	1.446106e+01	1.446106e+01	
117	1.102800e-02	3.175750e+00	1.446106e+01	1.446106e+01	
118	1.112800e-02	3.472978e+00	1.446106e+01	1.446106e+01	
119	1.122800e-02	3.764944e+00	1.446106e+01	1.446106e+01	
120	1.132800e-02	4.054962e+00	1.446106e+01	1.446106e+01	
121	1.142800e-02	4.339301e+00	1.446106e+01	1.446106e+01	
122	1.152800e-02	4.620974e+00	1.446106e+01	1.446106e+01	
123	1.162800e-02	4.896554e+00	1.446106e+01	1.446106e+01	
124	1.172800e-02	5.168780e+00	1.446106e+01	1.446106e+01	
125	1.182800e-02	5.434504e+00	1.446106e+01	1.446106e+01	
126	1.192800e-02	5.696217e+00	1.446106e+01	1.446106e+01	
127	1.202800e-02	5.951029e+00	1.446106e+01	1.446106e+01	
128	1.212800e-02	6.201204e+00	1.446106e+01	1.446106e+01	
129	1.222800e-02	6.444090e+00	1.446106e+01	1.446106e+01	
130	1.232800e-02	6.681748e+00	1.446106e+01	1.446106e+01	
131	1.242800e-02	6.911742e+00	1.446106e+01	1.446106e+01	
132	1.252800e-02	7.135951e+00	1.446106e+01	1.446106e+01	
133	1.262800e-02	7.352139e+00	1.446106e+01	1.446106e+01	
134	1.272800e-02	7.562020e+00	1.446106e+01	1.446106e+01	
135	1.282800e-02	7.763544e+00	1.446106e+01	1.446106e+01	
136	1.292800e-02	7.958274e+00	1.446106e+01	1.446106e+01	
137	1.302800e-02	8.144333e+00	1.446106e+01	1.446106e+01	
138	1.312800e-02	8.323148e+00	1.446106e+01	1.446106e+01	
139	1.322800e-02	8.493002e+00	1.446106e+01	1.446106e+01	
140	1.332800e-02	8.655202e+00	1.446106e+01	1.446106e+01	
141	1.342800e-02	8.808178e+00	1.446106e+01	1.446106e+01	
142	1.352800e-02	8.953125e+00	1.446106e+01	1.446106e+01	
143	1.362800e-02	9.088614e+00	1.446106e+01	1.446106e+01	
144	1.372800e-02	9.215742e+00	1.446106e+01	1.446106e+01	
145	1.382800e-02	9.333205e+00	1.446106e+01	1.446106e+01	
146	1.392800e-02	9.442015e+00	1.446106e+01	1.446106e+01	
147	1.402800e-02	9.540986e+00	1.446106e+01	1.446106e+01	
148	1.412800e-02	9.631052e+00	1.446106e+01	1.446106e+01	
149	1.422800e-02	9.711137e+00	1.446106e+01	1.446106e+01	
150	1.432800e-02	9.782106e+00	1.446106e+01	1.446106e+01	
151	1.442800e-02	9.842986e+00	1.446106e+01	1.446106e+01	
152	1.452800e-02	9.894580e+00	1.446106e+01	1.446106e+01	
153	1.462800e-02	9.936012e+00	1.446106e+01	1.446106e+01	
154	1.472800e-02	9.968031e+00	1.446106e+01	1.446106e+01	
155	1.482800e-02	9.989850e+00	1.446106e+01	1.446106e+01	
156	1.492800e-02	1.000217e+01	1.446106e+01	1.446106e+01	
157	1.502800e-02	1.000429e+01	1.446106e+01	1.446106e+01	
158	1.512800e-02	9.996859e+00	1.446106e+01	1.446106e+01	
159	1.522800e-02	9.979263e+00	1.446106e+01	1.446106e+01	
160	1.532800e-02	9.952121e+00	1.446106e+01	1.446106e+01	
161	1.542800e-02	9.914881e+00	1.446106e+01	1.446106e+01	
162	1.552800e-02	9.868133e+00	1.446106e+01	1.446106e+01	
163	1.562800e-02	9.811394e+00	1.446106e+01	1.446106e+01	
164	1.572800e-02	9.745226e+00	1.446106e+01	1.446106e+01	
165	1.582800e-02	9.669210e+00	1.446106e+01	1.446106e+01	
166	1.592800e-02	9.583884e+00	1.446106e+01	1.446106e+01	
167	1.602800e-02	9.488890e+00	1.446106e+01	1.446106e+01	
168	1.612800e-02	9.384745e+00	1.446106e+01	1.446106e+01	
169	1.622800e-02	9.271146e+00	1.446106e+01	1.446106e+01	
170	1.632800e-02	9.148594e+00	1.446106e+01	1.446106e+01	

Index   time            output          q.x1.q1#collCX  q.x1.q2#collCX  
--------------------------------------------------------------------------------
171	1.642800e-02	9.016838e+00	1.446106e+01	1.446106e+01	
172	1.652800e-02	8.876364e+00	1.446106e+01	1.446106e+01	
173	1.662800e-02	8.726970e+00	1.446106e+01	1.446106e+01	
174	1.672800e-02	8.569128e+00	1.446106e+01	1.446106e+01	
175	1.682800e-02	8.402685e+00	1.446106e+01	1.446106e+01	
176	1.692800e-02	8.228101e+00	1.446106e+01	1.446106e+01	
177	1.702800e-02	8.045264e+00	1.446106e+01	1.446106e+01	
178	1.712800e-02	7.854627e+00	1.446106e+01	1.446106e+01	
179	1.722800e-02	7.656117e+00	1.446106e+01	1.446106e+01	
180	1.732800e-02	7.450180e+00	1.446106e+01	1.446106e+01	
181	1.742800e-02	7.236781e+00	1.446106e+01	1.446106e+01	
182	1.752800e-02	7.016357e+00	1.446106e+01	1.446106e+01	
183	1.762800e-02	6.788910e+00	1.446106e+01	1.446106e+01	
184	1.772800e-02	6.554871e+00	1.446106e+01	1.446106e+01	
185	1.782800e-02	6.314273e+00	1.446106e+01	1.446106e+01	
186	1.792800e-02	6.067542e+00	1.446106e+01	1.446106e+01	
187	1.802800e-02	5.814742e+00	1.446106e+01	1.446106e+01	
188	1.812800e-02	5.556295e+00	1.446106e+01	1.446106e+01	
189	1.822800e-02	5.292290e+00	1.446106e+01	1.446106e+01	
190	1.832800e-02	5.023146e+00	1.446106e+01	1.446106e+01	
191	1.842800e-02	4.748978e+00	1.446106e+01	1.446106e+01	
192	1.852800e-02	4.470202e+00	1.446106e+01	1.446106e+01	
193	1.862800e-02	4.186952e+00	1.446106e+01	1.446106e+01	
194	1.872800e-02	3.899643e+00	1.446106e+01	1.446106e+01	
195	1.882800e-02	3.608430e+00	1.446106e+01	1.446106e+01	
196	1.892800e-02	3.313723e+00	1.446106e+01	1.446106e+01	
197	1.902800e-02	3.015696e+00	1.446106e+01	1.446106e+01	
198	1.912800e-02	2.714755e+00	1.446106e+01	1.446106e+01	
199	1.922800e-02	2.411090e+00	1.446106e+01	1.446106e+01	
200	1.932800e-02	2.105104e+00	1.446106e+01	1.446106e+01	
201	1.942800e-02	1.797002e+00	1.446106e+01	1.446106e+01	
202	1.952800e-02	1.487182e+00	1.446106e+01	1.446106e+01	
203	1.962800e-02	1.175863e+00	1.446106e+01	1.446106e+01	
204	1.972800e-02	8.634436e-01	1.446106e+01	1.446106e+01	
205	1.982800e-02	5.501708e-01	1.446106e+01	1.446106e+01	
206	1.992800e-02	2.365029e-01	1.446106e+01	1.446106e+01	
207	2.002800e-02	-7.65507e-02	1.446106e+01	1.446106e+01	
208	2.012800e-02	-3.92205e-01	1.446106e+01	1.446106e+01	
209	2.022800e-02	-7.04667e-01	1.446106e+01	1.446106e+01	
210	2.032800e-02	-1.01872e+00	1.446106e+01	1.446106e+01	
211	2.042800e-02	-1.32953e+00	1.446106e+01	1.446106e+01	
212	2.052800e-02	-1.64110e+00	1.446106e+01	1.446106e+01	
213	2.062800e-02	-1.94905e+00	1.446106e+01	1.446106e+01	
214	2.072800e-02	-2.25698e+00	1.446106e+01	1.446106e+01	
215	2.082800e-02	-2.56084e+00	1.446106e+01	1.446106e+01	
216	2.092800e-02	-2.86391e+00	1.446106e+01	1.446106e+01	
217	2.102800e-02	-3.16249e+00	1.446106e+01	1.446106e+01	
218	2.112800e-02	-3.45952e+00	1.446106e+01	1.446106e+01	
219	2.122800e-02	-3.75161e+00	1.446106e+01	1.446106e+01	
220	2.132800e-02	-4.04145e+00	1.446106e+01	1.446106e+01	
221	2.142800e-02	-4.32590e+00	1.446106e+01	1.446106e+01	
222	2.152800e-02	-4.60740e+00	1.446106e+01	1.446106e+01	
223	2.162800e-02	-4.88308e+00	1.446106e+01	1.446106e+01	
224	2.172800e-02	-5.15514e+00	1.446106e+01	1.446106e+01	
225	2.182800e-02	-5.42095e+00	1.446106e+01	1.446106e+01	
226	2.192800e-02	-5.68251e+00	1.446106e+01	1.446106e+01	
227	2.202800e-02	-5.93740e+00	1.446106e+01	1.446106e+01	
228	2.212800e-02	-6.18743e+00	1.446106e+01	1.446106e+01	

Index   time            output          q.x1.q1#collCX  q.x1.q2#collCX  
--------------------------------------------------------------------------------
229	2.222800e-02	-6.43039e+00	1.446106e+01	1.446106e+01	
230	2.232800e-02	-6.66791e+00	1.446106e+01	1.446106e+01	
231	2.242800e-02	-6.89796e+00	1.446106e+01	1.446106e+01	
232	2.252800e-02	-7.12204e+00	1.446106e+01	1.446106e+01	
233	2.262800e-02	-7.33829e+00	1.446106e+01	1.446106e+01	
234	2.272800e-02	-7.54805e+00	1.446106e+01	1.446106e+01	
235	2.282800e-02	-7.74962e+00	1.446106e+01	1.446106e+01	
236	2.292800e-02	-7.94424e+00	1.446106e+01	1.446106e+01	
237	2.302800e-02	-8.13034e+00	1.446106e+01	1.446106e+01	
238	2.312800e-02	-8.30905e+00	1.446106e+01	1.446106e+01	
239	2.322800e-02	-8.47894e+00	1.446106e+01	1.446106e+01	
240	2.332800e-02	-8.64105e+00	1.446106e+01	1.446106e+01	
241	2.342800e-02	-8.79406e+00	1.446106e+01	1.446106e+01	
242	2.352800e-02	-8.93892e+00	1.446106e+01	1.446106e+01	
243	2.362800e-02	-9.07444e+00	1.446106e+01	1.446106e+01	
244	2.372800e-02	-9.20149e+00	1.446106e+01	1.446106e+01	
245	2.382800e-02	-9.31898e+00	1.446106e+01	1.446106e+01	
246	2.392800e-02	-9.42772e+00	1.446106e+01	1.446106e+01	
247	2.402800e-02	-9.52672e+00	1.446106e+01	1.446106e+01	
248	2.412800e-02	-9.61672e+00	1.446106e+01	1.446106e+01	
249	2.422800e-02	-9.69684e+00	1.446106e+01	1.446106e+01	
250	2.432800e-02	-9.76775e+00	1.446106e+01	1.446106e+01	
251	2.442800e-02	-9.82866e+00	1.446106e+01	1.446106e+01	
252	2.452800e-02	-9.88021e+00	1.446106e+01	1.446106e+01	
253	2.462800e-02	-9.92167e+00	1.446106e+01	1.446106e+01	
254	2.472800e-02	-9.95365e+00	1.446106e+01	1.446106e+01	
255	2.482800e-02	-9.97550e+00	1.446106e+01	1.446106e+01	
256	2.492800e-02	-9.98778e+00	1.446106e+01	1.446106e+01	
257	2.502800e-02	-9.98994e+00	1.446106e+01	1.446106e+01	
258	2.512800e-02	-9.98248e+00	1.446106e+01	1.446106e+01	
259	2.522800e-02	-9.96492e+00	1.446106e+01	1.446106e+01	
260	2.532800e-02	-9.93776e+00	1.446106e+01	1.446106e+01	
261	2.542800e-02	-9.90056e+00	1.446106e+01	1.446106e+01	
262	2.552800e-02	-9.85379e+00	1.446106e+01	1.446106e+01	
263	2.562800e-02	-9.79709e+00	1.446106e+01	1.446106e+01	
264	2.572800e-02	-9.73091e+00	1.446106e+01	1.446106e+01	
265	2.582800e-02	-9.65494e+00	1.446106e+01	1.446106e+01	
266	2.592800e-02	-9.56961e+00	1.446106e+01	1.446106e+01	
267	2.602800e-02	-9.47466e+00	1.446106e+01	1.446106e+01	
268	2.612800e-02	-9.37052e+00	1.446106e+01	1.446106e+01	
269	2.622800e-02	-9.25696e+00	1.446106e+01	1.446106e+01	
270	2.632800e-02	-9.13442e+00	1.446106e+01	1.446106e+01	
271	2.642800e-02	-9.00271e+00	1.446106e+01	1.446106e+01	
272	2.652800e-02	-8.86224e+00	1.446106e+01	1.446106e+01	
273	2.662800e-02	-8.71290e+00	1.446106e+01	1.446106e+01	
274	2.672800e-02	-8.55507e+00	1.446106e+01	1.446106e+01	
275	2.682800e-02	-8.38868e+00	1.446106e+01	1.446106e+01	
276	2.692800e-02	-8.21411e+00	1.446106e+01	1.446106e+01	
277	2.702800e-02	-8.03132e+00	1.446106e+01	1.446106e+01	
278	2.712800e-02	-7.84071e+00	1.446106e+01	1.446106e+01	
279	2.722800e-02	-7.64225e+00	1.446106e+01	1.446106e+01	
280	2.732800e-02	-7.43633e+00	1.446106e+01	1.446106e+01	
281	2.742800e-02	-7.22298e+00	1.446106e+01	1.446106e+01	
282	2.752800e-02	-7.00258e+00	1.446106e+01	1.446106e+01	
283	2.762800e-02	-6.77518e+00	1.446106e+01	1.446106e+01	
284	2.772800e-02	-6.54117e+00	1.446106e+01	1.446106e+01	
285	2.782800e-02	-6.30062e+00	1.446106e+01	1.446106e+01	
286	2.792800e-02	-6.05392e+00	1.446106e+01	1.446106e+01	

Index   time            output          q.x1.q1#collCX  q.x1.q2#collCX  
--------------------------------------------------------------------------------
287	2.802800e-02	-5.80116e+00	1.446106e+01	1.446106e+01	
288	2.812800e-02	-5.54274e+00	1.446106e+01	1.446106e+01	
289	2.822800e-02	-5.27878e+00	1.446106e+01	1.446106e+01	
290	2.832800e-02	-5.00967e+00	1.446106e+01	1.446106e+01	
291	2.842800e-02	-4.73554e+00	1.446106e+01	1.446106e+01	
292	2.852800e-02	-4.45679e+00	1.446106e+01	1.446106e+01	
293	2.862800e-02	-4.17358e+00	1.446106e+01	1.446106e+01	
294	2.872800e-02	-3.88630e+00	1.446106e+01	1.446106e+01	
295	2.882800e-02	-3.59513e+00	1.446106e+01	1.446106e+01	
296	2.892800e-02	-3.30044e+00	1.446106e+01	1.446106e+01	
297	2.902800e-02	-3.00245e+00	1.446106e+01	1.446106e+01	
298	2.912800e-02	-2.70153e+00	1.446106e+01	1.446106e+01	
299	2.922800e-02	-2.39790e+00	1.446106e+01	1.446106e+01	
300	2.932800e-02	-2.09194e+00	1.446106e+01	1.446106e+01	
301	2.942800e-02	-1.78387e+00	1.446106e+01	1.446106e+01	
302	2.952800e-02	-1.47406e+00	1.446106e+01	1.446106e+01	
303	2.962800e-02	-1.16277e+00	1.446106e+01	1.446106e+01	
304	2.972800e-02	-8.50370e-01	1.446106e+01	1.446106e+01	
305	2.982800e-02	-5.37124e-01	1.446106e+01	1.446106e+01	
306	2.992800e-02	-2.23477e-01	1.446106e+01	1.446106e+01	
307	3.002800e-02	8.959655e-02	1.446106e+01	1.446106e+01	
308	3.012800e-02	4.054353e-01	1.446106e+01	1.446106e+01	
309	3.022800e-02	7.177214e-01	1.446106e+01	1.446106e+01	
310	3.032800e-02	1.031985e+00	1.446106e+01	1.446106e+01	
311	3.042800e-02	1.342614e+00	1.446106e+01	1.446106e+01	
312	3.052800e-02	1.654416e+00	1.446106e+01	1.446106e+01	
313	3.062800e-02	1.962196e+00	1.446106e+01	1.446106e+01	
314	3.072800e-02	2.270331e+00	1.446106e+01	1.446106e+01	
315	3.082800e-02	2.574046e+00	1.446106e+01	1.446106e+01	
316	3.092800e-02	2.877315e+00	1.446106e+01	1.446106e+01	
317	3.102800e-02	3.175754e+00	1.446106e+01	1.446106e+01	
318	3.112800e-02	3.472974e+00	1.446106e+01	1.446106e+01	
319	3.122800e-02	3.764948e+00	1.446106e+01	1.446106e+01	
320	3.132800e-02	4.054959e+00	1.446106e+01	1.446106e+01	
321	3.142800e-02	4.339304e+00	1.446106e+01	1.446106e+01	
322	3.152800e-02	4.620971e+00	1.446106e+01	1.446106e+01	
323	3.162800e-02	4.896557e+00	1.446106e+01	1.446106e+01	
324	3.172800e-02	5.168777e+00	1.446106e+01	1.446106e+01	
325	3.182800e-02	5.434507e+00	1.446106e+01	1.446106e+01	
326	3.192800e-02	5.696215e+00	1.446106e+01	1.446106e+01	
327	3.202800e-02	5.951031e+00	1.446106e+01	1.446106e+01	
328	3.212800e-02	6.201202e+00	1.446106e+01	1.446106e+01	
329	3.222800e-02	6.444092e+00	1.446106e+01	1.446106e+01	
330	3.232800e-02	6.681746e+00	1.446106e+01	1.446106e+01	
331	3.242800e-02	6.911744e+00	1.446106e+01	1.446106e+01	
332	3.252800e-02	7.135948e+00	1.446106e+01	1.446106e+01	
333	3.262800e-02	7.352141e+00	1.446106e+01	1.446106e+01	
334	3.272800e-02	7.562018e+00	1.446106e+01	1.446106e+01	
335	3.282800e-02	7.763546e+00	1.446106e+01	1.446106e+01	
336	3.292800e-02	7.958272e+00	1.446106e+01	1.446106e+01	
337	3.302800e-02	8.144334e+00	1.446106e+01	1.446106e+01	
338	3.312800e-02	8.323146e+00	1.446106e+01	1.446106e+01	
339	3.322800e-02	8.493004e+00	1.446106e+01	1.446106e+01	
340	3.332800e-02	8.655200e+00	1.446106e+01	1.446106e+01	
341	3.342800e-02	8.808179e+00	1.446106e+01	1.446106e+01	
342	3.352800e-02	8.953124e+00	1.446106e+01	1.446106e+01	
343	3.362800e-02	9.088615e+00	1.446106e+01	1.446106e+01	
344	3.372800e-02	9.215741e+00	1.446106e+01	1.446106e+01	

Index   time            output          q.x1.q1#collCX  q.x1.q2#collCX  
--------------------------------------------------------------------------------
345	3.382800e-02	9.333207e+00	1.446106e+01	1.446106e+01	
346	3.392800e-02	9.442014e+00	1.446106e+01	1.446106e+01	
347	3.402800e-02	9.540988e+00	1.446106e+01	1.446106e+01	
348	3.412800e-02	9.631051e+00	1.446106e+01	1.446106e+01	
349	3.422800e-02	9.711138e+00	1.446106e+01	1.446106e+01	
350	3.432800e-02	9.782105e+00	1.446106e+01	1.446106e+01	
351	3.442800e-02	9.842987e+00	1.446106e+01	1.446106e+01	
352	3.452800e-02	9.894579e+00	1.446106e+01	1.446106e+01	
353	3.462800e-02	9.936013e+00	1.446106e+01	1.446106e+01	
354	3.472800e-02	9.968030e+00	1.446106e+01	1.446106e+01	
355	3.482800e-02	9.989851e+00	1.446106e+01	1.446106e+01	
356	3.492800e-02	1.000217e+01	1.446106e+01	1.446106e+01	
357	3.502800e-02	1.000429e+01	1.446106e+01	1.446106e+01	
358	3.512800e-02	9.996858e+00	1.446106e+01	1.446106e+01	
359	3.522800e-02	9.979264e+00	1.446106e+01	1.446106e+01	
360	3.532800e-02	9.952121e+00	1.446106e+01	1.446106e+01	
361	3.542800e-02	9.914882e+00	1.446106e+01	1.446106e+01	
362	3.552800e-02	9.868132e+00	1.446106e+01	1.446106e+01	
363	3.562800e-02	9.811395e+00	1.446106e+01	1.446106e+01	
364	3.572800e-02	9.745225e+00	1.446106e+01	1.446106e+01	
365	3.582800e-02	9.669210e+00	1.446106e+01	1.446106e+01	
366	3.592800e-02	9.583883e+00	1.446106e+01	1.446106e+01	
367	3.602800e-02	9.488891e+00	1.446106e+01	1.446106e+01	
368	3.612800e-02	9.384744e+00	1.446106e+01	1.446106e+01	
369	3.622800e-02	9.271147e+00	1.446106e+01	1.446106e+01	
370	3.632800e-02	9.148593e+00	1.446106e+01	1.446106e+01	
371	3.642800e-02	9.016839e+00	1.446106e+01	1.446106e+01	
372	3.652800e-02	8.876363e+00	1.446106e+01	1.446106e+01	
373	3.662800e-02	8.726970e+00	1.446106e+01	1.446106e+01	
374	3.672800e-02	8.569128e+00	1.446106e+01	1.446106e+01	
375	3.682800e-02	8.402686e+00	1.446106e+01	1.446106e+01	
376	3.692800e-02	8.228100e+00	1.446106e+01	1.446106e+01	
377	3.702800e-02	8.045264e+00	1.446106e+01	1.446106e+01	
378	3.712800e-02	7.854626e+00	1.446106e+01	1.446106e+01	
379	3.722800e-02	7.656118e+00	1.446106e+01	1.446106e+01	
380	3.732800e-02	7.450180e+00	1.446106e+01	1.446106e+01	
381	3.742800e-02	7.236781e+00	1.446106e+01	1.446106e+01	
382	3.752800e-02	7.016357e+00	1.446106e+01	1.446106e+01	
383	3.762800e-02	6.788910e+00	1.446106e+01	1.446106e+01	
384	3.772800e-02	6.554871e+00	1.446106e+01	1.446106e+01	
385	3.782800e-02	6.314273e+00	1.446106e+01	1.446106e+01	
386	3.792800e-02	6.067542e+00	1.446106e+01	1.446106e+01	
387	3.802800e-02	5.814742e+00	1.446106e+01	1.446106e+01	
388	3.812800e-02	5.556294e+00	1.446106e+01	1.446106e+01	
389	3.822800e-02	5.292290e+00	1.446106e+01	1.446106e+01	
390	3.832800e-02	5.023146e+00	1.446106e+01	1.446106e+01	
391	3.842800e-02	4.748979e+00	1.446106e+01	1.446106e+01	
392	3.852800e-02	4.470201e+00	1.446106e+01	1.446106e+01	
393	3.862800e-02	4.186953e+00	1.446106e+01	1.446106e+01	
394	3.872800e-02	3.899643e+00	1.446106e+01	1.446106e+01	
395	3.882800e-02	3.608430e+00	1.446106e+01	1.446106e+01	
396	3.892800e-02	3.313722e+00	1.446106e+01	1.446106e+01	
397	3.902800e-02	3.015696e+00	1.446106e+01	1.446106e+01	
398	3.912800e-02	2.714754e+00	1.446106e+01	1.446106e+01	
399	3.922800e-02	2.411090e+00	1.446106e+01	1.446106e+01	
400	3.932800e-02	2.105104e+00	1.446106e+01	1.446106e+01	
401	3.942800e-02	1.797002e+00	1.446106e+01	1.446106e+01	
402	3.952800e-02	1.487182e+00	1.446106e+01	1.446106e+01	

Index   time            output          q.x1.q1#collCX  q.x1.q2#collCX  
--------------------------------------------------------------------------------
403	3.962800e-02	1.175863e+00	1.446106e+01	1.446106e+01	
404	3.972800e-02	8.634433e-01	1.446106e+01	1.446106e+01	
405	3.982800e-02	5.501711e-01	1.446106e+01	1.446106e+01	
406	3.992800e-02	2.365026e-01	1.446106e+01	1.446106e+01	
407	4.002800e-02	-7.65504e-02	1.446106e+01	1.446106e+01	
408	4.012800e-02	-3.92206e-01	1.446106e+01	1.446106e+01	
409	4.022800e-02	-7.04667e-01	1.446106e+01	1.446106e+01	
410	4.032800e-02	-1.01872e+00	1.446106e+01	1.446106e+01	
411	4.042800e-02	-1.32953e+00	1.446106e+01	1.446106e+01	
412	4.052800e-02	-1.64110e+00	1.446106e+01	1.446106e+01	
413	4.062800e-02	-1.94905e+00	1.446106e+01	1.446106e+01	
414	4.072800e-02	-2.25698e+00	1.446106e+01	1.446106e+01	
415	4.082800e-02	-2.56084e+00	1.446106e+01	1.446106e+01	
416	4.092800e-02	-2.86391e+00	1.446106e+01	1.446106e+01	
417	4.102800e-02	-3.16249e+00	1.446106e+01	1.446106e+01	
418	4.112800e-02	-3.45952e+00	1.446106e+01	1.446106e+01	
419	4.122800e-02	-3.75161e+00	1.446106e+01	1.446106e+01	
420	4.132800e-02	-4.04145e+00	1.446106e+01	1.446106e+01	
421	4.142800e-02	-4.32590e+00	1.446106e+01	1.446106e+01	
422	4.152800e-02	-4.60740e+00	1.446106e+01	1.446106e+01	
423	4.162800e-02	-4.88308e+00	1.446106e+01	1.446106e+01	
424	4.172800e-02	-5.15514e+00	1.446106e+01	1.446106e+01	
425	4.182800e-02	-5.42095e+00	1.446106e+01	1.446106e+01	
426	4.192800e-02	-5.68251e+00	1.446106e+01	1.446106e+01	
427	4.202800e-02	-5.93740e+00	1.446106e+01	1.446106e+01	
428	4.212800e-02	-6.18743e+00	1.446106e+01	1.446106e+01	
429	4.222800e-02	-6.43039e+00	1.446106e+01	1.446106e+01	
430	4.232800e-02	-6.66791e+00	1.446106e+01	1.446106e+01	
431	4.242800e-02	-6.89796e+00	1.446106e+01	1.446106e+01	
432	4.252800e-02	-7.12204e+00	1.446106e+01	1.446106e+01	
433	4.262800e-02	-7.33829e+00	1.446106e+01	1.446106e+01	
434	4.272800e-02	-7.54805e+00	1.446106e+01	1.446106e+01	
435	4.282800e-02	-7.74962e+00	1.446106e+01	1.446106e+01	
436	4.292800e-02	-7.94424e+00	1.446106e+01	1.446106e+01	
437	4.302800e-02	-8.13034e+00	1.446106e+01	1.446106e+01	
438	4.312800e-02	-8.30905e+00	1.446106e+01	1.446106e+01	
439	4.322800e-02	-8.47894e+00	1.446106e+01	1.446106e+01	
440	4.332800e-02	-8.64105e+00	1.446106e+01	1.446106e+01	
441	4.342800e-02	-8.79406e+00	1.446106e+01	1.446106e+01	
442	4.352800e-02	-8.93892e+00	1.446106e+01	1.446106e+01	
443	4.362800e-02	-9.07444e+00	1.446106e+01	1.446106e+01	
444	4.372800e-02	-9.20149e+00	1.446106e+01	1.446106e+01	
445	4.382800e-02	-9.31898e+00	1.446106e+01	1.446106e+01	
446	4.392800e-02	-9.42772e+00	1.446106e+01	1.446106e+01	
447	4.402800e-02	-9.52672e+00	1.446106e+01	1.446106e+01	
448	4.412800e-02	-9.61672e+00	1.446106e+01	1.446106e+01	
449	4.422800e-02	-9.69684e+00	1.446106e+01	1.446106e+01	
450	4.432800e-02	-9.76775e+00	1.446106e+01	1.446106e+01	
451	4.442800e-02	-9.82866e+00	1.446106e+01	1.446106e+01	
452	4.452800e-02	-9.88021e+00	1.446106e+01	1.446106e+01	
453	4.462800e-02	-9.92167e+00	1.446106e+01	1.446106e+01	
454	4.472800e-02	-9.95365e+00	1.446106e+01	1.446106e+01	
455	4.482800e-02	-9.97550e+00	1.446106e+01	1.446106e+01	
456	4.492800e-02	-9.98778e+00	1.446106e+01	1.446106e+01	
457	4.502800e-02	-9.98994e+00	1.446106e+01	1.446106e+01	
458	4.512800e-02	-9.98248e+00	1.446106e+01	1.446106e+01	
459	4.522800e-02	-9.96492e+00	1.446106e+01	1.446106e+01	
460	4.532800e-02	-9.93776e+00	1.446106e+01	1.446106e+01	

Index   time            output          q.x1.q1#collCX  q.x1.q2#collCX  
--------------------------------------------------------------------------------
461	4.542800e-02	-9.90056e+00	1.446106e+01	1.446106e+01	
462	4.552800e-02	-9.85379e+00	1.446106e+01	1.446106e+01	
463	4.562800e-02	-9.79709e+00	1.446106e+01	1.446106e+01	
464	4.572800e-02	-9.73091e+00	1.446106e+01	1.446106e+01	
465	4.582800e-02	-9.65494e+00	1.446106e+01	1.446106e+01	
466	4.592800e-02	-9.56961e+00	1.446106e+01	1.446106e+01	
467	4.602800e-02	-9.47466e+00	1.446106e+01	1.446106e+01	
468	4.612800e-02	-9.37052e+00	1.446106e+01	1.446106e+01	
469	4.622800e-02	-9.25696e+00	1.446106e+01	1.446106e+01	
470	4.632800e-02	-9.13442e+00	1.446106e+01	1.446106e+01	
471	4.642800e-02	-9.00271e+00	1.446106e+01	1.446106e+01	
472	4.652800e-02	-8.86224e+00	1.446106e+01	1.446106e+01	
473	4.662800e-02	-8.71290e+00	1.446106e+01	1.446106e+01	
474	4.672800e-02	-8.55507e+00	1.446106e+01	1.446106e+01	
475	4.682800e-02	-8.38868e+00	1.446106e+01	1.446106e+01	
476	4.692800e-02	-8.21411e+00	1.446106e+01	1.446106e+01	
477	4.702800e-02	-8.03132e+00	1.446106e+01	1.446106e+01	
478	4.712800e-02	-7.84070e+00	1.446106e+01	1.446106e+01	
479	4.722800e-02	-7.64225e+00	1.446106e+01	1.446106e+01	
480	4.732800e-02	-7.43633e+00	1.446106e+01	1.446106e+01	
481	4.742800e-02	-7.22298e+00	1.446106e+01	1.446106e+01	
482	4.752800e-02	-7.00258e+00	1.446106e+01	1.446106e+01	
483	4.762800e-02	-6.77518e+00	1.446106e+01	1.446106e+01	
484	4.772800e-02	-6.54117e+00	1.446106e+01	1.446106e+01	
485	4.782800e-02	-6.30062e+00	1.446106e+01	1.446106e+01	
486	4.792800e-02	-6.05392e+00	1.446106e+01	1.446106e+01	
487	4.802800e-02	-5.80116e+00	1.446106e+01	1.446106e+01	
488	4.812800e-02	-5.54274e+00	1.446106e+01	1.446106e+01	
489	4.822800e-02	-5.27878e+00	1.446106e+01	1.446106e+01	
490	4.832800e-02	-5.00967e+00	1.446106e+01	1.446106e+01	
491	4.842800e-02	-4.73554e+00	1.446106e+01	1.446106e+01	
492	4.852800e-02	-4.45679e+00	1.446106e+01	1.446106e+01	
493	4.862800e-02	-4.17358e+00	1.446106e+01	1.446106e+01	
494	4.872800e-02	-3.88630e+00	1.446106e+01	1.446106e+01	
495	4.882800e-02	-3.59513e+00	1.446106e+01	1.446106e+01	
496	4.892800e-02	-3.30044e+00	1.446106e+01	1.446106e+01	
497	4.902800e-02	-3.00245e+00	1.446106e+01	1.446106e+01	
498	4.912800e-02	-2.70153e+00	1.446106e+01	1.446106e+01	
499	4.922800e-02	-2.39790e+00	1.446106e+01	1.446106e+01	
500	4.932800e-02	-2.09194e+00	1.446106e+01	1.446106e+01	
501	4.942800e-02	-1.78387e+00	1.446106e+01	1.446106e+01	
502	4.952800e-02	-1.47406e+00	1.446106e+01	1.446106e+01	
503	4.962800e-02	-1.16277e+00	1.446106e+01	1.446106e+01	
504	4.972800e-02	-8.50369e-01	1.446106e+01	1.446106e+01	
505	4.982800e-02	-5.37124e-01	1.446106e+01	1.446106e+01	
506	4.992800e-02	-2.23476e-01	1.446106e+01	1.446106e+01	
507	5.002800e-02	8.959620e-02	1.446106e+01	1.446106e+01	
508	5.012800e-02	4.054357e-01	1.446106e+01	1.446106e+01	
509	5.022800e-02	7.177211e-01	1.446106e+01	1.446106e+01	
510	5.032800e-02	1.031985e+00	1.446106e+01	1.446106e+01	
511	5.042800e-02	1.342614e+00	1.446106e+01	1.446106e+01	
512	5.052800e-02	1.654416e+00	1.446106e+01	1.446106e+01	
513	5.062800e-02	1.962196e+00	1.446106e+01	1.446106e+01	
514	5.072800e-02	2.270331e+00	1.446106e+01	1.446106e+01	
515	5.082800e-02	2.574045e+00	1.446106e+01	1.446106e+01	
516	5.092800e-02	2.877315e+00	1.446106e+01	1.446106e+01	
517	5.102800e-02	3.175754e+00	1.446106e+01	1.446106e+01	
518	5.112800e-02	3.472975e+00	1.446106e+01	1.446106e+01	

Index   time            output          q.x1.q1#collCX  q.x1.q2#collCX  
--------------------------------------------------------------------------------
519	5.122800e-02	3.764948e+00	1.446106e+01	1.446106e+01	
520	5.132800e-02	4.054959e+00	1.446106e+01	1.446106e+01	
521	5.142800e-02	4.339304e+00	1.446106e+01	1.446106e+01	
522	5.152800e-02	4.620971e+00	1.446106e+01	1.446106e+01	
523	5.162800e-02	4.896557e+00	1.446106e+01	1.446106e+01	
524	5.172800e-02	5.168777e+00	1.446106e+01	1.446106e+01	
525	5.182800e-02	5.434507e+00	1.446106e+01	1.446106e+01	
526	5.192800e-02	5.696215e+00	1.446106e+01	1.446106e+01	
527	5.202800e-02	5.951031e+00	1.446106e+01	1.446106e+01	
528	5.212800e-02	6.201202e+00	1.446106e+01	1.446106e+01	
529	5.222800e-02	6.444092e+00	1.446106e+01	1.446106e+01	
530	5.232800e-02	6.681746e+00	1.446106e+01	1.446106e+01	
531	5.242800e-02	6.911744e+00	1.446106e+01	1.446106e+01	
532	5.252800e-02	7.135948e+00	1.446106e+01	1.446106e+01	
533	5.262800e-02	7.352141e+00	1.446106e+01	1.446106e+01	
534	5.272800e-02	7.562018e+00	1.446106e+01	1.446106e+01	
535	5.282800e-02	7.763546e+00	1.446106e+01	1.446106e+01	
536	5.292800e-02	7.958272e+00	1.446106e+01	1.446106e+01	
537	5.302800e-02	8.144334e+00	1.446106e+01	1.446106e+01	
538	5.312800e-02	8.323146e+00	1.446106e+01	1.446106e+01	
539	5.322800e-02	8.493004e+00	1.446106e+01	1.446106e+01	
540	5.332800e-02	8.655200e+00	1.446106e+01	1.446106e+01	
541	5.342800e-02	8.808179e+00	1.446106e+01	1.446106e+01	
542	5.352800e-02	8.953124e+00	1.446106e+01	1.446106e+01	
543	5.362800e-02	9.088616e+00	1.446106e+01	1.446106e+01	
544	5.372800e-02	9.215741e+00	1.446106e+01	1.446106e+01	
545	5.382800e-02	9.333207e+00	1.446106e+01	1.446106e+01	
546	5.392800e-02	9.442014e+00	1.446106e+01	1.446106e+01	
547	5.402800e-02	9.540988e+00	1.446106e+01	1.446106e+01	
548	5.412800e-02	9.631051e+00	1.446106e+01	1.446106e+01	
549	5.422800e-02	9.711138e+00	1.446106e+01	1.446106e+01	
550	5.432800e-02	9.782104e+00	1.446106e+01	1.446106e+01	
551	5.442800e-02	9.842987e+00	1.446106e+01	1.446106e+01	
552	5.452800e-02	9.894579e+00	1.446106e+01	1.446106e+01	
553	5.462800e-02	9.936014e+00	1.446106e+01	1.446106e+01	
554	5.472800e-02	9.968030e+00	1.446106e+01	1.446106e+01	
555	5.482800e-02	9.989851e+00	1.446106e+01	1.446106e+01	
556	5.492800e-02	1.000217e+01	1.446106e+01	1.446106e+01	
557	5.502800e-02	1.000429e+01	1.446106e+01	1.446106e+01	
558	5.512800e-02	9.996858e+00	1.446106e+01	1.446106e+01	
559	5.522800e-02	9.979264e+00	1.446106e+01	1.446106e+01	
560	5.532800e-02	9.952120e+00	1.446106e+01	1.446106e+01	
561	5.542800e-02	9.914882e+00	1.446106e+01	1.446106e+01	
562	5.552800e-02	9.868132e+00	1.446106e+01	1.446106e+01	
563	5.562800e-02	9.811395e+00	1.446106e+01	1.446106e+01	
564	5.572800e-02	9.745225e+00	1.446106e+01	1.446106e+01	
565	5.582800e-02	9.669211e+00	1.446106e+01	1.446106e+01	
566	5.592800e-02	9.583883e+00	1.446106e+01	1.446106e+01	
567	5.602800e-02	9.488891e+00	1.446106e+01	1.446106e+01	
568	5.612800e-02	9.384744e+00	1.446106e+01	1.446106e+01	
569	5.622800e-02	9.271147e+00	1.446106e+01	1.446106e+01	
570	5.632800e-02	9.148593e+00	1.446106e+01	1.446106e+01	
571	5.642800e-02	9.016839e+00	1.446106e+01	1.446106e+01	
572	5.652800e-02	8.876363e+00	1.446106e+01	1.446106e+01	
573	5.662800e-02	8.726971e+00	1.446106e+01	1.446106e+01	
574	5.672800e-02	8.569128e+00	1.446106e+01	1.446106e+01	
575	5.682800e-02	8.402686e+00	1.446106e+01	1.446106e+01	
576	5.692800e-02	8.228100e+00	1.446106e+01	1.446106e+01	

Index   time            output          q.x1.q1#collCX  q.x1.q2#collCX  
--------------------------------------------------------------------------------
577	5.702800e-02	8.045265e+00	1.446106e+01	1.446106e+01	
578	5.712800e-02	7.854626e+00	1.446106e+01	1.446106e+01	
579	5.722800e-02	7.656118e+00	1.446106e+01	1.446106e+01	
580	5.732800e-02	7.450179e+00	1.446106e+01	1.446106e+01	
581	5.742800e-02	7.236781e+00	1.446106e+01	1.446106e+01	
582	5.752800e-02	7.016357e+00	1.446106e+01	1.446106e+01	
583	5.762800e-02	6.788911e+00	1.446106e+01	1.446106e+01	
584	5.772800e-02	6.554870e+00	1.446106e+01	1.446106e+01	
585	5.782800e-02	6.314273e+00	1.446106e+01	1.446106e+01	
586	5.792800e-02	6.067542e+00	1.446106e+01	1.446106e+01	
587	5.802800e-02	5.814743e+00	1.446106e+01	1.446106e+01	
588	5.812800e-02	5.556294e+00	1.446106e+01	1.446106e+01	
589	5.822800e-02	5.292290e+00	1.446106e+01	1.446106e+01	
590	5.832800e-02	5.023146e+00	1.446106e+01	1.446106e+01	
591	5.842800e-02	4.748979e+00	1.446106e+01	1.446106e+01	
592	5.852800e-02	4.470201e+00	1.446106e+01	1.446106e+01	
593	5.862800e-02	4.186953e+00	1.446106e+01	1.446106e+01	
594	5.872800e-02	3.899642e+00	1.446106e+01	1.446106e+01	
595	5.882800e-02	3.608431e+00	1.446106e+01	1.446106e+01	
596	5.892800e-02	3.313722e+00	1.446106e+01	1.446106e+01	
597	5.902800e-02	3.015696e+00	1.446106e+01	1.446106e+01	
598	5.912800e-02	2.714754e+00	1.446106e+01	1.446106e+01	
599	5.922800e-02	2.411090e+00	1.446106e+01	1.446106e+01	
600	5.932800e-02	2.105104e+00	1.446106e+01	1.446106e+01	
601	5.942800e-02	1.797002e+00	1.446106e+01	1.446106e+01	
602	5.952800e-02	1.487181e+00	1.446106e+01	1.446106e+01	
603	5.962800e-02	1.175864e+00	1.446106e+01	1.446106e+01	
604	5.972800e-02	8.634431e-01	1.446106e+01	1.446106e+01	
605	5.982800e-02	5.501712e-01	1.446106e+01	1.446106e+01	
606	5.992800e-02	2.365024e-01	1.446106e+01	1.446106e+01	
607	6.002800e-02	-7.65502e-02	1.446106e+01	1.446106e+01	
608	6.012800e-02	-3.92206e-01	1.446106e+01	1.446106e+01	
609	6.022800e-02	-7.04667e-01	1.446106e+01	1.446106e+01	
610	6.032800e-02	-1.01872e+00	1.446106e+01	1.446106e+01	
611	6.042800e-02	-1.32953e+00	1.446106e+01	1.446106e+01	
612	6.052800e-02	-1.64110e+00	1.446106e+01	1.446106e+01	
613	6.062800e-02	-1.94905e+00	1.446106e+01	1.446106e+01	
614	6.072800e-02	-2.25698e+00	1.446106e+01	1.446106e+01	
615	6.082800e-02	-2.56084e+00	1.446106e+01	1.446106e+01	
616	6.092800e-02	-2.86391e+00	1.446106e+01	1.446106e+01	
617	6.102800e-02	-3.16249e+00	1.446106e+01	1.446106e+01	
618	6.112800e-02	-3.45952e+00	1.446106e+01	1.446106e+01	
619	6.122800e-02	-3.75161e+00	1.446106e+01	1.446106e+01	
620	6.132800e-02	-4.04145e+00	1.446106e+01	1.446106e+01	
621	6.142800e-02	-4.32590e+00	1.446106e+01	1.446106e+01	
622	6.152800e-02	-4.60740e+00	1.446106e+01	1.446106e+01	
623	6.162800e-02	-4.88308e+00	1.446106e+01	1.446106e+01	
624	6.172800e-02	-5.15514e+00	1.446106e+01	1.446106e+01	
625	6.182800e-02	-5.42095e+00	1.446106e+01	1.446106e+01	
626	6.192800e-02	-5.68251e+00	1.446106e+01	1.446106e+01	
627	6.202800e-02	-5.93740e+00	1.446106e+01	1.446106e+01	
628	6.212800e-02	-6.18743e+00	1.446106e+01	1.446106e+01	
629	6.222800e-02	-6.43039e+00	1.446106e+01	1.446106e+01	
630	6.232800e-02	-6.66791e+00	1.446106e+01	1.446106e+01	
631	6.242800e-02	-6.89796e+00	1.446106e+01	1.446106e+01	
632	6.252800e-02	-7.12204e+00	1.446106e+01	1.446106e+01	
633	6.262800e-02	-7.33829e+00	1.446106e+01	1.446106e+01	
634	6.272800e-02	-7.54805e+00	1.446106e+01	1.446106e+01	

Index   time            output          q.x1.q1#collCX  q.x1.q2#collCX  
--------------------------------------------------------------------------------
635	6.282800e-02	-7.74962e+00	1.446106e+01	1.446106e+01	
636	6.292800e-02	-7.94424e+00	1.446106e+01	1.446106e+01	
637	6.302800e-02	-8.13034e+00	1.446106e+01	1.446106e+01	
638	6.312800e-02	-8.30905e+00	1.446106e+01	1.446106e+01	
639	6.322800e-02	-8.47894e+00	1.446106e+01	1.446106e+01	
640	6.332800e-02	-8.64105e+00	1.446106e+01	1.446106e+01	
641	6.342800e-02	-8.79406e+00	1.446106e+01	1.446106e+01	
642	6.352800e-02	-8.93892e+00	1.446106e+01	1.446106e+01	
643	6.362800e-02	-9.07444e+00	1.446106e+01	1.446106e+01	
644	6.372800e-02	-9.20149e+00	1.446106e+01	1.446106e+01	
645	6.382800e-02	-9.31899e+00	1.446106e+01	1.446106e+01	
646	6.392800e-02	-9.42772e+00	1.446106e+01	1.446106e+01	
647	6.402800e-02	-9.52672e+00	1.446106e+01	1.446106e+01	
648	6.412800e-02	-9.61672e+00	1.446106e+01	1.446106e+01	
649	6.422800e-02	-9.69684e+00	1.446106e+01	1.446106e+01	
650	6.432800e-02	-9.76775e+00	1.446106e+01	1.446106e+01	
651	6.442800e-02	-9.82866e+00	1.446106e+01	1.446106e+01	
652	6.452800e-02	-9.88021e+00	1.446106e+01	1.446106e+01	
653	6.462800e-02	-9.92167e+00	1.446106e+01	1.446106e+01	
654	6.472800e-02	-9.95365e+00	1.446106e+01	1.446106e+01	
655	6.482800e-02	-9.97550e+00	1.446106e+01	1.446106e+01	
656	6.492800e-02	-9.98778e+00	1.446106e+01	1.446106e+01	
657	6.502800e-02	-9.98994e+00	1.446106e+01	1.446106e+01	
658	6.512800e-02	-9.98248e+00	1.446106e+01	1.446106e+01	
659	6.522800e-02	-9.96492e+00	1.446106e+01	1.446106e+01	
660	6.532800e-02	-9.93776e+00	1.446106e+01	1.446106e+01	
661	6.542800e-02	-9.90056e+00	1.446106e+01	1.446106e+01	
662	6.552800e-02	-9.85379e+00	1.446106e+01	1.446106e+01	
663	6.562800e-02	-9.79709e+00	1.446106e+01	1.446106e+01	
664	6.572800e-02	-9.73091e+00	1.446106e+01	1.446106e+01	
665	6.582800e-02	-9.65494e+00	1.446106e+01	1.446106e+01	
666	6.592800e-02	-9.56961e+00	1.446106e+01	1.446106e+01	
667	6.602800e-02	-9.47466e+00	1.446106e+01	1.446106e+01	
668	6.612800e-02	-9.37052e+00	1.446106e+01	1.446106e+01	
669	6.622800e-02	-9.25696e+00	1.446106e+01	1.446106e+01	
670	6.632800e-02	-9.13442e+00	1.446106e+01	1.446106e+01	
671	6.642800e-02	-9.00271e+00	1.446106e+01	1.446106e+01	
672	6.652800e-02	-8.86224e+00	1.446106e+01	1.446106e+01	
673	6.662800e-02	-8.71290e+00	1.446106e+01	1.446106e+01	
674	6.672800e-02	-8.55507e+00	1.446106e+01	1.446106e+01	
675	6.682800e-02	-8.38868e+00	1.446106e+01	1.446106e+01	
676	6.692800e-02	-8.21411e+00	1.446106e+01	1.446106e+01	
677	6.702800e-02	-8.03132e+00	1.446106e+01	1.446106e+01	
678	6.712800e-02	-7.84070e+00	1.446106e+01	1.446106e+01	
679	6.722800e-02	-7.64225e+00	1.446106e+01	1.446106e+01	
680	6.732800e-02	-7.43633e+00	1.446106e+01	1.446106e+01	
681	6.742800e-02	-7.22298e+00	1.446106e+01	1.446106e+01	
682	6.752800e-02	-7.00258e+00	1.446106e+01	1.446106e+01	
683	6.762800e-02	-6.77518e+00	1.446106e+01	1.446106e+01	
684	6.772800e-02	-6.54117e+00	1.446106e+01	1.446106e+01	
685	6.782800e-02	-6.30062e+00	1.446106e+01	1.446106e+01	
686	6.792800e-02	-6.05392e+00	1.446106e+01	1.446106e+01	
687	6.802800e-02	-5.80116e+00	1.446106e+01	1.446106e+01	
688	6.812800e-02	-5.54274e+00	1.446106e+01	1.446106e+01	
689	6.822800e-02	-5.27878e+00	1.446106e+01	1.446106e+01	
690	6.832800e-02	-5.00967e+00	1.446106e+01	1.446106e+01	
691	6.842800e-02	-4.73554e+00	1.446106e+01	1.446106e+01	
692	6.852800e-02	-4.45679e+00	1.446106e+01	1.446106e+01	

Index   time            output          q.x1.q1#collCX  q.x1.q2#collCX  
--------------------------------------------------------------------------------
693	6.862800e-02	-4.17359e+00	1.446106e+01	1.446106e+01	
694	6.872800e-02	-3.88630e+00	1.446106e+01	1.446106e+01	
695	6.882800e-02	-3.59513e+00	1.446106e+01	1.446106e+01	
696	6.892800e-02	-3.30044e+00	1.446106e+01	1.446106e+01	
697	6.902800e-02	-3.00245e+00	1.446106e+01	1.446106e+01	
698	6.912800e-02	-2.70153e+00	1.446106e+01	1.446106e+01	
699	6.922800e-02	-2.39790e+00	1.446106e+01	1.446106e+01	
700	6.932800e-02	-2.09194e+00	1.446106e+01	1.446106e+01	
701	6.942800e-02	-1.78387e+00	1.446106e+01	1.446106e+01	
702	6.952800e-02	-1.47406e+00	1.446106e+01	1.446106e+01	
703	6.962800e-02	-1.16277e+00	1.446106e+01	1.446106e+01	
704	6.972800e-02	-8.50369e-01	1.446106e+01	1.446106e+01	
705	6.982800e-02	-5.37124e-01	1.446106e+01	1.446106e+01	
706	6.992800e-02	-2.23476e-01	1.446106e+01	1.446106e+01	
707	7.002800e-02	8.959584e-02	1.446106e+01	1.446106e+01	
708	7.012800e-02	4.054360e-01	1.446106e+01	1.446106e+01	
709	7.022800e-02	7.177208e-01	1.446106e+01	1.446106e+01	
710	7.032800e-02	1.031985e+00	1.446106e+01	1.446106e+01	
711	7.042800e-02	1.342613e+00	1.446106e+01	1.446106e+01	
712	7.052800e-02	1.654416e+00	1.446106e+01	1.446106e+01	
713	7.062800e-02	1.962196e+00	1.446106e+01	1.446106e+01	
714	7.072800e-02	2.270331e+00	1.446106e+01	1.446106e+01	
715	7.082800e-02	2.574045e+00	1.446106e+01	1.446106e+01	
716	7.092800e-02	2.877316e+00	1.446106e+01	1.446106e+01	
717	7.102800e-02	3.175753e+00	1.446106e+01	1.446106e+01	
718	7.112800e-02	3.472975e+00	1.446106e+01	1.446106e+01	
719	7.122800e-02	3.764948e+00	1.446106e+01	1.446106e+01	
720	7.132800e-02	4.054959e+00	1.446106e+01	1.446106e+01	
721	7.142800e-02	4.339304e+00	1.446106e+01	1.446106e+01	
722	7.152800e-02	4.620971e+00	1.446106e+01	1.446106e+01	
723	7.162800e-02	4.896557e+00	1.446106e+01	1.446106e+01	
724	7.172800e-02	5.168777e+00	1.446106e+01	1.446106e+01	
725	7.182800e-02	5.434507e+00	1.446106e+01	1.446106e+01	
726	7.192800e-02	5.696215e+00	1.446106e+01	1.446106e+01	
727	7.202800e-02	5.951031e+00	1.446106e+01	1.446106e+01	
728	7.212800e-02	6.201202e+00	1.446106e+01	1.446106e+01	
729	7.222800e-02	6.444092e+00	1.446106e+01	1.446106e+01	
730	7.232800e-02	6.681746e+00	1.446106e+01	1.446106e+01	
731	7.242800e-02	6.911744e+00	1.446106e+01	1.446106e+01	
732	7.252800e-02	7.135948e+00	1.446106e+01	1.446106e+01	
733	7.262800e-02	7.352141e+00	1.446106e+01	1.446106e+01	
734	7.272800e-02	7.562018e+00	1.446106e+01	1.446106e+01	
735	7.282800e-02	7.763546e+00	1.446106e+01	1.446106e+01	
736	7.292800e-02	7.958272e+00	1.446106e+01	1.446106e+01	
737	7.302800e-02	8.144334e+00	1.446106e+01	1.446106e+01	
738	7.312800e-02	8.323146e+00	1.446106e+01	1.446106e+01	
739	7.322800e-02	8.493004e+00	1.446106e+01	1.446106e+01	
740	7.332800e-02	8.655200e+00	1.446106e+01	1.446106e+01	
741	7.342800e-02	8.808179e+00	1.446106e+01	1.446106e+01	
742	7.352800e-02	8.953124e+00	1.446106e+01	1.446106e+01	
743	7.362800e-02	9.088616e+00	1.446106e+01	1.446106e+01	
744	7.372800e-02	9.215741e+00	1.446106e+01	1.446106e+01	
745	7.382800e-02	9.333207e+00	1.446106e+01	1.446106e+01	
746	7.392800e-02	9.442014e+00	1.446106e+01	1.446106e+01	
747	7.402800e-02	9.540988e+00	1.446106e+01	1.446106e+01	
748	7.412800e-02	9.631051e+00	1.446106e+01	1.446106e+01	
749	7.422800e-02	9.711138e+00	1.446106e+01	1.446106e+01	
750	7.432800e-02	9.782104e+00	1.446106e+01	1.446106e+01	

Index   time            output          q.x1.q1#collCX  q.x1.q2#collCX  
--------------------------------------------------------------------------------
751	7.442800e-02	9.842987e+00	1.446106e+01	1.446106e+01	
752	7.452800e-02	9.894579e+00	1.446106e+01	1.446106e+01	
753	7.462800e-02	9.936014e+00	1.446106e+01	1.446106e+01	
754	7.472800e-02	9.968030e+00	1.446106e+01	1.446106e+01	
755	7.482800e-02	9.989851e+00	1.446106e+01	1.446106e+01	
756	7.492800e-02	1.000217e+01	1.446106e+01	1.446106e+01	
757	7.502800e-02	1.000429e+01	1.446106e+01	1.446106e+01	
758	7.512800e-02	9.996858e+00	1.446106e+01	1.446106e+01	
759	7.522800e-02	9.979264e+00	1.446106e+01	1.446106e+01	
760	7.532800e-02	9.952120e+00	1.446106e+01	1.446106e+01	
761	7.542800e-02	9.914882e+00	1.446106e+01	1.446106e+01	
762	7.552800e-02	9.868132e+00	1.446106e+01	1.446106e+01	
763	7.562800e-02	9.811395e+00	1.446106e+01	1.446106e+01	
764	7.572800e-02	9.745225e+00	1.446106e+01	1.446106e+01	
765	7.582800e-02	9.669211e+00	1.446106e+01	1.446106e+01	
766	7.592800e-02	9.583883e+00	1.446106e+01	1.446106e+01	
767	7.602800e-02	9.488891e+00	1.446106e+01	1.446106e+01	
768	7.612800e-02	9.384744e+00	1.446106e+01	1.446106e+01	
769	7.622800e-02	9.271147e+00	1.446106e+01	1.446106e+01	
770	7.632800e-02	9.148593e+00	1.446106e+01	1.446106e+01	
771	7.642800e-02	9.016839e+00	1.446106e+01	1.446106e+01	
772	7.652800e-02	8.876363e+00	1.446106e+01	1.446106e+01	
773	7.662800e-02	8.726971e+00	1.446106e+01	1.446106e+01	
774	7.672800e-02	8.569128e+00	1.446106e+01	1.446106e+01	
775	7.682800e-02	8.402686e+00	1.446106e+01	1.446106e+01	
776	7.692800e-02	8.228100e+00	1.446106e+01	1.446106e+01	
777	7.702800e-02	8.045265e+00	1.446106e+01	1.446106e+01	
778	7.712800e-02	7.854626e+00	1.446106e+01	1.446106e+01	
779	7.722800e-02	7.656118e+00	1.446106e+01	1.446106e+01	
780	7.732800e-02	7.450179e+00	1.446106e+01	1.446106e+01	
781	7.742800e-02	7.236782e+00	1.446106e+01	1.446106e+01	
782	7.752800e-02	7.016357e+00	1.446106e+01	1.446106e+01	
783	7.762800e-02	6.788911e+00	1.446106e+01	1.446106e+01	
784	7.772800e-02	6.554870e+00	1.446106e+01	1.446106e+01	
785	7.782800e-02	6.314273e+00	1.446106e+01	1.446106e+01	
786	7.792800e-02	6.067542e+00	1.446106e+01	1.446106e+01	
787	7.802800e-02	5.814743e+00	1.446106e+01	1.446106e+01	
788	7.812800e-02	5.556294e+00	1.446106e+01	1.446106e+01	
789	7.822800e-02	5.292291e+00	1.446106e+01	1.446106e+01	
790	7.832800e-02	5.023146e+00	1.446106e+01	1.446106e+01	
791	7.842800e-02	4.748979e+00	1.446106e+01	1.446106e+01	
792	7.852800e-02	4.470201e+00	1.446106e+01	1.446106e+01	
793	7.862800e-02	4.186953e+00	1.446106e+01	1.446106e+01	
794	7.872800e-02	3.899642e+00	1.446106e+01	1.446106e+01	
795	7.882800e-02	3.608431e+00	1.446106e+01	1.446106e+01	
796	7.892800e-02	3.313722e+00	1.446106e+01	1.446106e+01	
797	7.902800e-02	3.015696e+00	1.446106e+01	1.446106e+01	
798	7.912800e-02	2.714754e+00	1.446106e+01	1.446106e+01	
799	7.922800e-02	2.411091e+00	1.446106e+01	1.446106e+01	
800	7.932800e-02	2.105103e+00	1.446106e+01	1.446106e+01	
801	7.942800e-02	1.797002e+00	1.446106e+01	1.446106e+01	
802	7.952800e-02	1.487181e+00	1.446106e+01	1.446106e+01	
803	7.962800e-02	1.175864e+00	1.446106e+01	1.446106e+01	
804	7.972800e-02	8.634430e-01	1.446106e+01	1.446106e+01	
805	7.982800e-02	5.501714e-01	1.446106e+01	1.446106e+01	
806	7.992800e-02	2.365023e-01	1.446106e+01	1.446106e+01	
807	8.002800e-02	-7.65501e-02	1.446106e+01	1.446106e+01	
808	8.012800e-02	-3.92206e-01	1.446106e+01	1.446106e+01	

Index   time            output          q.x1.q1#collCX  q.x1.q2#collCX  
--------------------------------------------------------------------------------
809	8.022800e-02	-7.04667e-01	1.446106e+01	1.446106e+01	
810	8.032800e-02	-1.01872e+00	1.446106e+01	1.446106e+01	
811	8.042800e-02	-1.32953e+00	1.446106e+01	1.446106e+01	
812	8.052800e-02	-1.64110e+00	1.446106e+01	1.446106e+01	
813	8.062800e-02	-1.94905e+00	1.446106e+01	1.446106e+01	
814	8.072800e-02	-2.25698e+00	1.446106e+01	1.446106e+01	
815	8.082800e-02	-2.56084e+00	1.446106e+01	1.446106e+01	
816	8.092800e-02	-2.86391e+00	1.446106e+01	1.446106e+01	
817	8.102800e-02	-3.16249e+00	1.446106e+01	1.446106e+01	
818	8.112800e-02	-3.45952e+00	1.446106e+01	1.446106e+01	
819	8.122800e-02	-3.75161e+00	1.446106e+01	1.446106e+01	
820	8.132800e-02	-4.04145e+00	1.446106e+01	1.446106e+01	
821	8.142800e-02	-4.32590e+00	1.446106e+01	1.446106e+01	
822	8.152800e-02	-4.60740e+00	1.446106e+01	1.446106e+01	
823	8.162800e-02	-4.88308e+00	1.446106e+01	1.446106e+01	
824	8.172800e-02	-5.15514e+00	1.446106e+01	1.446106e+01	
825	8.182800e-02	-5.42095e+00	1.446106e+01	1.446106e+01	
826	8.192800e-02	-5.68251e+00	1.446106e+01	1.446106e+01	
827	8.202800e-02	-5.93740e+00	1.446106e+01	1.446106e+01	
828	8.212800e-02	-6.18743e+00	1.446106e+01	1.446106e+01	
829	8.222800e-02	-6.43039e+00	1.446106e+01	1.446106e+01	
830	8.232800e-02	-6.66791e+00	1.446106e+01	1.446106e+01	
831	8.242800e-02	-6.89796e+00	1.446106e+01	1.446106e+01	
832	8.252800e-02	-7.12204e+00	1.446106e+01	1.446106e+01	
833	8.262800e-02	-7.33829e+00	1.446106e+01	1.446106e+01	
834	8.272800e-02	-7.54805e+00	1.446106e+01	1.446106e+01	
835	8.282800e-02	-7.74962e+00	1.446106e+01	1.446106e+01	
836	8.292800e-02	-7.94424e+00	1.446106e+01	1.446106e+01	
837	8.302800e-02	-8.13034e+00	1.446106e+01	1.446106e+01	
838	8.312800e-02	-8.30905e+00	1.446106e+01	1.446106e+01	
839	8.322800e-02	-8.47895e+00	1.446106e+01	1.446106e+01	
840	8.332800e-02	-8.64105e+00	1.446106e+01	1.446106e+01	
841	8.342800e-02	-8.79406e+00	1.446106e+01	1.446106e+01	
842	8.352800e-02	-8.93892e+00	1.446106e+01	1.446106e+01	
843	8.362800e-02	-9.07444e+00	1.446106e+01	1.446106e+01	
844	8.372800e-02	-9.20149e+00	1.446106e+01	1.446106e+01	
845	8.382800e-02	-9.31899e+00	1.446106e+01	1.446106e+01	
846	8.392800e-02	-9.42772e+00	1.446106e+01	1.446106e+01	
847	8.402800e-02	-9.52673e+00	1.446106e+01	1.446106e+01	
848	8.412800e-02	-9.61672e+00	1.446106e+01	1.446106e+01	
849	8.422800e-02	-9.69684e+00	1.446106e+01	1.446106e+01	
850	8.432800e-02	-9.76775e+00	1.446106e+01	1.446106e+01	
851	8.442800e-02	-9.82866e+00	1.446106e+01	1.446106e+01	
852	8.452800e-02	-9.88021e+00	1.446106e+01	1.446106e+01	
853	8.462800e-02	-9.92167e+00	1.446106e+01	1.446106e+01	
854	8.472800e-02	-9.95365e+00	1.446106e+01	1.446106e+01	
855	8.482800e-02	-9.97550e+00	1.446106e+01	1.446106e+01	
856	8.492800e-02	-9.98778e+00	1.446106e+01	1.446106e+01	
857	8.502800e-02	-9.98994e+00	1.446106e+01	1.446106e+01	
858	8.512800e-02	-9.98248e+00	1.446106e+01	1.446106e+01	
859	8.522800e-02	-9.96492e+00	1.446106e+01	1.446106e+01	
860	8.532800e-02	-9.93776e+00	1.446106e+01	1.446106e+01	
861	8.542800e-02	-9.90056e+00	1.446106e+01	1.446106e+01	
862	8.552800e-02	-9.85379e+00	1.446106e+01	1.446106e+01	
863	8.562800e-02	-9.79709e+00	1.446106e+01	1.446106e+01	
864	8.572800e-02	-9.73091e+00	1.446106e+01	1.446106e+01	
865	8.582800e-02	-9.65494e+00	1.446106e+01	1.446106e+01	
866	8.592800e-02	-9.56961e+00	1.446106e+01	1.446106e+01	

Index   time            output          q.x1.q1#collCX  q.x1.q2#collCX  
--------------------------------------------------------------------------------
867	8.602800e-02	-9.47466e+00	1.446106e+01	1.446106e+01	
868	8.612800e-02	-9.37052e+00	1.446106e+01	1.446106e+01	
869	8.622800e-02	-9.25696e+00	1.446106e+01	1.446106e+01	
870	8.632800e-02	-9.13442e+00	1.446106e+01	1.446106e+01	
871	8.642800e-02	-9.00271e+00	1.446106e+01	1.446106e+01	
872	8.652800e-02	-8.86224e+00	1.446106e+01	1.446106e+01	
873	8.662800e-02	-8.71290e+00	1.446106e+01	1.446106e+01	
874	8.672800e-02	-8.55507e+00	1.446106e+01	1.446106e+01	
875	8.682800e-02	-8.38868e+00	1.446106e+01	1.446106e+01	
876	8.692800e-02	-8.21411e+00	1.446106e+01	1.446106e+01	
877	8.702800e-02	-8.03132e+00	1.446106e+01	1.446106e+01	
878	8.712800e-02	-7.84070e+00	1.446106e+01	1.446106e+01	
879	8.722800e-02	-7.64225e+00	1.446106e+01	1.446106e+01	
880	8.732800e-02	-7.43633e+00	1.446106e+01	1.446106e+01	
881	8.742800e-02	-7.22298e+00	1.446106e+01	1.446106e+01	
882	8.752800e-02	-7.00258e+00	1.446106e+01	1.446106e+01	
883	8.762800e-02	-6.77519e+00	1.446106e+01	1.446106e+01	
884	8.772800e-02	-6.54117e+00	1.446106e+01	1.446106e+01	
885	8.782800e-02	-6.30062e+00	1.446106e+01	1.446106e+01	
886	8.792800e-02	-6.05392e+00	1.446106e+01	1.446106e+01	
887	8.802800e-02	-5.80116e+00	1.446106e+01	1.446106e+01	
888	8.812800e-02	-5.54274e+00	1.446106e+01	1.446106e+01	
889	8.822800e-02	-5.27878e+00	1.446106e+01	1.446106e+01	
890	8.832800e-02	-5.00967e+00	1.446106e+01	1.446106e+01	
891	8.842800e-02	-4.73554e+00	1.446106e+01	1.446106e+01	
892	8.852800e-02	-4.45679e+00	1.446106e+01	1.446106e+01	
893	8.862800e-02	-4.17359e+00	1.446106e+01	1.446106e+01	
894	8.872800e-02	-3.88630e+00	1.446106e+01	1.446106e+01	
895	8.882800e-02	-3.59513e+00	1.446106e+01	1.446106e+01	
896	8.892800e-02	-3.30044e+00	1.446106e+01	1.446106e+01	
897	8.902800e-02	-3.00245e+00	1.446106e+01	1.446106e+01	
898	8.912800e-02	-2.70153e+00	1.446106e+01	1.446106e+01	
899	8.922800e-02	-2.39790e+00	1.446106e+01	1.446106e+01	
900	8.932800e-02	-2.09194e+00	1.446106e+01	1.446106e+01	
901	8.942800e-02	-1.78387e+00	1.446106e+01	1.446106e+01	
902	8.952800e-02	-1.47406e+00	1.446106e+01	1.446106e+01	
903	8.962800e-02	-1.16277e+00	1.446106e+01	1.446106e+01	
904	8.972800e-02	-8.50369e-01	1.446106e+01	1.446106e+01	
905	8.982800e-02	-5.37125e-01	1.446106e+01	1.446106e+01	
906	8.992800e-02	-2.23476e-01	1.446106e+01	1.446106e+01	
907	9.002800e-02	8.959547e-02	1.446106e+01	1.446106e+01	
908	9.012800e-02	4.054363e-01	1.446106e+01	1.446106e+01	
909	9.022800e-02	7.177205e-01	1.446106e+01	1.446106e+01	
910	9.032800e-02	1.031986e+00	1.446106e+01	1.446106e+01	
911	9.042800e-02	1.342613e+00	1.446106e+01	1.446106e+01	
912	9.052800e-02	1.654416e+00	1.446106e+01	1.446106e+01	
913	9.062800e-02	1.962195e+00	1.446106e+01	1.446106e+01	
914	9.072800e-02	2.270332e+00	1.446106e+01	1.446106e+01	
915	9.082800e-02	2.574045e+00	1.446106e+01	1.446106e+01	
916	9.092800e-02	2.877316e+00	1.446106e+01	1.446106e+01	
917	9.102800e-02	3.175753e+00	1.446106e+01	1.446106e+01	
918	9.112800e-02	3.472975e+00	1.446106e+01	1.446106e+01	
919	9.122800e-02	3.764948e+00	1.446106e+01	1.446106e+01	
920	9.132800e-02	4.054959e+00	1.446106e+01	1.446106e+01	
921	9.142800e-02	4.339304e+00	1.446106e+01	1.446106e+01	
922	9.152800e-02	4.620971e+00	1.446106e+01	1.446106e+01	
923	9.162800e-02	4.896557e+00	1.446106e+01	1.446106e+01	
924	9.172800e-02	5.168777e+00	1.446106e+01	1.446106e+01	

Index   time            output          q.x1.q1#collCX  q.x1.q2#collCX  
--------------------------------------------------------------------------------
925	9.182800e-02	5.434507e+00	1.446106e+01	1.446106e+01	
926	9.192800e-02	5.696215e+00	1.446106e+01	1.446106e+01	
927	9.202800e-02	5.951031e+00	1.446106e+01	1.446106e+01	
928	9.212800e-02	6.201202e+00	1.446106e+01	1.446106e+01	
929	9.222800e-02	6.444092e+00	1.446106e+01	1.446106e+01	
930	9.232800e-02	6.681746e+00	1.446106e+01	1.446106e+01	
931	9.242800e-02	6.911744e+00	1.446106e+01	1.446106e+01	
932	9.252800e-02	7.135948e+00	1.446106e+01	1.446106e+01	
933	9.262800e-02	7.352141e+00	1.446106e+01	1.446106e+01	
934	9.272800e-02	7.562018e+00	1.446106e+01	1.446106e+01	
935	9.282800e-02	7.763546e+00	1.446106e+01	1.446106e+01	
936	9.292800e-02	7.958272e+00	1.446106e+01	1.446106e+01	
937	9.302800e-02	8.144334e+00	1.446106e+01	1.446106e+01	
938	9.312800e-02	8.323146e+00	1.446106e+01	1.446106e+01	
939	9.322800e-02	8.493004e+00	1.446106e+01	1.446106e+01	
940	9.332800e-02	8.655200e+00	1.446106e+01	1.446106e+01	
941	9.342800e-02	8.808179e+00	1.446106e+01	1.446106e+01	
942	9.352800e-02	8.953124e+00	1.446106e+01	1.446106e+01	
943	9.362800e-02	9.088616e+00	1.446106e+01	1.446106e+01	
944	9.372800e-02	9.215741e+00	1.446106e+01	1.446106e+01	
945	9.382800e-02	9.333207e+00	1.446106e+01	1.446106e+01	
946	9.392800e-02	9.442014e+00	1.446106e+01	1.446106e+01	
947	9.402800e-02	9.540988e+00	1.446106e+01	1.446106e+01	
948	9.412800e-02	9.631051e+00	1.446106e+01	1.446106e+01	
949	9.422800e-02	9.711138e+00	1.446106e+01	1.446106e+01	
950	9.432800e-02	9.782104e+00	1.446106e+01	1.446106e+01	
951	9.442800e-02	9.842987e+00	1.446106e+01	1.446106e+01	
952	9.452800e-02	9.894579e+00	1.446106e+01	1.446106e+01	
953	9.462800e-02	9.936014e+00	1.446106e+01	1.446106e+01	
954	9.472800e-02	9.968030e+00	1.446106e+01	1.446106e+01	
955	9.482800e-02	9.989851e+00	1.446106e+01	1.446106e+01	
956	9.492800e-02	1.000217e+01	1.446106e+01	1.446106e+01	
957	9.502800e-02	1.000429e+01	1.446106e+01	1.446106e+01	
958	9.512800e-02	9.996858e+00	1.446106e+01	1.446106e+01	
959	9.522800e-02	9.979265e+00	1.446106e+01	1.446106e+01	
960	9.532800e-02	9.952120e+00	1.446106e+01	1.446106e+01	
961	9.542800e-02	9.914883e+00	1.446106e+01	1.446106e+01	
962	9.552800e-02	9.868132e+00	1.446106e+01	1.446106e+01	
963	9.562800e-02	9.811395e+00	1.446106e+01	1.446106e+01	
964	9.572800e-02	9.745224e+00	1.446106e+01	1.446106e+01	
965	9.582800e-02	9.669211e+00	1.446106e+01	1.446106e+01	
966	9.592800e-02	9.583883e+00	1.446106e+01	1.446106e+01	
967	9.602800e-02	9.488891e+00	1.446106e+01	1.446106e+01	
968	9.612800e-02	9.384744e+00	1.446106e+01	1.446106e+01	
969	9.622800e-02	9.271147e+00	1.446106e+01	1.446106e+01	
970	9.632800e-02	9.148593e+00	1.446106e+01	1.446106e+01	
971	9.642800e-02	9.016839e+00	1.446106e+01	1.446106e+01	
972	9.652800e-02	8.876363e+00	1.446106e+01	1.446106e+01	
973	9.662800e-02	8.726971e+00	1.446106e+01	1.446106e+01	
974	9.672800e-02	8.569127e+00	1.446106e+01	1.446106e+01	
975	9.682800e-02	8.402686e+00	1.446106e+01	1.446106e+01	
976	9.692800e-02	8.228100e+00	1.446106e+01	1.446106e+01	
977	9.702800e-02	8.045265e+00	1.446106e+01	1.446106e+01	
978	9.712800e-02	7.854626e+00	1.446106e+01	1.446106e+01	
979	9.722800e-02	7.656118e+00	1.446106e+01	1.446106e+01	
980	9.732800e-02	7.450179e+00	1.446106e+01	1.446106e+01	
981	9.742800e-02	7.236782e+00	1.446106e+01	1.446106e+01	
982	9.752800e-02	7.016357e+00	1.446106e+01	1.446106e+01	

Index   time            output          q.x1.q1#collCX  q.x1.q2#collCX  
--------------------------------------------------------------------------------
983	9.762800e-02	6.788911e+00	1.446106e+01	1.446106e+01	
984	9.772800e-02	6.554870e+00	1.446106e+01	1.446106e+01	
985	9.782800e-02	6.314274e+00	1.446106e+01	1.446106e+01	
986	9.792800e-02	6.067541e+00	1.446106e+01	1.446106e+01	
987	9.802800e-02	5.814743e+00	1.446106e+01	1.446106e+01	
988	9.812800e-02	5.556294e+00	1.446106e+01	1.446106e+01	
989	9.822800e-02	5.292291e+00	1.446106e+01	1.446106e+01	
990	9.832800e-02	5.023146e+00	1.446106e+01	1.446106e+01	
991	9.842800e-02	4.748979e+00	1.446106e+01	1.446106e+01	
992	9.852800e-02	4.470201e+00	1.446106e+01	1.446106e+01	
993	9.862800e-02	4.186953e+00	1.446106e+01	1.446106e+01	
994	9.872800e-02	3.899642e+00	1.446106e+01	1.446106e+01	
995	9.882800e-02	3.608431e+00	1.446106e+01	1.446106e+01	
996	9.892800e-02	3.313722e+00	1.446106e+01	1.446106e+01	
997	9.902800e-02	3.015697e+00	1.446106e+01	1.446106e+01	
998	9.912800e-02	2.714754e+00	1.446106e+01	1.446106e+01	
999	9.922800e-02	2.411091e+00	1.446106e+01	1.446106e+01	
1000	9.932800e-02	2.105103e+00	1.446106e+01	1.446106e+01	
1001	9.942800e-02	1.797003e+00	1.446106e+01	1.446106e+01	
1002	9.952800e-02	1.487181e+00	1.446106e+01	1.446106e+01	
1003	9.962800e-02	1.175864e+00	1.446106e+01	1.446106e+01	
1004	9.972800e-02	8.634428e-01	1.446106e+01	1.446106e+01	
1005	9.982800e-02	5.501716e-01	1.446106e+01	1.446106e+01	
1006	9.992800e-02	2.365021e-01	1.446106e+01	1.446106e+01	
1007	1.000000e-01	1.113996e-02	1.446106e+01	1.446106e+01	

                                kicad schematic
                                Transient Analysis  Mon Feb 10 01:04:19  2025
--------------------------------------------------------------------------------
Index   time            q.x1.q3#collCX  q.x1.q4#collCX  q.x1.q5#collCX  
--------------------------------------------------------------------------------
0	0.000000e+00	1.499999e+01	1.446108e+01	-1.37803e+01	
1	1.000000e-06	1.499999e+01	1.446108e+01	-1.37803e+01	
2	2.000000e-06	1.499999e+01	1.446108e+01	-1.37803e+01	
3	4.000000e-06	1.499999e+01	1.446108e+01	-1.37802e+01	
4	8.000000e-06	1.499999e+01	1.446108e+01	-1.37802e+01	
5	1.600000e-05	1.499999e+01	1.446108e+01	-1.37801e+01	
6	3.200000e-05	1.499999e+01	1.446108e+01	-1.37799e+01	
7	6.400000e-05	1.499999e+01	1.446108e+01	-1.37796e+01	
8	1.280000e-04	1.499999e+01	1.446108e+01	-1.37790e+01	
9	2.280000e-04	1.499999e+01	1.446108e+01	-1.37780e+01	
10	3.280000e-04	1.499999e+01	1.446108e+01	-1.37770e+01	
11	4.280000e-04	1.499999e+01	1.446108e+01	-1.37760e+01	
12	5.280000e-04	1.499999e+01	1.446108e+01	-1.37750e+01	
13	6.280000e-04	1.499999e+01	1.446108e+01	-1.37741e+01	
14	7.280000e-04	1.499999e+01	1.446108e+01	-1.37731e+01	
15	8.280000e-04	1.499999e+01	1.446108e+01	-1.37721e+01	
16	9.280000e-04	1.499999e+01	1.446108e+01	-1.37712e+01	
17	1.028000e-03	1.499999e+01	1.446108e+01	-1.37703e+01	
18	1.128000e-03	1.499999e+01	1.446108e+01	-1.37693e+01	
19	1.228000e-03	1.499999e+01	1.446108e+01	-1.37684e+01	
20	1.328000e-03	1.499999e+01	1.446108e+01	-1.37675e+01	
21	1.428000e-03	1.499999e+01	1.446108e+01	-1.37666e+01	
22	1.528000e-03	1.499999e+01	1.446108e+01	-1.37657e+01	
23	1.628000e-03	1.499999e+01	1.446108e+01	-1.37648e+01	
24	1.728000e-03	1.499999e+01	1.446108e+01	-1.37639e+01	
25	1.828000e-03	1.499999e+01	1.446108e+01	-1.37631e+01	
26	1.928000e-03	1.499999e+01	1.446108e+01	-1.37623e+01	
27	2.028000e-03	1.499999e+01	1.446108e+01	-1.37614e+01	
28	2.128000e-03	1.499999e+01	1.446108e+01	-1.37606e+01	
29	2.228000e-03	1.499999e+01	1.446108e+01	-1.37599e+01	
30	2.328000e-03	1.499999e+01	1.446108e+01	-1.37591e+01	
31	2.428000e-03	1.499999e+01	1.446108e+01	-1.37583e+01	
32	2.528000e-03	1.499999e+01	1.446108e+01	-1.37576e+01	
33	2.628000e-03	1.499999e+01	1.446108e+01	-1.37569e+01	
34	2.728000e-03	1.499999e+01	1.446108e+01	-1.37562e+01	
35	2.828000e-03	1.499999e+01	1.446108e+01	-1.37556e+01	
36	2.928000e-03	1.499999e+01	1.446108e+01	-1.37549e+01	
37	3.028000e-03	1.499999e+01	1.446108e+01	-1.37543e+01	
38	3.128000e-03	1.499999e+01	1.446108e+01	-1.37537e+01	
39	3.228000e-03	1.499999e+01	1.446108e+01	-1.37532e+01	
40	3.328000e-03	1.499999e+01	1.446108e+01	-1.37526e+01	
41	3.428000e-03	1.499999e+01	1.446108e+01	-1.37521e+01	
42	3.528000e-03	1.499999e+01	1.446108e+01	-1.37516e+01	
43	3.628000e-03	1.499999e+01	1.446108e+01	-1.37512e+01	
44	3.728000e-03	1.499999e+01	1.446108e+01	-1.37508e+01	
45	3.828000e-03	1.499999e+01	1.446108e+01	-1.37504e+01	
46	3.928000e-03	1.499999e+01	1.446108e+01	-1.37500e+01	
47	4.028000e-03	1.499999e+01	1.446108e+01	-1.37497e+01	
48	4.128000e-03	1.499999e+01	1.446108e+01	-1.37494e+01	
49	4.228000e-03	1.499999e+01	1.446108e+01	-1.37491e+01	
50	4.328000e-03	1.499999e+01	1.446108e+01	-1.37489e+01	
51	4.428000e-03	1.499999e+01	1.446108e+01	-1.37487e+01	
52	4.528000e-03	1.499999e+01	1.446108e+01	-1.37485e+01	
53	4.628000e-03	1.499999e+01	1.446108e+01	-1.37484e+01	
54	4.728000e-03	1.499999e+01	1.446108e+01	-1.37483e+01	

Index   time            q.x1.q3#collCX  q.x1.q4#collCX  q.x1.q5#collCX  
--------------------------------------------------------------------------------
55	4.828000e-03	1.499999e+01	1.446108e+01	-1.37482e+01	
56	4.928000e-03	1.499999e+01	1.446108e+01	-1.37481e+01	
57	5.028000e-03	1.499999e+01	1.446108e+01	-1.37481e+01	
58	5.128000e-03	1.499999e+01	1.446108e+01	-1.37482e+01	
59	5.228000e-03	1.499999e+01	1.446108e+01	-1.37482e+01	
60	5.328000e-03	1.499999e+01	1.446108e+01	-1.37483e+01	
61	5.428000e-03	1.499999e+01	1.446108e+01	-1.37484e+01	
62	5.528000e-03	1.499999e+01	1.446108e+01	-1.37486e+01	
63	5.628000e-03	1.499999e+01	1.446108e+01	-1.37488e+01	
64	5.728000e-03	1.499999e+01	1.446108e+01	-1.37490e+01	
65	5.828000e-03	1.499999e+01	1.446108e+01	-1.37493e+01	
66	5.928000e-03	1.499999e+01	1.446108e+01	-1.37495e+01	
67	6.028000e-03	1.499999e+01	1.446108e+01	-1.37499e+01	
68	6.128000e-03	1.499999e+01	1.446108e+01	-1.37502e+01	
69	6.228000e-03	1.499999e+01	1.446108e+01	-1.37506e+01	
70	6.328000e-03	1.499999e+01	1.446108e+01	-1.37510e+01	
71	6.428000e-03	1.499999e+01	1.446108e+01	-1.37514e+01	
72	6.528000e-03	1.499999e+01	1.446108e+01	-1.37519e+01	
73	6.628000e-03	1.499999e+01	1.446108e+01	-1.37524e+01	
74	6.728000e-03	1.499999e+01	1.446108e+01	-1.37529e+01	
75	6.828000e-03	1.499999e+01	1.446108e+01	-1.37535e+01	
76	6.928000e-03	1.499999e+01	1.446108e+01	-1.37541e+01	
77	7.028000e-03	1.499999e+01	1.446108e+01	-1.37547e+01	
78	7.128000e-03	1.499999e+01	1.446108e+01	-1.37553e+01	
79	7.228000e-03	1.499999e+01	1.446108e+01	-1.37559e+01	
80	7.328000e-03	1.499999e+01	1.446108e+01	-1.37566e+01	
81	7.428000e-03	1.499999e+01	1.446108e+01	-1.37573e+01	
82	7.528000e-03	1.499999e+01	1.446108e+01	-1.37580e+01	
83	7.628000e-03	1.499999e+01	1.446108e+01	-1.37588e+01	
84	7.728000e-03	1.499999e+01	1.446108e+01	-1.37595e+01	
85	7.828000e-03	1.499999e+01	1.446108e+01	-1.37603e+01	
86	7.928000e-03	1.499999e+01	1.446108e+01	-1.37611e+01	
87	8.028000e-03	1.499999e+01	1.446108e+01	-1.37619e+01	
88	8.128000e-03	1.499999e+01	1.446108e+01	-1.37627e+01	
89	8.228000e-03	1.499999e+01	1.446108e+01	-1.37636e+01	
90	8.328000e-03	1.499999e+01	1.446108e+01	-1.37644e+01	
91	8.428000e-03	1.499999e+01	1.446108e+01	-1.37653e+01	
92	8.528000e-03	1.499999e+01	1.446108e+01	-1.37662e+01	
93	8.628000e-03	1.499999e+01	1.446108e+01	-1.37671e+01	
94	8.728000e-03	1.499999e+01	1.446108e+01	-1.37680e+01	
95	8.828000e-03	1.499999e+01	1.446108e+01	-1.37689e+01	
96	8.928000e-03	1.499999e+01	1.446108e+01	-1.37698e+01	
97	9.028000e-03	1.499999e+01	1.446108e+01	-1.37708e+01	
98	9.128000e-03	1.499999e+01	1.446108e+01	-1.37717e+01	
99	9.228000e-03	1.499999e+01	1.446108e+01	-1.37727e+01	
100	9.328000e-03	1.499999e+01	1.446108e+01	-1.37736e+01	
101	9.428000e-03	1.499999e+01	1.446108e+01	-1.37746e+01	
102	9.528000e-03	1.499999e+01	1.446108e+01	-1.37756e+01	
103	9.628000e-03	1.499999e+01	1.446108e+01	-1.37765e+01	
104	9.728000e-03	1.499999e+01	1.446108e+01	-1.37775e+01	
105	9.828000e-03	1.499999e+01	1.446108e+01	-1.37785e+01	
106	9.928000e-03	1.499999e+01	1.446108e+01	-1.37795e+01	
107	1.002800e-02	1.499999e+01	1.446108e+01	-1.37805e+01	
108	1.012800e-02	1.499999e+01	1.446108e+01	-1.37813e+01	
109	1.022800e-02	1.499999e+01	1.446108e+01	-1.37819e+01	
110	1.032800e-02	1.499999e+01	1.446108e+01	-1.37826e+01	
111	1.042800e-02	1.499999e+01	1.446108e+01	-1.37832e+01	
112	1.052800e-02	1.499999e+01	1.446108e+01	-1.37839e+01	

Index   time            q.x1.q3#collCX  q.x1.q4#collCX  q.x1.q5#collCX  
--------------------------------------------------------------------------------
113	1.062800e-02	1.499999e+01	1.446108e+01	-1.37845e+01	
114	1.072800e-02	1.499999e+01	1.446108e+01	-1.37851e+01	
115	1.082800e-02	1.499999e+01	1.446108e+01	-1.37857e+01	
116	1.092800e-02	1.499999e+01	1.446108e+01	-1.37864e+01	
117	1.102800e-02	1.499999e+01	1.446108e+01	-1.37870e+01	
118	1.112800e-02	1.499999e+01	1.446108e+01	-1.37876e+01	
119	1.122800e-02	1.499999e+01	1.446108e+01	-1.37882e+01	
120	1.132800e-02	1.499999e+01	1.446108e+01	-1.37887e+01	
121	1.142800e-02	1.499999e+01	1.446108e+01	-1.37893e+01	
122	1.152800e-02	1.499999e+01	1.446108e+01	-1.37899e+01	
123	1.162800e-02	1.499999e+01	1.446108e+01	-1.37905e+01	
124	1.172800e-02	1.499999e+01	1.446108e+01	-1.37910e+01	
125	1.182800e-02	1.499999e+01	1.446108e+01	-1.37916e+01	
126	1.192800e-02	1.499999e+01	1.446108e+01	-1.37921e+01	
127	1.202800e-02	1.499999e+01	1.446108e+01	-1.37926e+01	
128	1.212800e-02	1.499999e+01	1.446108e+01	-1.37931e+01	
129	1.222800e-02	1.499999e+01	1.446108e+01	-1.37936e+01	
130	1.232800e-02	1.499999e+01	1.446108e+01	-1.37941e+01	
131	1.242800e-02	1.499999e+01	1.446108e+01	-1.37946e+01	
132	1.252800e-02	1.499999e+01	1.446108e+01	-1.37950e+01	
133	1.262800e-02	1.499999e+01	1.446108e+01	-1.37955e+01	
134	1.272800e-02	1.499999e+01	1.446108e+01	-1.37959e+01	
135	1.282800e-02	1.499999e+01	1.446108e+01	-1.37963e+01	
136	1.292800e-02	1.499999e+01	1.446108e+01	-1.37967e+01	
137	1.302800e-02	1.499999e+01	1.446108e+01	-1.37971e+01	
138	1.312800e-02	1.499999e+01	1.446108e+01	-1.37975e+01	
139	1.322800e-02	1.499999e+01	1.446108e+01	-1.37978e+01	
140	1.332800e-02	1.499999e+01	1.446108e+01	-1.37982e+01	
141	1.342800e-02	1.499999e+01	1.446108e+01	-1.37985e+01	
142	1.352800e-02	1.499999e+01	1.446108e+01	-1.37988e+01	
143	1.362800e-02	1.499999e+01	1.446108e+01	-1.37990e+01	
144	1.372800e-02	1.499999e+01	1.446108e+01	-1.37993e+01	
145	1.382800e-02	1.499999e+01	1.446108e+01	-1.37996e+01	
146	1.392800e-02	1.499999e+01	1.446108e+01	-1.37998e+01	
147	1.402800e-02	1.499999e+01	1.446108e+01	-1.38000e+01	
148	1.412800e-02	1.499999e+01	1.446108e+01	-1.38002e+01	
149	1.422800e-02	1.499999e+01	1.446108e+01	-1.38003e+01	
150	1.432800e-02	1.499999e+01	1.446108e+01	-1.38005e+01	
151	1.442800e-02	1.499999e+01	1.446108e+01	-1.38006e+01	
152	1.452800e-02	1.499999e+01	1.446108e+01	-1.38007e+01	
153	1.462800e-02	1.499999e+01	1.446108e+01	-1.38008e+01	
154	1.472800e-02	1.499999e+01	1.446108e+01	-1.38009e+01	
155	1.482800e-02	1.499999e+01	1.446108e+01	-1.38009e+01	
156	1.492800e-02	1.499999e+01	1.446108e+01	-1.38009e+01	
157	1.502800e-02	1.499999e+01	1.446108e+01	-1.38009e+01	
158	1.512800e-02	1.499999e+01	1.446108e+01	-1.38009e+01	
159	1.522800e-02	1.499999e+01	1.446108e+01	-1.38009e+01	
160	1.532800e-02	1.499999e+01	1.446108e+01	-1.38008e+01	
161	1.542800e-02	1.499999e+01	1.446108e+01	-1.38008e+01	
162	1.552800e-02	1.499999e+01	1.446108e+01	-1.38007e+01	
163	1.562800e-02	1.499999e+01	1.446108e+01	-1.38005e+01	
164	1.572800e-02	1.499999e+01	1.446108e+01	-1.38004e+01	
165	1.582800e-02	1.499999e+01	1.446108e+01	-1.38002e+01	
166	1.592800e-02	1.499999e+01	1.446108e+01	-1.38001e+01	
167	1.602800e-02	1.499999e+01	1.446108e+01	-1.37999e+01	
168	1.612800e-02	1.499999e+01	1.446108e+01	-1.37996e+01	
169	1.622800e-02	1.499999e+01	1.446108e+01	-1.37994e+01	
170	1.632800e-02	1.499999e+01	1.446108e+01	-1.37992e+01	

Index   time            q.x1.q3#collCX  q.x1.q4#collCX  q.x1.q5#collCX  
--------------------------------------------------------------------------------
171	1.642800e-02	1.499999e+01	1.446108e+01	-1.37989e+01	
172	1.652800e-02	1.499999e+01	1.446108e+01	-1.37986e+01	
173	1.662800e-02	1.499999e+01	1.446108e+01	-1.37983e+01	
174	1.672800e-02	1.499999e+01	1.446108e+01	-1.37980e+01	
175	1.682800e-02	1.499999e+01	1.446108e+01	-1.37976e+01	
176	1.692800e-02	1.499999e+01	1.446108e+01	-1.37973e+01	
177	1.702800e-02	1.499999e+01	1.446108e+01	-1.37969e+01	
178	1.712800e-02	1.499999e+01	1.446108e+01	-1.37965e+01	
179	1.722800e-02	1.499999e+01	1.446108e+01	-1.37961e+01	
180	1.732800e-02	1.499999e+01	1.446108e+01	-1.37957e+01	
181	1.742800e-02	1.499999e+01	1.446108e+01	-1.37952e+01	
182	1.752800e-02	1.499999e+01	1.446108e+01	-1.37948e+01	
183	1.762800e-02	1.499999e+01	1.446108e+01	-1.37943e+01	
184	1.772800e-02	1.499999e+01	1.446108e+01	-1.37938e+01	
185	1.782800e-02	1.499999e+01	1.446108e+01	-1.37933e+01	
186	1.792800e-02	1.499999e+01	1.446108e+01	-1.37928e+01	
187	1.802800e-02	1.499999e+01	1.446108e+01	-1.37923e+01	
188	1.812800e-02	1.499999e+01	1.446108e+01	-1.37918e+01	
189	1.822800e-02	1.499999e+01	1.446108e+01	-1.37912e+01	
190	1.832800e-02	1.499999e+01	1.446108e+01	-1.37907e+01	
191	1.842800e-02	1.499999e+01	1.446108e+01	-1.37901e+01	
192	1.852800e-02	1.499999e+01	1.446108e+01	-1.37896e+01	
193	1.862800e-02	1.499999e+01	1.446108e+01	-1.37890e+01	
194	1.872800e-02	1.499999e+01	1.446108e+01	-1.37884e+01	
195	1.882800e-02	1.499999e+01	1.446108e+01	-1.37878e+01	
196	1.892800e-02	1.499999e+01	1.446108e+01	-1.37872e+01	
197	1.902800e-02	1.499999e+01	1.446108e+01	-1.37866e+01	
198	1.912800e-02	1.499999e+01	1.446108e+01	-1.37860e+01	
199	1.922800e-02	1.499999e+01	1.446108e+01	-1.37854e+01	
200	1.932800e-02	1.499999e+01	1.446108e+01	-1.37848e+01	
201	1.942800e-02	1.499999e+01	1.446108e+01	-1.37841e+01	
202	1.952800e-02	1.499999e+01	1.446108e+01	-1.37835e+01	
203	1.962800e-02	1.499999e+01	1.446108e+01	-1.37828e+01	
204	1.972800e-02	1.499999e+01	1.446108e+01	-1.37822e+01	
205	1.982800e-02	1.499999e+01	1.446108e+01	-1.37815e+01	
206	1.992800e-02	1.499999e+01	1.446108e+01	-1.37809e+01	
207	2.002800e-02	1.499999e+01	1.446108e+01	-1.37800e+01	
208	2.012800e-02	1.499999e+01	1.446108e+01	-1.37790e+01	
209	2.022800e-02	1.499999e+01	1.446108e+01	-1.37780e+01	
210	2.032800e-02	1.499999e+01	1.446108e+01	-1.37770e+01	
211	2.042800e-02	1.499999e+01	1.446108e+01	-1.37760e+01	
212	2.052800e-02	1.499999e+01	1.446108e+01	-1.37750e+01	
213	2.062800e-02	1.499999e+01	1.446108e+01	-1.37741e+01	
214	2.072800e-02	1.499999e+01	1.446108e+01	-1.37731e+01	
215	2.082800e-02	1.499999e+01	1.446108e+01	-1.37721e+01	
216	2.092800e-02	1.499999e+01	1.446108e+01	-1.37712e+01	
217	2.102800e-02	1.499999e+01	1.446108e+01	-1.37703e+01	
218	2.112800e-02	1.499999e+01	1.446108e+01	-1.37693e+01	
219	2.122800e-02	1.499999e+01	1.446108e+01	-1.37684e+01	
220	2.132800e-02	1.499999e+01	1.446108e+01	-1.37675e+01	
221	2.142800e-02	1.499999e+01	1.446108e+01	-1.37666e+01	
222	2.152800e-02	1.499999e+01	1.446108e+01	-1.37657e+01	
223	2.162800e-02	1.499999e+01	1.446108e+01	-1.37648e+01	
224	2.172800e-02	1.499999e+01	1.446108e+01	-1.37639e+01	
225	2.182800e-02	1.499999e+01	1.446108e+01	-1.37631e+01	
226	2.192800e-02	1.499999e+01	1.446108e+01	-1.37623e+01	
227	2.202800e-02	1.499999e+01	1.446108e+01	-1.37614e+01	
228	2.212800e-02	1.499999e+01	1.446108e+01	-1.37606e+01	

Index   time            q.x1.q3#collCX  q.x1.q4#collCX  q.x1.q5#collCX  
--------------------------------------------------------------------------------
229	2.222800e-02	1.499999e+01	1.446108e+01	-1.37599e+01	
230	2.232800e-02	1.499999e+01	1.446108e+01	-1.37591e+01	
231	2.242800e-02	1.499999e+01	1.446108e+01	-1.37583e+01	
232	2.252800e-02	1.499999e+01	1.446108e+01	-1.37576e+01	
233	2.262800e-02	1.499999e+01	1.446108e+01	-1.37569e+01	
234	2.272800e-02	1.499999e+01	1.446108e+01	-1.37562e+01	
235	2.282800e-02	1.499999e+01	1.446108e+01	-1.37556e+01	
236	2.292800e-02	1.499999e+01	1.446108e+01	-1.37549e+01	
237	2.302800e-02	1.499999e+01	1.446108e+01	-1.37543e+01	
238	2.312800e-02	1.499999e+01	1.446108e+01	-1.37537e+01	
239	2.322800e-02	1.499999e+01	1.446108e+01	-1.37532e+01	
240	2.332800e-02	1.499999e+01	1.446108e+01	-1.37526e+01	
241	2.342800e-02	1.499999e+01	1.446108e+01	-1.37521e+01	
242	2.352800e-02	1.499999e+01	1.446108e+01	-1.37516e+01	
243	2.362800e-02	1.499999e+01	1.446108e+01	-1.37512e+01	
244	2.372800e-02	1.499999e+01	1.446108e+01	-1.37508e+01	
245	2.382800e-02	1.499999e+01	1.446108e+01	-1.37504e+01	
246	2.392800e-02	1.499999e+01	1.446108e+01	-1.37500e+01	
247	2.402800e-02	1.499999e+01	1.446108e+01	-1.37497e+01	
248	2.412800e-02	1.499999e+01	1.446108e+01	-1.37494e+01	
249	2.422800e-02	1.499999e+01	1.446108e+01	-1.37491e+01	
250	2.432800e-02	1.499999e+01	1.446108e+01	-1.37489e+01	
251	2.442800e-02	1.499999e+01	1.446108e+01	-1.37487e+01	
252	2.452800e-02	1.499999e+01	1.446108e+01	-1.37485e+01	
253	2.462800e-02	1.499999e+01	1.446108e+01	-1.37484e+01	
254	2.472800e-02	1.499999e+01	1.446108e+01	-1.37483e+01	
255	2.482800e-02	1.499999e+01	1.446108e+01	-1.37482e+01	
256	2.492800e-02	1.499999e+01	1.446108e+01	-1.37481e+01	
257	2.502800e-02	1.499999e+01	1.446108e+01	-1.37481e+01	
258	2.512800e-02	1.499999e+01	1.446108e+01	-1.37482e+01	
259	2.522800e-02	1.499999e+01	1.446108e+01	-1.37482e+01	
260	2.532800e-02	1.499999e+01	1.446108e+01	-1.37483e+01	
261	2.542800e-02	1.499999e+01	1.446108e+01	-1.37484e+01	
262	2.552800e-02	1.499999e+01	1.446108e+01	-1.37486e+01	
263	2.562800e-02	1.499999e+01	1.446108e+01	-1.37488e+01	
264	2.572800e-02	1.499999e+01	1.446108e+01	-1.37490e+01	
265	2.582800e-02	1.499999e+01	1.446108e+01	-1.37493e+01	
266	2.592800e-02	1.499999e+01	1.446108e+01	-1.37495e+01	
267	2.602800e-02	1.499999e+01	1.446108e+01	-1.37499e+01	
268	2.612800e-02	1.499999e+01	1.446108e+01	-1.37502e+01	
269	2.622800e-02	1.499999e+01	1.446108e+01	-1.37506e+01	
270	2.632800e-02	1.499999e+01	1.446108e+01	-1.37510e+01	
271	2.642800e-02	1.499999e+01	1.446108e+01	-1.37514e+01	
272	2.652800e-02	1.499999e+01	1.446108e+01	-1.37519e+01	
273	2.662800e-02	1.499999e+01	1.446108e+01	-1.37524e+01	
274	2.672800e-02	1.499999e+01	1.446108e+01	-1.37529e+01	
275	2.682800e-02	1.499999e+01	1.446108e+01	-1.37535e+01	
276	2.692800e-02	1.499999e+01	1.446108e+01	-1.37541e+01	
277	2.702800e-02	1.499999e+01	1.446108e+01	-1.37547e+01	
278	2.712800e-02	1.499999e+01	1.446108e+01	-1.37553e+01	
279	2.722800e-02	1.499999e+01	1.446108e+01	-1.37559e+01	
280	2.732800e-02	1.499999e+01	1.446108e+01	-1.37566e+01	
281	2.742800e-02	1.499999e+01	1.446108e+01	-1.37573e+01	
282	2.752800e-02	1.499999e+01	1.446108e+01	-1.37580e+01	
283	2.762800e-02	1.499999e+01	1.446108e+01	-1.37588e+01	
284	2.772800e-02	1.499999e+01	1.446108e+01	-1.37595e+01	
285	2.782800e-02	1.499999e+01	1.446108e+01	-1.37603e+01	
286	2.792800e-02	1.499999e+01	1.446108e+01	-1.37611e+01	

Index   time            q.x1.q3#collCX  q.x1.q4#collCX  q.x1.q5#collCX  
--------------------------------------------------------------------------------
287	2.802800e-02	1.499999e+01	1.446108e+01	-1.37619e+01	
288	2.812800e-02	1.499999e+01	1.446108e+01	-1.37627e+01	
289	2.822800e-02	1.499999e+01	1.446108e+01	-1.37636e+01	
290	2.832800e-02	1.499999e+01	1.446108e+01	-1.37644e+01	
291	2.842800e-02	1.499999e+01	1.446108e+01	-1.37653e+01	
292	2.852800e-02	1.499999e+01	1.446108e+01	-1.37662e+01	
293	2.862800e-02	1.499999e+01	1.446108e+01	-1.37671e+01	
294	2.872800e-02	1.499999e+01	1.446108e+01	-1.37680e+01	
295	2.882800e-02	1.499999e+01	1.446108e+01	-1.37689e+01	
296	2.892800e-02	1.499999e+01	1.446108e+01	-1.37698e+01	
297	2.902800e-02	1.499999e+01	1.446108e+01	-1.37708e+01	
298	2.912800e-02	1.499999e+01	1.446108e+01	-1.37717e+01	
299	2.922800e-02	1.499999e+01	1.446108e+01	-1.37727e+01	
300	2.932800e-02	1.499999e+01	1.446108e+01	-1.37736e+01	
301	2.942800e-02	1.499999e+01	1.446108e+01	-1.37746e+01	
302	2.952800e-02	1.499999e+01	1.446108e+01	-1.37756e+01	
303	2.962800e-02	1.499999e+01	1.446108e+01	-1.37765e+01	
304	2.972800e-02	1.499999e+01	1.446108e+01	-1.37775e+01	
305	2.982800e-02	1.499999e+01	1.446108e+01	-1.37785e+01	
306	2.992800e-02	1.499999e+01	1.446108e+01	-1.37795e+01	
307	3.002800e-02	1.499999e+01	1.446108e+01	-1.37805e+01	
308	3.012800e-02	1.499999e+01	1.446108e+01	-1.37813e+01	
309	3.022800e-02	1.499999e+01	1.446108e+01	-1.37819e+01	
310	3.032800e-02	1.499999e+01	1.446108e+01	-1.37826e+01	
311	3.042800e-02	1.499999e+01	1.446108e+01	-1.37832e+01	
312	3.052800e-02	1.499999e+01	1.446108e+01	-1.37839e+01	
313	3.062800e-02	1.499999e+01	1.446108e+01	-1.37845e+01	
314	3.072800e-02	1.499999e+01	1.446108e+01	-1.37851e+01	
315	3.082800e-02	1.499999e+01	1.446108e+01	-1.37857e+01	
316	3.092800e-02	1.499999e+01	1.446108e+01	-1.37864e+01	
317	3.102800e-02	1.499999e+01	1.446108e+01	-1.37870e+01	
318	3.112800e-02	1.499999e+01	1.446108e+01	-1.37876e+01	
319	3.122800e-02	1.499999e+01	1.446108e+01	-1.37882e+01	
320	3.132800e-02	1.499999e+01	1.446108e+01	-1.37887e+01	
321	3.142800e-02	1.499999e+01	1.446108e+01	-1.37893e+01	
322	3.152800e-02	1.499999e+01	1.446108e+01	-1.37899e+01	
323	3.162800e-02	1.499999e+01	1.446108e+01	-1.37905e+01	
324	3.172800e-02	1.499999e+01	1.446108e+01	-1.37910e+01	
325	3.182800e-02	1.499999e+01	1.446108e+01	-1.37916e+01	
326	3.192800e-02	1.499999e+01	1.446108e+01	-1.37921e+01	
327	3.202800e-02	1.499999e+01	1.446108e+01	-1.37926e+01	
328	3.212800e-02	1.499999e+01	1.446108e+01	-1.37931e+01	
329	3.222800e-02	1.499999e+01	1.446108e+01	-1.37936e+01	
330	3.232800e-02	1.499999e+01	1.446108e+01	-1.37941e+01	
331	3.242800e-02	1.499999e+01	1.446108e+01	-1.37946e+01	
332	3.252800e-02	1.499999e+01	1.446108e+01	-1.37950e+01	
333	3.262800e-02	1.499999e+01	1.446108e+01	-1.37955e+01	
334	3.272800e-02	1.499999e+01	1.446108e+01	-1.37959e+01	
335	3.282800e-02	1.499999e+01	1.446108e+01	-1.37963e+01	
336	3.292800e-02	1.499999e+01	1.446108e+01	-1.37967e+01	
337	3.302800e-02	1.499999e+01	1.446108e+01	-1.37971e+01	
338	3.312800e-02	1.499999e+01	1.446108e+01	-1.37975e+01	
339	3.322800e-02	1.499999e+01	1.446108e+01	-1.37978e+01	
340	3.332800e-02	1.499999e+01	1.446108e+01	-1.37982e+01	
341	3.342800e-02	1.499999e+01	1.446108e+01	-1.37985e+01	
342	3.352800e-02	1.499999e+01	1.446108e+01	-1.37988e+01	
343	3.362800e-02	1.499999e+01	1.446108e+01	-1.37990e+01	
344	3.372800e-02	1.499999e+01	1.446108e+01	-1.37993e+01	

Index   time            q.x1.q3#collCX  q.x1.q4#collCX  q.x1.q5#collCX  
--------------------------------------------------------------------------------
345	3.382800e-02	1.499999e+01	1.446108e+01	-1.37996e+01	
346	3.392800e-02	1.499999e+01	1.446108e+01	-1.37998e+01	
347	3.402800e-02	1.499999e+01	1.446108e+01	-1.38000e+01	
348	3.412800e-02	1.499999e+01	1.446108e+01	-1.38002e+01	
349	3.422800e-02	1.499999e+01	1.446108e+01	-1.38003e+01	
350	3.432800e-02	1.499999e+01	1.446108e+01	-1.38005e+01	
351	3.442800e-02	1.499999e+01	1.446108e+01	-1.38006e+01	
352	3.452800e-02	1.499999e+01	1.446108e+01	-1.38007e+01	
353	3.462800e-02	1.499999e+01	1.446108e+01	-1.38008e+01	
354	3.472800e-02	1.499999e+01	1.446108e+01	-1.38009e+01	
355	3.482800e-02	1.499999e+01	1.446108e+01	-1.38009e+01	
356	3.492800e-02	1.499999e+01	1.446108e+01	-1.38009e+01	
357	3.502800e-02	1.499999e+01	1.446108e+01	-1.38009e+01	
358	3.512800e-02	1.499999e+01	1.446108e+01	-1.38009e+01	
359	3.522800e-02	1.499999e+01	1.446108e+01	-1.38009e+01	
360	3.532800e-02	1.499999e+01	1.446108e+01	-1.38008e+01	
361	3.542800e-02	1.499999e+01	1.446108e+01	-1.38008e+01	
362	3.552800e-02	1.499999e+01	1.446108e+01	-1.38007e+01	
363	3.562800e-02	1.499999e+01	1.446108e+01	-1.38005e+01	
364	3.572800e-02	1.499999e+01	1.446108e+01	-1.38004e+01	
365	3.582800e-02	1.499999e+01	1.446108e+01	-1.38002e+01	
366	3.592800e-02	1.499999e+01	1.446108e+01	-1.38001e+01	
367	3.602800e-02	1.499999e+01	1.446108e+01	-1.37999e+01	
368	3.612800e-02	1.499999e+01	1.446108e+01	-1.37996e+01	
369	3.622800e-02	1.499999e+01	1.446108e+01	-1.37994e+01	
370	3.632800e-02	1.499999e+01	1.446108e+01	-1.37992e+01	
371	3.642800e-02	1.499999e+01	1.446108e+01	-1.37989e+01	
372	3.652800e-02	1.499999e+01	1.446108e+01	-1.37986e+01	
373	3.662800e-02	1.499999e+01	1.446108e+01	-1.37983e+01	
374	3.672800e-02	1.499999e+01	1.446108e+01	-1.37980e+01	
375	3.682800e-02	1.499999e+01	1.446108e+01	-1.37976e+01	
376	3.692800e-02	1.499999e+01	1.446108e+01	-1.37973e+01	
377	3.702800e-02	1.499999e+01	1.446108e+01	-1.37969e+01	
378	3.712800e-02	1.499999e+01	1.446108e+01	-1.37965e+01	
379	3.722800e-02	1.499999e+01	1.446108e+01	-1.37961e+01	
380	3.732800e-02	1.499999e+01	1.446108e+01	-1.37957e+01	
381	3.742800e-02	1.499999e+01	1.446108e+01	-1.37952e+01	
382	3.752800e-02	1.499999e+01	1.446108e+01	-1.37948e+01	
383	3.762800e-02	1.499999e+01	1.446108e+01	-1.37943e+01	
384	3.772800e-02	1.499999e+01	1.446108e+01	-1.37938e+01	
385	3.782800e-02	1.499999e+01	1.446108e+01	-1.37933e+01	
386	3.792800e-02	1.499999e+01	1.446108e+01	-1.37928e+01	
387	3.802800e-02	1.499999e+01	1.446108e+01	-1.37923e+01	
388	3.812800e-02	1.499999e+01	1.446108e+01	-1.37918e+01	
389	3.822800e-02	1.499999e+01	1.446108e+01	-1.37912e+01	
390	3.832800e-02	1.499999e+01	1.446108e+01	-1.37907e+01	
391	3.842800e-02	1.499999e+01	1.446108e+01	-1.37901e+01	
392	3.852800e-02	1.499999e+01	1.446108e+01	-1.37896e+01	
393	3.862800e-02	1.499999e+01	1.446108e+01	-1.37890e+01	
394	3.872800e-02	1.499999e+01	1.446108e+01	-1.37884e+01	
395	3.882800e-02	1.499999e+01	1.446108e+01	-1.37878e+01	
396	3.892800e-02	1.499999e+01	1.446108e+01	-1.37872e+01	
397	3.902800e-02	1.499999e+01	1.446108e+01	-1.37866e+01	
398	3.912800e-02	1.499999e+01	1.446108e+01	-1.37860e+01	
399	3.922800e-02	1.499999e+01	1.446108e+01	-1.37854e+01	
400	3.932800e-02	1.499999e+01	1.446108e+01	-1.37848e+01	
401	3.942800e-02	1.499999e+01	1.446108e+01	-1.37841e+01	
402	3.952800e-02	1.499999e+01	1.446108e+01	-1.37835e+01	

Index   time            q.x1.q3#collCX  q.x1.q4#collCX  q.x1.q5#collCX  
--------------------------------------------------------------------------------
403	3.962800e-02	1.499999e+01	1.446108e+01	-1.37828e+01	
404	3.972800e-02	1.499999e+01	1.446108e+01	-1.37822e+01	
405	3.982800e-02	1.499999e+01	1.446108e+01	-1.37815e+01	
406	3.992800e-02	1.499999e+01	1.446108e+01	-1.37809e+01	
407	4.002800e-02	1.499999e+01	1.446108e+01	-1.37800e+01	
408	4.012800e-02	1.499999e+01	1.446108e+01	-1.37790e+01	
409	4.022800e-02	1.499999e+01	1.446108e+01	-1.37780e+01	
410	4.032800e-02	1.499999e+01	1.446108e+01	-1.37770e+01	
411	4.042800e-02	1.499999e+01	1.446108e+01	-1.37760e+01	
412	4.052800e-02	1.499999e+01	1.446108e+01	-1.37750e+01	
413	4.062800e-02	1.499999e+01	1.446108e+01	-1.37741e+01	
414	4.072800e-02	1.499999e+01	1.446108e+01	-1.37731e+01	
415	4.082800e-02	1.499999e+01	1.446108e+01	-1.37721e+01	
416	4.092800e-02	1.499999e+01	1.446108e+01	-1.37712e+01	
417	4.102800e-02	1.499999e+01	1.446108e+01	-1.37703e+01	
418	4.112800e-02	1.499999e+01	1.446108e+01	-1.37693e+01	
419	4.122800e-02	1.499999e+01	1.446108e+01	-1.37684e+01	
420	4.132800e-02	1.499999e+01	1.446108e+01	-1.37675e+01	
421	4.142800e-02	1.499999e+01	1.446108e+01	-1.37666e+01	
422	4.152800e-02	1.499999e+01	1.446108e+01	-1.37657e+01	
423	4.162800e-02	1.499999e+01	1.446108e+01	-1.37648e+01	
424	4.172800e-02	1.499999e+01	1.446108e+01	-1.37639e+01	
425	4.182800e-02	1.499999e+01	1.446108e+01	-1.37631e+01	
426	4.192800e-02	1.499999e+01	1.446108e+01	-1.37623e+01	
427	4.202800e-02	1.499999e+01	1.446108e+01	-1.37614e+01	
428	4.212800e-02	1.499999e+01	1.446108e+01	-1.37606e+01	
429	4.222800e-02	1.499999e+01	1.446108e+01	-1.37599e+01	
430	4.232800e-02	1.499999e+01	1.446108e+01	-1.37591e+01	
431	4.242800e-02	1.499999e+01	1.446108e+01	-1.37583e+01	
432	4.252800e-02	1.499999e+01	1.446108e+01	-1.37576e+01	
433	4.262800e-02	1.499999e+01	1.446108e+01	-1.37569e+01	
434	4.272800e-02	1.499999e+01	1.446108e+01	-1.37562e+01	
435	4.282800e-02	1.499999e+01	1.446108e+01	-1.37556e+01	
436	4.292800e-02	1.499999e+01	1.446108e+01	-1.37549e+01	
437	4.302800e-02	1.499999e+01	1.446108e+01	-1.37543e+01	
438	4.312800e-02	1.499999e+01	1.446108e+01	-1.37537e+01	
439	4.322800e-02	1.499999e+01	1.446108e+01	-1.37532e+01	
440	4.332800e-02	1.499999e+01	1.446108e+01	-1.37526e+01	
441	4.342800e-02	1.499999e+01	1.446108e+01	-1.37521e+01	
442	4.352800e-02	1.499999e+01	1.446108e+01	-1.37516e+01	
443	4.362800e-02	1.499999e+01	1.446108e+01	-1.37512e+01	
444	4.372800e-02	1.499999e+01	1.446108e+01	-1.37508e+01	
445	4.382800e-02	1.499999e+01	1.446108e+01	-1.37504e+01	
446	4.392800e-02	1.499999e+01	1.446108e+01	-1.37500e+01	
447	4.402800e-02	1.499999e+01	1.446108e+01	-1.37497e+01	
448	4.412800e-02	1.499999e+01	1.446108e+01	-1.37494e+01	
449	4.422800e-02	1.499999e+01	1.446108e+01	-1.37491e+01	
450	4.432800e-02	1.499999e+01	1.446108e+01	-1.37489e+01	
451	4.442800e-02	1.499999e+01	1.446108e+01	-1.37487e+01	
452	4.452800e-02	1.499999e+01	1.446108e+01	-1.37485e+01	
453	4.462800e-02	1.499999e+01	1.446108e+01	-1.37484e+01	
454	4.472800e-02	1.499999e+01	1.446108e+01	-1.37483e+01	
455	4.482800e-02	1.499999e+01	1.446108e+01	-1.37482e+01	
456	4.492800e-02	1.499999e+01	1.446108e+01	-1.37481e+01	
457	4.502800e-02	1.499999e+01	1.446108e+01	-1.37481e+01	
458	4.512800e-02	1.499999e+01	1.446108e+01	-1.37482e+01	
459	4.522800e-02	1.499999e+01	1.446108e+01	-1.37482e+01	
460	4.532800e-02	1.499999e+01	1.446108e+01	-1.37483e+01	

Index   time            q.x1.q3#collCX  q.x1.q4#collCX  q.x1.q5#collCX  
--------------------------------------------------------------------------------
461	4.542800e-02	1.499999e+01	1.446108e+01	-1.37484e+01	
462	4.552800e-02	1.499999e+01	1.446108e+01	-1.37486e+01	
463	4.562800e-02	1.499999e+01	1.446108e+01	-1.37488e+01	
464	4.572800e-02	1.499999e+01	1.446108e+01	-1.37490e+01	
465	4.582800e-02	1.499999e+01	1.446108e+01	-1.37493e+01	
466	4.592800e-02	1.499999e+01	1.446108e+01	-1.37495e+01	
467	4.602800e-02	1.499999e+01	1.446108e+01	-1.37499e+01	
468	4.612800e-02	1.499999e+01	1.446108e+01	-1.37502e+01	
469	4.622800e-02	1.499999e+01	1.446108e+01	-1.37506e+01	
470	4.632800e-02	1.499999e+01	1.446108e+01	-1.37510e+01	
471	4.642800e-02	1.499999e+01	1.446108e+01	-1.37514e+01	
472	4.652800e-02	1.499999e+01	1.446108e+01	-1.37519e+01	
473	4.662800e-02	1.499999e+01	1.446108e+01	-1.37524e+01	
474	4.672800e-02	1.499999e+01	1.446108e+01	-1.37529e+01	
475	4.682800e-02	1.499999e+01	1.446108e+01	-1.37535e+01	
476	4.692800e-02	1.499999e+01	1.446108e+01	-1.37541e+01	
477	4.702800e-02	1.499999e+01	1.446108e+01	-1.37547e+01	
478	4.712800e-02	1.499999e+01	1.446108e+01	-1.37553e+01	
479	4.722800e-02	1.499999e+01	1.446108e+01	-1.37559e+01	
480	4.732800e-02	1.499999e+01	1.446108e+01	-1.37566e+01	
481	4.742800e-02	1.499999e+01	1.446108e+01	-1.37573e+01	
482	4.752800e-02	1.499999e+01	1.446108e+01	-1.37580e+01	
483	4.762800e-02	1.499999e+01	1.446108e+01	-1.37588e+01	
484	4.772800e-02	1.499999e+01	1.446108e+01	-1.37595e+01	
485	4.782800e-02	1.499999e+01	1.446108e+01	-1.37603e+01	
486	4.792800e-02	1.499999e+01	1.446108e+01	-1.37611e+01	
487	4.802800e-02	1.499999e+01	1.446108e+01	-1.37619e+01	
488	4.812800e-02	1.499999e+01	1.446108e+01	-1.37627e+01	
489	4.822800e-02	1.499999e+01	1.446108e+01	-1.37636e+01	
490	4.832800e-02	1.499999e+01	1.446108e+01	-1.37644e+01	
491	4.842800e-02	1.499999e+01	1.446108e+01	-1.37653e+01	
492	4.852800e-02	1.499999e+01	1.446108e+01	-1.37662e+01	
493	4.862800e-02	1.499999e+01	1.446108e+01	-1.37671e+01	
494	4.872800e-02	1.499999e+01	1.446108e+01	-1.37680e+01	
495	4.882800e-02	1.499999e+01	1.446108e+01	-1.37689e+01	
496	4.892800e-02	1.499999e+01	1.446108e+01	-1.37698e+01	
497	4.902800e-02	1.499999e+01	1.446108e+01	-1.37708e+01	
498	4.912800e-02	1.499999e+01	1.446108e+01	-1.37717e+01	
499	4.922800e-02	1.499999e+01	1.446108e+01	-1.37727e+01	
500	4.932800e-02	1.499999e+01	1.446108e+01	-1.37736e+01	
501	4.942800e-02	1.499999e+01	1.446108e+01	-1.37746e+01	
502	4.952800e-02	1.499999e+01	1.446108e+01	-1.37756e+01	
503	4.962800e-02	1.499999e+01	1.446108e+01	-1.37765e+01	
504	4.972800e-02	1.499999e+01	1.446108e+01	-1.37775e+01	
505	4.982800e-02	1.499999e+01	1.446108e+01	-1.37785e+01	
506	4.992800e-02	1.499999e+01	1.446108e+01	-1.37795e+01	
507	5.002800e-02	1.499999e+01	1.446108e+01	-1.37805e+01	
508	5.012800e-02	1.499999e+01	1.446108e+01	-1.37813e+01	
509	5.022800e-02	1.499999e+01	1.446108e+01	-1.37819e+01	
510	5.032800e-02	1.499999e+01	1.446108e+01	-1.37826e+01	
511	5.042800e-02	1.499999e+01	1.446108e+01	-1.37832e+01	
512	5.052800e-02	1.499999e+01	1.446108e+01	-1.37839e+01	
513	5.062800e-02	1.499999e+01	1.446108e+01	-1.37845e+01	
514	5.072800e-02	1.499999e+01	1.446108e+01	-1.37851e+01	
515	5.082800e-02	1.499999e+01	1.446108e+01	-1.37857e+01	
516	5.092800e-02	1.499999e+01	1.446108e+01	-1.37864e+01	
517	5.102800e-02	1.499999e+01	1.446108e+01	-1.37870e+01	
518	5.112800e-02	1.499999e+01	1.446108e+01	-1.37876e+01	

Index   time            q.x1.q3#collCX  q.x1.q4#collCX  q.x1.q5#collCX  
--------------------------------------------------------------------------------
519	5.122800e-02	1.499999e+01	1.446108e+01	-1.37882e+01	
520	5.132800e-02	1.499999e+01	1.446108e+01	-1.37887e+01	
521	5.142800e-02	1.499999e+01	1.446108e+01	-1.37893e+01	
522	5.152800e-02	1.499999e+01	1.446108e+01	-1.37899e+01	
523	5.162800e-02	1.499999e+01	1.446108e+01	-1.37905e+01	
524	5.172800e-02	1.499999e+01	1.446108e+01	-1.37910e+01	
525	5.182800e-02	1.499999e+01	1.446108e+01	-1.37916e+01	
526	5.192800e-02	1.499999e+01	1.446108e+01	-1.37921e+01	
527	5.202800e-02	1.499999e+01	1.446108e+01	-1.37926e+01	
528	5.212800e-02	1.499999e+01	1.446108e+01	-1.37931e+01	
529	5.222800e-02	1.499999e+01	1.446108e+01	-1.37936e+01	
530	5.232800e-02	1.499999e+01	1.446108e+01	-1.37941e+01	
531	5.242800e-02	1.499999e+01	1.446108e+01	-1.37946e+01	
532	5.252800e-02	1.499999e+01	1.446108e+01	-1.37950e+01	
533	5.262800e-02	1.499999e+01	1.446108e+01	-1.37955e+01	
534	5.272800e-02	1.499999e+01	1.446108e+01	-1.37959e+01	
535	5.282800e-02	1.499999e+01	1.446108e+01	-1.37963e+01	
536	5.292800e-02	1.499999e+01	1.446108e+01	-1.37967e+01	
537	5.302800e-02	1.499999e+01	1.446108e+01	-1.37971e+01	
538	5.312800e-02	1.499999e+01	1.446108e+01	-1.37975e+01	
539	5.322800e-02	1.499999e+01	1.446108e+01	-1.37978e+01	
540	5.332800e-02	1.499999e+01	1.446108e+01	-1.37982e+01	
541	5.342800e-02	1.499999e+01	1.446108e+01	-1.37985e+01	
542	5.352800e-02	1.499999e+01	1.446108e+01	-1.37988e+01	
543	5.362800e-02	1.499999e+01	1.446108e+01	-1.37990e+01	
544	5.372800e-02	1.499999e+01	1.446108e+01	-1.37993e+01	
545	5.382800e-02	1.499999e+01	1.446108e+01	-1.37996e+01	
546	5.392800e-02	1.499999e+01	1.446108e+01	-1.37998e+01	
547	5.402800e-02	1.499999e+01	1.446108e+01	-1.38000e+01	
548	5.412800e-02	1.499999e+01	1.446108e+01	-1.38002e+01	
549	5.422800e-02	1.499999e+01	1.446108e+01	-1.38003e+01	
550	5.432800e-02	1.499999e+01	1.446108e+01	-1.38005e+01	
551	5.442800e-02	1.499999e+01	1.446108e+01	-1.38006e+01	
552	5.452800e-02	1.499999e+01	1.446108e+01	-1.38007e+01	
553	5.462800e-02	1.499999e+01	1.446108e+01	-1.38008e+01	
554	5.472800e-02	1.499999e+01	1.446108e+01	-1.38009e+01	
555	5.482800e-02	1.499999e+01	1.446108e+01	-1.38009e+01	
556	5.492800e-02	1.499999e+01	1.446108e+01	-1.38009e+01	
557	5.502800e-02	1.499999e+01	1.446108e+01	-1.38009e+01	
558	5.512800e-02	1.499999e+01	1.446108e+01	-1.38009e+01	
559	5.522800e-02	1.499999e+01	1.446108e+01	-1.38009e+01	
560	5.532800e-02	1.499999e+01	1.446108e+01	-1.38008e+01	
561	5.542800e-02	1.499999e+01	1.446108e+01	-1.38008e+01	
562	5.552800e-02	1.499999e+01	1.446108e+01	-1.38007e+01	
563	5.562800e-02	1.499999e+01	1.446108e+01	-1.38005e+01	
564	5.572800e-02	1.499999e+01	1.446108e+01	-1.38004e+01	
565	5.582800e-02	1.499999e+01	1.446108e+01	-1.38002e+01	
566	5.592800e-02	1.499999e+01	1.446108e+01	-1.38001e+01	
567	5.602800e-02	1.499999e+01	1.446108e+01	-1.37999e+01	
568	5.612800e-02	1.499999e+01	1.446108e+01	-1.37996e+01	
569	5.622800e-02	1.499999e+01	1.446108e+01	-1.37994e+01	
570	5.632800e-02	1.499999e+01	1.446108e+01	-1.37992e+01	
571	5.642800e-02	1.499999e+01	1.446108e+01	-1.37989e+01	
572	5.652800e-02	1.499999e+01	1.446108e+01	-1.37986e+01	
573	5.662800e-02	1.499999e+01	1.446108e+01	-1.37983e+01	
574	5.672800e-02	1.499999e+01	1.446108e+01	-1.37980e+01	
575	5.682800e-02	1.499999e+01	1.446108e+01	-1.37976e+01	
576	5.692800e-02	1.499999e+01	1.446108e+01	-1.37973e+01	

Index   time            q.x1.q3#collCX  q.x1.q4#collCX  q.x1.q5#collCX  
--------------------------------------------------------------------------------
577	5.702800e-02	1.499999e+01	1.446108e+01	-1.37969e+01	
578	5.712800e-02	1.499999e+01	1.446108e+01	-1.37965e+01	
579	5.722800e-02	1.499999e+01	1.446108e+01	-1.37961e+01	
580	5.732800e-02	1.499999e+01	1.446108e+01	-1.37957e+01	
581	5.742800e-02	1.499999e+01	1.446108e+01	-1.37952e+01	
582	5.752800e-02	1.499999e+01	1.446108e+01	-1.37948e+01	
583	5.762800e-02	1.499999e+01	1.446108e+01	-1.37943e+01	
584	5.772800e-02	1.499999e+01	1.446108e+01	-1.37938e+01	
585	5.782800e-02	1.499999e+01	1.446108e+01	-1.37933e+01	
586	5.792800e-02	1.499999e+01	1.446108e+01	-1.37928e+01	
587	5.802800e-02	1.499999e+01	1.446108e+01	-1.37923e+01	
588	5.812800e-02	1.499999e+01	1.446108e+01	-1.37918e+01	
589	5.822800e-02	1.499999e+01	1.446108e+01	-1.37912e+01	
590	5.832800e-02	1.499999e+01	1.446108e+01	-1.37907e+01	
591	5.842800e-02	1.499999e+01	1.446108e+01	-1.37901e+01	
592	5.852800e-02	1.499999e+01	1.446108e+01	-1.37896e+01	
593	5.862800e-02	1.499999e+01	1.446108e+01	-1.37890e+01	
594	5.872800e-02	1.499999e+01	1.446108e+01	-1.37884e+01	
595	5.882800e-02	1.499999e+01	1.446108e+01	-1.37878e+01	
596	5.892800e-02	1.499999e+01	1.446108e+01	-1.37872e+01	
597	5.902800e-02	1.499999e+01	1.446108e+01	-1.37866e+01	
598	5.912800e-02	1.499999e+01	1.446108e+01	-1.37860e+01	
599	5.922800e-02	1.499999e+01	1.446108e+01	-1.37854e+01	
600	5.932800e-02	1.499999e+01	1.446108e+01	-1.37848e+01	
601	5.942800e-02	1.499999e+01	1.446108e+01	-1.37841e+01	
602	5.952800e-02	1.499999e+01	1.446108e+01	-1.37835e+01	
603	5.962800e-02	1.499999e+01	1.446108e+01	-1.37828e+01	
604	5.972800e-02	1.499999e+01	1.446108e+01	-1.37822e+01	
605	5.982800e-02	1.499999e+01	1.446108e+01	-1.37815e+01	
606	5.992800e-02	1.499999e+01	1.446108e+01	-1.37809e+01	
607	6.002800e-02	1.499999e+01	1.446108e+01	-1.37800e+01	
608	6.012800e-02	1.499999e+01	1.446108e+01	-1.37790e+01	
609	6.022800e-02	1.499999e+01	1.446108e+01	-1.37780e+01	
610	6.032800e-02	1.499999e+01	1.446108e+01	-1.37770e+01	
611	6.042800e-02	1.499999e+01	1.446108e+01	-1.37760e+01	
612	6.052800e-02	1.499999e+01	1.446108e+01	-1.37750e+01	
613	6.062800e-02	1.499999e+01	1.446108e+01	-1.37741e+01	
614	6.072800e-02	1.499999e+01	1.446108e+01	-1.37731e+01	
615	6.082800e-02	1.499999e+01	1.446108e+01	-1.37721e+01	
616	6.092800e-02	1.499999e+01	1.446108e+01	-1.37712e+01	
617	6.102800e-02	1.499999e+01	1.446108e+01	-1.37703e+01	
618	6.112800e-02	1.499999e+01	1.446108e+01	-1.37693e+01	
619	6.122800e-02	1.499999e+01	1.446108e+01	-1.37684e+01	
620	6.132800e-02	1.499999e+01	1.446108e+01	-1.37675e+01	
621	6.142800e-02	1.499999e+01	1.446108e+01	-1.37666e+01	
622	6.152800e-02	1.499999e+01	1.446108e+01	-1.37657e+01	
623	6.162800e-02	1.499999e+01	1.446108e+01	-1.37648e+01	
624	6.172800e-02	1.499999e+01	1.446108e+01	-1.37639e+01	
625	6.182800e-02	1.499999e+01	1.446108e+01	-1.37631e+01	
626	6.192800e-02	1.499999e+01	1.446108e+01	-1.37623e+01	
627	6.202800e-02	1.499999e+01	1.446108e+01	-1.37614e+01	
628	6.212800e-02	1.499999e+01	1.446108e+01	-1.37606e+01	
629	6.222800e-02	1.499999e+01	1.446108e+01	-1.37599e+01	
630	6.232800e-02	1.499999e+01	1.446108e+01	-1.37591e+01	
631	6.242800e-02	1.499999e+01	1.446108e+01	-1.37583e+01	
632	6.252800e-02	1.499999e+01	1.446108e+01	-1.37576e+01	
633	6.262800e-02	1.499999e+01	1.446108e+01	-1.37569e+01	
634	6.272800e-02	1.499999e+01	1.446108e+01	-1.37562e+01	

Index   time            q.x1.q3#collCX  q.x1.q4#collCX  q.x1.q5#collCX  
--------------------------------------------------------------------------------
635	6.282800e-02	1.499999e+01	1.446108e+01	-1.37556e+01	
636	6.292800e-02	1.499999e+01	1.446108e+01	-1.37549e+01	
637	6.302800e-02	1.499999e+01	1.446108e+01	-1.37543e+01	
638	6.312800e-02	1.499999e+01	1.446108e+01	-1.37537e+01	
639	6.322800e-02	1.499999e+01	1.446108e+01	-1.37532e+01	
640	6.332800e-02	1.499999e+01	1.446108e+01	-1.37526e+01	
641	6.342800e-02	1.499999e+01	1.446108e+01	-1.37521e+01	
642	6.352800e-02	1.499999e+01	1.446108e+01	-1.37516e+01	
643	6.362800e-02	1.499999e+01	1.446108e+01	-1.37512e+01	
644	6.372800e-02	1.499999e+01	1.446108e+01	-1.37508e+01	
645	6.382800e-02	1.499999e+01	1.446108e+01	-1.37504e+01	
646	6.392800e-02	1.499999e+01	1.446108e+01	-1.37500e+01	
647	6.402800e-02	1.499999e+01	1.446108e+01	-1.37497e+01	
648	6.412800e-02	1.499999e+01	1.446108e+01	-1.37494e+01	
649	6.422800e-02	1.499999e+01	1.446108e+01	-1.37491e+01	
650	6.432800e-02	1.499999e+01	1.446108e+01	-1.37489e+01	
651	6.442800e-02	1.499999e+01	1.446108e+01	-1.37487e+01	
652	6.452800e-02	1.499999e+01	1.446108e+01	-1.37485e+01	
653	6.462800e-02	1.499999e+01	1.446108e+01	-1.37484e+01	
654	6.472800e-02	1.499999e+01	1.446108e+01	-1.37483e+01	
655	6.482800e-02	1.499999e+01	1.446108e+01	-1.37482e+01	
656	6.492800e-02	1.499999e+01	1.446108e+01	-1.37481e+01	
657	6.502800e-02	1.499999e+01	1.446108e+01	-1.37481e+01	
658	6.512800e-02	1.499999e+01	1.446108e+01	-1.37482e+01	
659	6.522800e-02	1.499999e+01	1.446108e+01	-1.37482e+01	
660	6.532800e-02	1.499999e+01	1.446108e+01	-1.37483e+01	
661	6.542800e-02	1.499999e+01	1.446108e+01	-1.37484e+01	
662	6.552800e-02	1.499999e+01	1.446108e+01	-1.37486e+01	
663	6.562800e-02	1.499999e+01	1.446108e+01	-1.37488e+01	
664	6.572800e-02	1.499999e+01	1.446108e+01	-1.37490e+01	
665	6.582800e-02	1.499999e+01	1.446108e+01	-1.37493e+01	
666	6.592800e-02	1.499999e+01	1.446108e+01	-1.37495e+01	
667	6.602800e-02	1.499999e+01	1.446108e+01	-1.37499e+01	
668	6.612800e-02	1.499999e+01	1.446108e+01	-1.37502e+01	
669	6.622800e-02	1.499999e+01	1.446108e+01	-1.37506e+01	
670	6.632800e-02	1.499999e+01	1.446108e+01	-1.37510e+01	
671	6.642800e-02	1.499999e+01	1.446108e+01	-1.37514e+01	
672	6.652800e-02	1.499999e+01	1.446108e+01	-1.37519e+01	
673	6.662800e-02	1.499999e+01	1.446108e+01	-1.37524e+01	
674	6.672800e-02	1.499999e+01	1.446108e+01	-1.37529e+01	
675	6.682800e-02	1.499999e+01	1.446108e+01	-1.37535e+01	
676	6.692800e-02	1.499999e+01	1.446108e+01	-1.37541e+01	
677	6.702800e-02	1.499999e+01	1.446108e+01	-1.37547e+01	
678	6.712800e-02	1.499999e+01	1.446108e+01	-1.37553e+01	
679	6.722800e-02	1.499999e+01	1.446108e+01	-1.37559e+01	
680	6.732800e-02	1.499999e+01	1.446108e+01	-1.37566e+01	
681	6.742800e-02	1.499999e+01	1.446108e+01	-1.37573e+01	
682	6.752800e-02	1.499999e+01	1.446108e+01	-1.37580e+01	
683	6.762800e-02	1.499999e+01	1.446108e+01	-1.37588e+01	
684	6.772800e-02	1.499999e+01	1.446108e+01	-1.37595e+01	
685	6.782800e-02	1.499999e+01	1.446108e+01	-1.37603e+01	
686	6.792800e-02	1.499999e+01	1.446108e+01	-1.37611e+01	
687	6.802800e-02	1.499999e+01	1.446108e+01	-1.37619e+01	
688	6.812800e-02	1.499999e+01	1.446108e+01	-1.37627e+01	
689	6.822800e-02	1.499999e+01	1.446108e+01	-1.37636e+01	
690	6.832800e-02	1.499999e+01	1.446108e+01	-1.37644e+01	
691	6.842800e-02	1.499999e+01	1.446108e+01	-1.37653e+01	
692	6.852800e-02	1.499999e+01	1.446108e+01	-1.37662e+01	

Index   time            q.x1.q3#collCX  q.x1.q4#collCX  q.x1.q5#collCX  
--------------------------------------------------------------------------------
693	6.862800e-02	1.499999e+01	1.446108e+01	-1.37671e+01	
694	6.872800e-02	1.499999e+01	1.446108e+01	-1.37680e+01	
695	6.882800e-02	1.499999e+01	1.446108e+01	-1.37689e+01	
696	6.892800e-02	1.499999e+01	1.446108e+01	-1.37698e+01	
697	6.902800e-02	1.499999e+01	1.446108e+01	-1.37708e+01	
698	6.912800e-02	1.499999e+01	1.446108e+01	-1.37717e+01	
699	6.922800e-02	1.499999e+01	1.446108e+01	-1.37727e+01	
700	6.932800e-02	1.499999e+01	1.446108e+01	-1.37736e+01	
701	6.942800e-02	1.499999e+01	1.446108e+01	-1.37746e+01	
702	6.952800e-02	1.499999e+01	1.446108e+01	-1.37756e+01	
703	6.962800e-02	1.499999e+01	1.446108e+01	-1.37765e+01	
704	6.972800e-02	1.499999e+01	1.446108e+01	-1.37775e+01	
705	6.982800e-02	1.499999e+01	1.446108e+01	-1.37785e+01	
706	6.992800e-02	1.499999e+01	1.446108e+01	-1.37795e+01	
707	7.002800e-02	1.499999e+01	1.446108e+01	-1.37805e+01	
708	7.012800e-02	1.499999e+01	1.446108e+01	-1.37813e+01	
709	7.022800e-02	1.499999e+01	1.446108e+01	-1.37819e+01	
710	7.032800e-02	1.499999e+01	1.446108e+01	-1.37826e+01	
711	7.042800e-02	1.499999e+01	1.446108e+01	-1.37832e+01	
712	7.052800e-02	1.499999e+01	1.446108e+01	-1.37839e+01	
713	7.062800e-02	1.499999e+01	1.446108e+01	-1.37845e+01	
714	7.072800e-02	1.499999e+01	1.446108e+01	-1.37851e+01	
715	7.082800e-02	1.499999e+01	1.446108e+01	-1.37857e+01	
716	7.092800e-02	1.499999e+01	1.446108e+01	-1.37864e+01	
717	7.102800e-02	1.499999e+01	1.446108e+01	-1.37870e+01	
718	7.112800e-02	1.499999e+01	1.446108e+01	-1.37876e+01	
719	7.122800e-02	1.499999e+01	1.446108e+01	-1.37882e+01	
720	7.132800e-02	1.499999e+01	1.446108e+01	-1.37887e+01	
721	7.142800e-02	1.499999e+01	1.446108e+01	-1.37893e+01	
722	7.152800e-02	1.499999e+01	1.446108e+01	-1.37899e+01	
723	7.162800e-02	1.499999e+01	1.446108e+01	-1.37905e+01	
724	7.172800e-02	1.499999e+01	1.446108e+01	-1.37910e+01	
725	7.182800e-02	1.499999e+01	1.446108e+01	-1.37916e+01	
726	7.192800e-02	1.499999e+01	1.446108e+01	-1.37921e+01	
727	7.202800e-02	1.499999e+01	1.446108e+01	-1.37926e+01	
728	7.212800e-02	1.499999e+01	1.446108e+01	-1.37931e+01	
729	7.222800e-02	1.499999e+01	1.446108e+01	-1.37936e+01	
730	7.232800e-02	1.499999e+01	1.446108e+01	-1.37941e+01	
731	7.242800e-02	1.499999e+01	1.446108e+01	-1.37946e+01	
732	7.252800e-02	1.499999e+01	1.446108e+01	-1.37950e+01	
733	7.262800e-02	1.499999e+01	1.446108e+01	-1.37955e+01	
734	7.272800e-02	1.499999e+01	1.446108e+01	-1.37959e+01	
735	7.282800e-02	1.499999e+01	1.446108e+01	-1.37963e+01	
736	7.292800e-02	1.499999e+01	1.446108e+01	-1.37967e+01	
737	7.302800e-02	1.499999e+01	1.446108e+01	-1.37971e+01	
738	7.312800e-02	1.499999e+01	1.446108e+01	-1.37975e+01	
739	7.322800e-02	1.499999e+01	1.446108e+01	-1.37978e+01	
740	7.332800e-02	1.499999e+01	1.446108e+01	-1.37982e+01	
741	7.342800e-02	1.499999e+01	1.446108e+01	-1.37985e+01	
742	7.352800e-02	1.499999e+01	1.446108e+01	-1.37988e+01	
743	7.362800e-02	1.499999e+01	1.446108e+01	-1.37990e+01	
744	7.372800e-02	1.499999e+01	1.446108e+01	-1.37993e+01	
745	7.382800e-02	1.499999e+01	1.446108e+01	-1.37996e+01	
746	7.392800e-02	1.499999e+01	1.446108e+01	-1.37998e+01	
747	7.402800e-02	1.499999e+01	1.446108e+01	-1.38000e+01	
748	7.412800e-02	1.499999e+01	1.446108e+01	-1.38002e+01	
749	7.422800e-02	1.499999e+01	1.446108e+01	-1.38003e+01	
750	7.432800e-02	1.499999e+01	1.446108e+01	-1.38005e+01	

Index   time            q.x1.q3#collCX  q.x1.q4#collCX  q.x1.q5#collCX  
--------------------------------------------------------------------------------
751	7.442800e-02	1.499999e+01	1.446108e+01	-1.38006e+01	
752	7.452800e-02	1.499999e+01	1.446108e+01	-1.38007e+01	
753	7.462800e-02	1.499999e+01	1.446108e+01	-1.38008e+01	
754	7.472800e-02	1.499999e+01	1.446108e+01	-1.38009e+01	
755	7.482800e-02	1.499999e+01	1.446108e+01	-1.38009e+01	
756	7.492800e-02	1.499999e+01	1.446108e+01	-1.38009e+01	
757	7.502800e-02	1.499999e+01	1.446108e+01	-1.38009e+01	
758	7.512800e-02	1.499999e+01	1.446108e+01	-1.38009e+01	
759	7.522800e-02	1.499999e+01	1.446108e+01	-1.38009e+01	
760	7.532800e-02	1.499999e+01	1.446108e+01	-1.38008e+01	
761	7.542800e-02	1.499999e+01	1.446108e+01	-1.38008e+01	
762	7.552800e-02	1.499999e+01	1.446108e+01	-1.38007e+01	
763	7.562800e-02	1.499999e+01	1.446108e+01	-1.38005e+01	
764	7.572800e-02	1.499999e+01	1.446108e+01	-1.38004e+01	
765	7.582800e-02	1.499999e+01	1.446108e+01	-1.38002e+01	
766	7.592800e-02	1.499999e+01	1.446108e+01	-1.38001e+01	
767	7.602800e-02	1.499999e+01	1.446108e+01	-1.37999e+01	
768	7.612800e-02	1.499999e+01	1.446108e+01	-1.37996e+01	
769	7.622800e-02	1.499999e+01	1.446108e+01	-1.37994e+01	
770	7.632800e-02	1.499999e+01	1.446108e+01	-1.37992e+01	
771	7.642800e-02	1.499999e+01	1.446108e+01	-1.37989e+01	
772	7.652800e-02	1.499999e+01	1.446108e+01	-1.37986e+01	
773	7.662800e-02	1.499999e+01	1.446108e+01	-1.37983e+01	
774	7.672800e-02	1.499999e+01	1.446108e+01	-1.37980e+01	
775	7.682800e-02	1.499999e+01	1.446108e+01	-1.37976e+01	
776	7.692800e-02	1.499999e+01	1.446108e+01	-1.37973e+01	
777	7.702800e-02	1.499999e+01	1.446108e+01	-1.37969e+01	
778	7.712800e-02	1.499999e+01	1.446108e+01	-1.37965e+01	
779	7.722800e-02	1.499999e+01	1.446108e+01	-1.37961e+01	
780	7.732800e-02	1.499999e+01	1.446108e+01	-1.37957e+01	
781	7.742800e-02	1.499999e+01	1.446108e+01	-1.37952e+01	
782	7.752800e-02	1.499999e+01	1.446108e+01	-1.37948e+01	
783	7.762800e-02	1.499999e+01	1.446108e+01	-1.37943e+01	
784	7.772800e-02	1.499999e+01	1.446108e+01	-1.37938e+01	
785	7.782800e-02	1.499999e+01	1.446108e+01	-1.37933e+01	
786	7.792800e-02	1.499999e+01	1.446108e+01	-1.37928e+01	
787	7.802800e-02	1.499999e+01	1.446108e+01	-1.37923e+01	
788	7.812800e-02	1.499999e+01	1.446108e+01	-1.37918e+01	
789	7.822800e-02	1.499999e+01	1.446108e+01	-1.37912e+01	
790	7.832800e-02	1.499999e+01	1.446108e+01	-1.37907e+01	
791	7.842800e-02	1.499999e+01	1.446108e+01	-1.37901e+01	
792	7.852800e-02	1.499999e+01	1.446108e+01	-1.37896e+01	
793	7.862800e-02	1.499999e+01	1.446108e+01	-1.37890e+01	
794	7.872800e-02	1.499999e+01	1.446108e+01	-1.37884e+01	
795	7.882800e-02	1.499999e+01	1.446108e+01	-1.37878e+01	
796	7.892800e-02	1.499999e+01	1.446108e+01	-1.37872e+01	
797	7.902800e-02	1.499999e+01	1.446108e+01	-1.37866e+01	
798	7.912800e-02	1.499999e+01	1.446108e+01	-1.37860e+01	
799	7.922800e-02	1.499999e+01	1.446108e+01	-1.37854e+01	
800	7.932800e-02	1.499999e+01	1.446108e+01	-1.37848e+01	
801	7.942800e-02	1.499999e+01	1.446108e+01	-1.37841e+01	
802	7.952800e-02	1.499999e+01	1.446108e+01	-1.37835e+01	
803	7.962800e-02	1.499999e+01	1.446108e+01	-1.37828e+01	
804	7.972800e-02	1.499999e+01	1.446108e+01	-1.37822e+01	
805	7.982800e-02	1.499999e+01	1.446108e+01	-1.37815e+01	
806	7.992800e-02	1.499999e+01	1.446108e+01	-1.37809e+01	
807	8.002800e-02	1.499999e+01	1.446108e+01	-1.37800e+01	
808	8.012800e-02	1.499999e+01	1.446108e+01	-1.37790e+01	

Index   time            q.x1.q3#collCX  q.x1.q4#collCX  q.x1.q5#collCX  
--------------------------------------------------------------------------------
809	8.022800e-02	1.499999e+01	1.446108e+01	-1.37780e+01	
810	8.032800e-02	1.499999e+01	1.446108e+01	-1.37770e+01	
811	8.042800e-02	1.499999e+01	1.446108e+01	-1.37760e+01	
812	8.052800e-02	1.499999e+01	1.446108e+01	-1.37750e+01	
813	8.062800e-02	1.499999e+01	1.446108e+01	-1.37741e+01	
814	8.072800e-02	1.499999e+01	1.446108e+01	-1.37731e+01	
815	8.082800e-02	1.499999e+01	1.446108e+01	-1.37721e+01	
816	8.092800e-02	1.499999e+01	1.446108e+01	-1.37712e+01	
817	8.102800e-02	1.499999e+01	1.446108e+01	-1.37703e+01	
818	8.112800e-02	1.499999e+01	1.446108e+01	-1.37693e+01	
819	8.122800e-02	1.499999e+01	1.446108e+01	-1.37684e+01	
820	8.132800e-02	1.499999e+01	1.446108e+01	-1.37675e+01	
821	8.142800e-02	1.499999e+01	1.446108e+01	-1.37666e+01	
822	8.152800e-02	1.499999e+01	1.446108e+01	-1.37657e+01	
823	8.162800e-02	1.499999e+01	1.446108e+01	-1.37648e+01	
824	8.172800e-02	1.499999e+01	1.446108e+01	-1.37639e+01	
825	8.182800e-02	1.499999e+01	1.446108e+01	-1.37631e+01	
826	8.192800e-02	1.499999e+01	1.446108e+01	-1.37623e+01	
827	8.202800e-02	1.499999e+01	1.446108e+01	-1.37614e+01	
828	8.212800e-02	1.499999e+01	1.446108e+01	-1.37606e+01	
829	8.222800e-02	1.499999e+01	1.446108e+01	-1.37599e+01	
830	8.232800e-02	1.499999e+01	1.446108e+01	-1.37591e+01	
831	8.242800e-02	1.499999e+01	1.446108e+01	-1.37583e+01	
832	8.252800e-02	1.499999e+01	1.446108e+01	-1.37576e+01	
833	8.262800e-02	1.499999e+01	1.446108e+01	-1.37569e+01	
834	8.272800e-02	1.499999e+01	1.446108e+01	-1.37562e+01	
835	8.282800e-02	1.499999e+01	1.446108e+01	-1.37556e+01	
836	8.292800e-02	1.499999e+01	1.446108e+01	-1.37549e+01	
837	8.302800e-02	1.499999e+01	1.446108e+01	-1.37543e+01	
838	8.312800e-02	1.499999e+01	1.446108e+01	-1.37537e+01	
839	8.322800e-02	1.499999e+01	1.446108e+01	-1.37532e+01	
840	8.332800e-02	1.499999e+01	1.446108e+01	-1.37526e+01	
841	8.342800e-02	1.499999e+01	1.446108e+01	-1.37521e+01	
842	8.352800e-02	1.499999e+01	1.446108e+01	-1.37516e+01	
843	8.362800e-02	1.499999e+01	1.446108e+01	-1.37512e+01	
844	8.372800e-02	1.499999e+01	1.446108e+01	-1.37508e+01	
845	8.382800e-02	1.499999e+01	1.446108e+01	-1.37504e+01	
846	8.392800e-02	1.499999e+01	1.446108e+01	-1.37500e+01	
847	8.402800e-02	1.499999e+01	1.446108e+01	-1.37497e+01	
848	8.412800e-02	1.499999e+01	1.446108e+01	-1.37494e+01	
849	8.422800e-02	1.499999e+01	1.446108e+01	-1.37491e+01	
850	8.432800e-02	1.499999e+01	1.446108e+01	-1.37489e+01	
851	8.442800e-02	1.499999e+01	1.446108e+01	-1.37487e+01	
852	8.452800e-02	1.499999e+01	1.446108e+01	-1.37485e+01	
853	8.462800e-02	1.499999e+01	1.446108e+01	-1.37484e+01	
854	8.472800e-02	1.499999e+01	1.446108e+01	-1.37483e+01	
855	8.482800e-02	1.499999e+01	1.446108e+01	-1.37482e+01	
856	8.492800e-02	1.499999e+01	1.446108e+01	-1.37481e+01	
857	8.502800e-02	1.499999e+01	1.446108e+01	-1.37481e+01	
858	8.512800e-02	1.499999e+01	1.446108e+01	-1.37482e+01	
859	8.522800e-02	1.499999e+01	1.446108e+01	-1.37482e+01	
860	8.532800e-02	1.499999e+01	1.446108e+01	-1.37483e+01	
861	8.542800e-02	1.499999e+01	1.446108e+01	-1.37484e+01	
862	8.552800e-02	1.499999e+01	1.446108e+01	-1.37486e+01	
863	8.562800e-02	1.499999e+01	1.446108e+01	-1.37488e+01	
864	8.572800e-02	1.499999e+01	1.446108e+01	-1.37490e+01	
865	8.582800e-02	1.499999e+01	1.446108e+01	-1.37493e+01	
866	8.592800e-02	1.499999e+01	1.446108e+01	-1.37495e+01	

Index   time            q.x1.q3#collCX  q.x1.q4#collCX  q.x1.q5#collCX  
--------------------------------------------------------------------------------
867	8.602800e-02	1.499999e+01	1.446108e+01	-1.37499e+01	
868	8.612800e-02	1.499999e+01	1.446108e+01	-1.37502e+01	
869	8.622800e-02	1.499999e+01	1.446108e+01	-1.37506e+01	
870	8.632800e-02	1.499999e+01	1.446108e+01	-1.37510e+01	
871	8.642800e-02	1.499999e+01	1.446108e+01	-1.37514e+01	
872	8.652800e-02	1.499999e+01	1.446108e+01	-1.37519e+01	
873	8.662800e-02	1.499999e+01	1.446108e+01	-1.37524e+01	
874	8.672800e-02	1.499999e+01	1.446108e+01	-1.37529e+01	
875	8.682800e-02	1.499999e+01	1.446108e+01	-1.37535e+01	
876	8.692800e-02	1.499999e+01	1.446108e+01	-1.37541e+01	
877	8.702800e-02	1.499999e+01	1.446108e+01	-1.37547e+01	
878	8.712800e-02	1.499999e+01	1.446108e+01	-1.37553e+01	
879	8.722800e-02	1.499999e+01	1.446108e+01	-1.37559e+01	
880	8.732800e-02	1.499999e+01	1.446108e+01	-1.37566e+01	
881	8.742800e-02	1.499999e+01	1.446108e+01	-1.37573e+01	
882	8.752800e-02	1.499999e+01	1.446108e+01	-1.37580e+01	
883	8.762800e-02	1.499999e+01	1.446108e+01	-1.37588e+01	
884	8.772800e-02	1.499999e+01	1.446108e+01	-1.37595e+01	
885	8.782800e-02	1.499999e+01	1.446108e+01	-1.37603e+01	
886	8.792800e-02	1.499999e+01	1.446108e+01	-1.37611e+01	
887	8.802800e-02	1.499999e+01	1.446108e+01	-1.37619e+01	
888	8.812800e-02	1.499999e+01	1.446108e+01	-1.37627e+01	
889	8.822800e-02	1.499999e+01	1.446108e+01	-1.37636e+01	
890	8.832800e-02	1.499999e+01	1.446108e+01	-1.37644e+01	
891	8.842800e-02	1.499999e+01	1.446108e+01	-1.37653e+01	
892	8.852800e-02	1.499999e+01	1.446108e+01	-1.37662e+01	
893	8.862800e-02	1.499999e+01	1.446108e+01	-1.37671e+01	
894	8.872800e-02	1.499999e+01	1.446108e+01	-1.37680e+01	
895	8.882800e-02	1.499999e+01	1.446108e+01	-1.37689e+01	
896	8.892800e-02	1.499999e+01	1.446108e+01	-1.37698e+01	
897	8.902800e-02	1.499999e+01	1.446108e+01	-1.37708e+01	
898	8.912800e-02	1.499999e+01	1.446108e+01	-1.37717e+01	
899	8.922800e-02	1.499999e+01	1.446108e+01	-1.37727e+01	
900	8.932800e-02	1.499999e+01	1.446108e+01	-1.37736e+01	
901	8.942800e-02	1.499999e+01	1.446108e+01	-1.37746e+01	
902	8.952800e-02	1.499999e+01	1.446108e+01	-1.37756e+01	
903	8.962800e-02	1.499999e+01	1.446108e+01	-1.37765e+01	
904	8.972800e-02	1.499999e+01	1.446108e+01	-1.37775e+01	
905	8.982800e-02	1.499999e+01	1.446108e+01	-1.37785e+01	
906	8.992800e-02	1.499999e+01	1.446108e+01	-1.37795e+01	
907	9.002800e-02	1.499999e+01	1.446108e+01	-1.37805e+01	
908	9.012800e-02	1.499999e+01	1.446108e+01	-1.37813e+01	
909	9.022800e-02	1.499999e+01	1.446108e+01	-1.37819e+01	
910	9.032800e-02	1.499999e+01	1.446108e+01	-1.37826e+01	
911	9.042800e-02	1.499999e+01	1.446108e+01	-1.37832e+01	
912	9.052800e-02	1.499999e+01	1.446108e+01	-1.37839e+01	
913	9.062800e-02	1.499999e+01	1.446108e+01	-1.37845e+01	
914	9.072800e-02	1.499999e+01	1.446108e+01	-1.37851e+01	
915	9.082800e-02	1.499999e+01	1.446108e+01	-1.37857e+01	
916	9.092800e-02	1.499999e+01	1.446108e+01	-1.37864e+01	
917	9.102800e-02	1.499999e+01	1.446108e+01	-1.37870e+01	
918	9.112800e-02	1.499999e+01	1.446108e+01	-1.37876e+01	
919	9.122800e-02	1.499999e+01	1.446108e+01	-1.37882e+01	
920	9.132800e-02	1.499999e+01	1.446108e+01	-1.37887e+01	
921	9.142800e-02	1.499999e+01	1.446108e+01	-1.37893e+01	
922	9.152800e-02	1.499999e+01	1.446108e+01	-1.37899e+01	
923	9.162800e-02	1.499999e+01	1.446108e+01	-1.37905e+01	
924	9.172800e-02	1.499999e+01	1.446108e+01	-1.37910e+01	

Index   time            q.x1.q3#collCX  q.x1.q4#collCX  q.x1.q5#collCX  
--------------------------------------------------------------------------------
925	9.182800e-02	1.499999e+01	1.446108e+01	-1.37916e+01	
926	9.192800e-02	1.499999e+01	1.446108e+01	-1.37921e+01	
927	9.202800e-02	1.499999e+01	1.446108e+01	-1.37926e+01	
928	9.212800e-02	1.499999e+01	1.446108e+01	-1.37931e+01	
929	9.222800e-02	1.499999e+01	1.446108e+01	-1.37936e+01	
930	9.232800e-02	1.499999e+01	1.446108e+01	-1.37941e+01	
931	9.242800e-02	1.499999e+01	1.446108e+01	-1.37946e+01	
932	9.252800e-02	1.499999e+01	1.446108e+01	-1.37950e+01	
933	9.262800e-02	1.499999e+01	1.446108e+01	-1.37955e+01	
934	9.272800e-02	1.499999e+01	1.446108e+01	-1.37959e+01	
935	9.282800e-02	1.499999e+01	1.446108e+01	-1.37963e+01	
936	9.292800e-02	1.499999e+01	1.446108e+01	-1.37967e+01	
937	9.302800e-02	1.499999e+01	1.446108e+01	-1.37971e+01	
938	9.312800e-02	1.499999e+01	1.446108e+01	-1.37975e+01	
939	9.322800e-02	1.499999e+01	1.446108e+01	-1.37978e+01	
940	9.332800e-02	1.499999e+01	1.446108e+01	-1.37982e+01	
941	9.342800e-02	1.499999e+01	1.446108e+01	-1.37985e+01	
942	9.352800e-02	1.499999e+01	1.446108e+01	-1.37988e+01	
943	9.362800e-02	1.499999e+01	1.446108e+01	-1.37990e+01	
944	9.372800e-02	1.499999e+01	1.446108e+01	-1.37993e+01	
945	9.382800e-02	1.499999e+01	1.446108e+01	-1.37996e+01	
946	9.392800e-02	1.499999e+01	1.446108e+01	-1.37998e+01	
947	9.402800e-02	1.499999e+01	1.446108e+01	-1.38000e+01	
948	9.412800e-02	1.499999e+01	1.446108e+01	-1.38002e+01	
949	9.422800e-02	1.499999e+01	1.446108e+01	-1.38003e+01	
950	9.432800e-02	1.499999e+01	1.446108e+01	-1.38005e+01	
951	9.442800e-02	1.499999e+01	1.446108e+01	-1.38006e+01	
952	9.452800e-02	1.499999e+01	1.446108e+01	-1.38007e+01	
953	9.462800e-02	1.499999e+01	1.446108e+01	-1.38008e+01	
954	9.472800e-02	1.499999e+01	1.446108e+01	-1.38009e+01	
955	9.482800e-02	1.499999e+01	1.446108e+01	-1.38009e+01	
956	9.492800e-02	1.499999e+01	1.446108e+01	-1.38009e+01	
957	9.502800e-02	1.499999e+01	1.446108e+01	-1.38009e+01	
958	9.512800e-02	1.499999e+01	1.446108e+01	-1.38009e+01	
959	9.522800e-02	1.499999e+01	1.446108e+01	-1.38009e+01	
960	9.532800e-02	1.499999e+01	1.446108e+01	-1.38008e+01	
961	9.542800e-02	1.499999e+01	1.446108e+01	-1.38008e+01	
962	9.552800e-02	1.499999e+01	1.446108e+01	-1.38007e+01	
963	9.562800e-02	1.499999e+01	1.446108e+01	-1.38005e+01	
964	9.572800e-02	1.499999e+01	1.446108e+01	-1.38004e+01	
965	9.582800e-02	1.499999e+01	1.446108e+01	-1.38002e+01	
966	9.592800e-02	1.499999e+01	1.446108e+01	-1.38001e+01	
967	9.602800e-02	1.499999e+01	1.446108e+01	-1.37999e+01	
968	9.612800e-02	1.499999e+01	1.446108e+01	-1.37996e+01	
969	9.622800e-02	1.499999e+01	1.446108e+01	-1.37994e+01	
970	9.632800e-02	1.499999e+01	1.446108e+01	-1.37992e+01	
971	9.642800e-02	1.499999e+01	1.446108e+01	-1.37989e+01	
972	9.652800e-02	1.499999e+01	1.446108e+01	-1.37986e+01	
973	9.662800e-02	1.499999e+01	1.446108e+01	-1.37983e+01	
974	9.672800e-02	1.499999e+01	1.446108e+01	-1.37980e+01	
975	9.682800e-02	1.499999e+01	1.446108e+01	-1.37976e+01	
976	9.692800e-02	1.499999e+01	1.446108e+01	-1.37973e+01	
977	9.702800e-02	1.499999e+01	1.446108e+01	-1.37969e+01	
978	9.712800e-02	1.499999e+01	1.446108e+01	-1.37965e+01	
979	9.722800e-02	1.499999e+01	1.446108e+01	-1.37961e+01	
980	9.732800e-02	1.499999e+01	1.446108e+01	-1.37957e+01	
981	9.742800e-02	1.499999e+01	1.446108e+01	-1.37952e+01	
982	9.752800e-02	1.499999e+01	1.446108e+01	-1.37948e+01	

Index   time            q.x1.q3#collCX  q.x1.q4#collCX  q.x1.q5#collCX  
--------------------------------------------------------------------------------
983	9.762800e-02	1.499999e+01	1.446108e+01	-1.37943e+01	
984	9.772800e-02	1.499999e+01	1.446108e+01	-1.37938e+01	
985	9.782800e-02	1.499999e+01	1.446108e+01	-1.37933e+01	
986	9.792800e-02	1.499999e+01	1.446108e+01	-1.37928e+01	
987	9.802800e-02	1.499999e+01	1.446108e+01	-1.37923e+01	
988	9.812800e-02	1.499999e+01	1.446108e+01	-1.37918e+01	
989	9.822800e-02	1.499999e+01	1.446108e+01	-1.37912e+01	
990	9.832800e-02	1.499999e+01	1.446108e+01	-1.37907e+01	
991	9.842800e-02	1.499999e+01	1.446108e+01	-1.37901e+01	
992	9.852800e-02	1.499999e+01	1.446108e+01	-1.37896e+01	
993	9.862800e-02	1.499999e+01	1.446108e+01	-1.37890e+01	
994	9.872800e-02	1.499999e+01	1.446108e+01	-1.37884e+01	
995	9.882800e-02	1.499999e+01	1.446108e+01	-1.37878e+01	
996	9.892800e-02	1.499999e+01	1.446108e+01	-1.37872e+01	
997	9.902800e-02	1.499999e+01	1.446108e+01	-1.37866e+01	
998	9.912800e-02	1.499999e+01	1.446108e+01	-1.37860e+01	
999	9.922800e-02	1.499999e+01	1.446108e+01	-1.37854e+01	
1000	9.932800e-02	1.499999e+01	1.446108e+01	-1.37848e+01	
1001	9.942800e-02	1.499999e+01	1.446108e+01	-1.37841e+01	
1002	9.952800e-02	1.499999e+01	1.446108e+01	-1.37835e+01	
1003	9.962800e-02	1.499999e+01	1.446108e+01	-1.37828e+01	
1004	9.972800e-02	1.499999e+01	1.446108e+01	-1.37822e+01	
1005	9.982800e-02	1.499999e+01	1.446108e+01	-1.37815e+01	
1006	9.992800e-02	1.499999e+01	1.446108e+01	-1.37809e+01	
1007	1.000000e-01	1.499999e+01	1.446108e+01	-1.37803e+01	

                                kicad schematic
                                Transient Analysis  Mon Feb 10 01:04:19  2025
--------------------------------------------------------------------------------
Index   time            q.x1.q6#collCX  q.x1.q7#collCX  q.x1.q8#collCX  
--------------------------------------------------------------------------------
0	0.000000e+00	-1.39498e+01	-1.39498e+01	-1.37803e+01	
1	1.000000e-06	-1.39499e+01	-1.39499e+01	-1.37803e+01	
2	2.000000e-06	-1.39500e+01	-1.39500e+01	-1.37803e+01	
3	4.000000e-06	-1.39500e+01	-1.39501e+01	-1.37803e+01	
4	8.000000e-06	-1.39501e+01	-1.39501e+01	-1.37802e+01	
5	1.600000e-05	-1.39501e+01	-1.39501e+01	-1.37801e+01	
6	3.200000e-05	-1.39500e+01	-1.39501e+01	-1.37800e+01	
7	6.400000e-05	-1.39500e+01	-1.39500e+01	-1.37796e+01	
8	1.280000e-04	-1.39500e+01	-1.39500e+01	-1.37790e+01	
9	2.280000e-04	-1.39500e+01	-1.39500e+01	-1.37780e+01	
10	3.280000e-04	-1.39500e+01	-1.39500e+01	-1.37770e+01	
11	4.280000e-04	-1.39500e+01	-1.39500e+01	-1.37760e+01	
12	5.280000e-04	-1.39500e+01	-1.39500e+01	-1.37750e+01	
13	6.280000e-04	-1.39500e+01	-1.39500e+01	-1.37741e+01	
14	7.280000e-04	-1.39500e+01	-1.39500e+01	-1.37731e+01	
15	8.280000e-04	-1.39500e+01	-1.39500e+01	-1.37722e+01	
16	9.280000e-04	-1.39500e+01	-1.39500e+01	-1.37712e+01	
17	1.028000e-03	-1.39500e+01	-1.39500e+01	-1.37703e+01	
18	1.128000e-03	-1.39500e+01	-1.39500e+01	-1.37693e+01	
19	1.228000e-03	-1.39500e+01	-1.39500e+01	-1.37684e+01	
20	1.328000e-03	-1.39500e+01	-1.39501e+01	-1.37675e+01	
21	1.428000e-03	-1.39500e+01	-1.39501e+01	-1.37666e+01	
22	1.528000e-03	-1.39500e+01	-1.39501e+01	-1.37657e+01	
23	1.628000e-03	-1.39500e+01	-1.39501e+01	-1.37648e+01	
24	1.728000e-03	-1.39500e+01	-1.39501e+01	-1.37640e+01	
25	1.828000e-03	-1.39500e+01	-1.39501e+01	-1.37631e+01	
26	1.928000e-03	-1.39500e+01	-1.39501e+01	-1.37623e+01	
27	2.028000e-03	-1.39500e+01	-1.39501e+01	-1.37615e+01	
28	2.128000e-03	-1.39500e+01	-1.39501e+01	-1.37607e+01	
29	2.228000e-03	-1.39500e+01	-1.39501e+01	-1.37599e+01	
30	2.328000e-03	-1.39500e+01	-1.39501e+01	-1.37591e+01	
31	2.428000e-03	-1.39500e+01	-1.39501e+01	-1.37584e+01	
32	2.528000e-03	-1.39500e+01	-1.39501e+01	-1.37576e+01	
33	2.628000e-03	-1.39500e+01	-1.39501e+01	-1.37569e+01	
34	2.728000e-03	-1.39500e+01	-1.39501e+01	-1.37562e+01	
35	2.828000e-03	-1.39500e+01	-1.39501e+01	-1.37556e+01	
36	2.928000e-03	-1.39500e+01	-1.39501e+01	-1.37549e+01	
37	3.028000e-03	-1.39500e+01	-1.39501e+01	-1.37543e+01	
38	3.128000e-03	-1.39500e+01	-1.39501e+01	-1.37537e+01	
39	3.228000e-03	-1.39500e+01	-1.39501e+01	-1.37532e+01	
40	3.328000e-03	-1.39500e+01	-1.39500e+01	-1.37526e+01	
41	3.428000e-03	-1.39500e+01	-1.39500e+01	-1.37521e+01	
42	3.528000e-03	-1.39500e+01	-1.39500e+01	-1.37517e+01	
43	3.628000e-03	-1.39500e+01	-1.39500e+01	-1.37512e+01	
44	3.728000e-03	-1.39500e+01	-1.39500e+01	-1.37508e+01	
45	3.828000e-03	-1.39500e+01	-1.39500e+01	-1.37504e+01	
46	3.928000e-03	-1.39500e+01	-1.39500e+01	-1.37500e+01	
47	4.028000e-03	-1.39500e+01	-1.39500e+01	-1.37497e+01	
48	4.128000e-03	-1.39500e+01	-1.39500e+01	-1.37494e+01	
49	4.228000e-03	-1.39500e+01	-1.39500e+01	-1.37491e+01	
50	4.328000e-03	-1.39500e+01	-1.39500e+01	-1.37489e+01	
51	4.428000e-03	-1.39500e+01	-1.39500e+01	-1.37487e+01	
52	4.528000e-03	-1.39500e+01	-1.39500e+01	-1.37485e+01	
53	4.628000e-03	-1.39500e+01	-1.39500e+01	-1.37484e+01	
54	4.728000e-03	-1.39500e+01	-1.39500e+01	-1.37483e+01	

Index   time            q.x1.q6#collCX  q.x1.q7#collCX  q.x1.q8#collCX  
--------------------------------------------------------------------------------
55	4.828000e-03	-1.39500e+01	-1.39500e+01	-1.37482e+01	
56	4.928000e-03	-1.39500e+01	-1.39500e+01	-1.37482e+01	
57	5.028000e-03	-1.39500e+01	-1.39500e+01	-1.37482e+01	
58	5.128000e-03	-1.39499e+01	-1.39500e+01	-1.37482e+01	
59	5.228000e-03	-1.39499e+01	-1.39500e+01	-1.37482e+01	
60	5.328000e-03	-1.39499e+01	-1.39499e+01	-1.37483e+01	
61	5.428000e-03	-1.39499e+01	-1.39499e+01	-1.37485e+01	
62	5.528000e-03	-1.39499e+01	-1.39499e+01	-1.37486e+01	
63	5.628000e-03	-1.39499e+01	-1.39499e+01	-1.37488e+01	
64	5.728000e-03	-1.39499e+01	-1.39499e+01	-1.37490e+01	
65	5.828000e-03	-1.39499e+01	-1.39499e+01	-1.37493e+01	
66	5.928000e-03	-1.39499e+01	-1.39499e+01	-1.37496e+01	
67	6.028000e-03	-1.39499e+01	-1.39499e+01	-1.37499e+01	
68	6.128000e-03	-1.39499e+01	-1.39499e+01	-1.37502e+01	
69	6.228000e-03	-1.39499e+01	-1.39499e+01	-1.37506e+01	
70	6.328000e-03	-1.39498e+01	-1.39499e+01	-1.37510e+01	
71	6.428000e-03	-1.39498e+01	-1.39499e+01	-1.37515e+01	
72	6.528000e-03	-1.39498e+01	-1.39498e+01	-1.37519e+01	
73	6.628000e-03	-1.39498e+01	-1.39498e+01	-1.37524e+01	
74	6.728000e-03	-1.39498e+01	-1.39498e+01	-1.37529e+01	
75	6.828000e-03	-1.39498e+01	-1.39498e+01	-1.37535e+01	
76	6.928000e-03	-1.39498e+01	-1.39498e+01	-1.37541e+01	
77	7.028000e-03	-1.39498e+01	-1.39498e+01	-1.37547e+01	
78	7.128000e-03	-1.39498e+01	-1.39498e+01	-1.37553e+01	
79	7.228000e-03	-1.39498e+01	-1.39498e+01	-1.37559e+01	
80	7.328000e-03	-1.39498e+01	-1.39498e+01	-1.37566e+01	
81	7.428000e-03	-1.39497e+01	-1.39498e+01	-1.37573e+01	
82	7.528000e-03	-1.39497e+01	-1.39498e+01	-1.37580e+01	
83	7.628000e-03	-1.39497e+01	-1.39497e+01	-1.37588e+01	
84	7.728000e-03	-1.39497e+01	-1.39497e+01	-1.37595e+01	
85	7.828000e-03	-1.39497e+01	-1.39497e+01	-1.37603e+01	
86	7.928000e-03	-1.39497e+01	-1.39497e+01	-1.37611e+01	
87	8.028000e-03	-1.39497e+01	-1.39497e+01	-1.37619e+01	
88	8.128000e-03	-1.39497e+01	-1.39497e+01	-1.37627e+01	
89	8.228000e-03	-1.39497e+01	-1.39497e+01	-1.37636e+01	
90	8.328000e-03	-1.39497e+01	-1.39497e+01	-1.37645e+01	
91	8.428000e-03	-1.39497e+01	-1.39497e+01	-1.37653e+01	
92	8.528000e-03	-1.39497e+01	-1.39497e+01	-1.37662e+01	
93	8.628000e-03	-1.39496e+01	-1.39497e+01	-1.37671e+01	
94	8.728000e-03	-1.39496e+01	-1.39497e+01	-1.37680e+01	
95	8.828000e-03	-1.39496e+01	-1.39496e+01	-1.37689e+01	
96	8.928000e-03	-1.39496e+01	-1.39496e+01	-1.37699e+01	
97	9.028000e-03	-1.39496e+01	-1.39496e+01	-1.37708e+01	
98	9.128000e-03	-1.39496e+01	-1.39496e+01	-1.37717e+01	
99	9.228000e-03	-1.39496e+01	-1.39496e+01	-1.37727e+01	
100	9.328000e-03	-1.39496e+01	-1.39496e+01	-1.37737e+01	
101	9.428000e-03	-1.39496e+01	-1.39496e+01	-1.37746e+01	
102	9.528000e-03	-1.39496e+01	-1.39496e+01	-1.37756e+01	
103	9.628000e-03	-1.39496e+01	-1.39496e+01	-1.37766e+01	
104	9.728000e-03	-1.39496e+01	-1.39496e+01	-1.37775e+01	
105	9.828000e-03	-1.39496e+01	-1.39496e+01	-1.37785e+01	
106	9.928000e-03	-1.39495e+01	-1.39496e+01	-1.37795e+01	
107	1.002800e-02	-1.39495e+01	-1.39495e+01	-1.37806e+01	
108	1.012800e-02	-1.39496e+01	-1.39496e+01	-1.37813e+01	
109	1.022800e-02	-1.39495e+01	-1.39495e+01	-1.37819e+01	
110	1.032800e-02	-1.39496e+01	-1.39496e+01	-1.37826e+01	
111	1.042800e-02	-1.39495e+01	-1.39495e+01	-1.37832e+01	
112	1.052800e-02	-1.39496e+01	-1.39496e+01	-1.37839e+01	

Index   time            q.x1.q6#collCX  q.x1.q7#collCX  q.x1.q8#collCX  
--------------------------------------------------------------------------------
113	1.062800e-02	-1.39495e+01	-1.39495e+01	-1.37845e+01	
114	1.072800e-02	-1.39496e+01	-1.39496e+01	-1.37851e+01	
115	1.082800e-02	-1.39495e+01	-1.39495e+01	-1.37858e+01	
116	1.092800e-02	-1.39496e+01	-1.39496e+01	-1.37864e+01	
117	1.102800e-02	-1.39495e+01	-1.39495e+01	-1.37870e+01	
118	1.112800e-02	-1.39496e+01	-1.39496e+01	-1.37876e+01	
119	1.122800e-02	-1.39495e+01	-1.39495e+01	-1.37882e+01	
120	1.132800e-02	-1.39496e+01	-1.39496e+01	-1.37888e+01	
121	1.142800e-02	-1.39495e+01	-1.39495e+01	-1.37893e+01	
122	1.152800e-02	-1.39495e+01	-1.39496e+01	-1.37899e+01	
123	1.162800e-02	-1.39495e+01	-1.39495e+01	-1.37905e+01	
124	1.172800e-02	-1.39495e+01	-1.39496e+01	-1.37910e+01	
125	1.182800e-02	-1.39495e+01	-1.39495e+01	-1.37916e+01	
126	1.192800e-02	-1.39495e+01	-1.39496e+01	-1.37921e+01	
127	1.202800e-02	-1.39495e+01	-1.39495e+01	-1.37926e+01	
128	1.212800e-02	-1.39496e+01	-1.39496e+01	-1.37931e+01	
129	1.222800e-02	-1.39495e+01	-1.39495e+01	-1.37936e+01	
130	1.232800e-02	-1.39496e+01	-1.39496e+01	-1.37941e+01	
131	1.242800e-02	-1.39495e+01	-1.39495e+01	-1.37946e+01	
132	1.252800e-02	-1.39496e+01	-1.39496e+01	-1.37950e+01	
133	1.262800e-02	-1.39495e+01	-1.39495e+01	-1.37955e+01	
134	1.272800e-02	-1.39496e+01	-1.39496e+01	-1.37959e+01	
135	1.282800e-02	-1.39495e+01	-1.39496e+01	-1.37963e+01	
136	1.292800e-02	-1.39496e+01	-1.39496e+01	-1.37967e+01	
137	1.302800e-02	-1.39495e+01	-1.39496e+01	-1.37971e+01	
138	1.312800e-02	-1.39496e+01	-1.39496e+01	-1.37975e+01	
139	1.322800e-02	-1.39496e+01	-1.39496e+01	-1.37978e+01	
140	1.332800e-02	-1.39496e+01	-1.39496e+01	-1.37982e+01	
141	1.342800e-02	-1.39496e+01	-1.39496e+01	-1.37985e+01	
142	1.352800e-02	-1.39496e+01	-1.39496e+01	-1.37988e+01	
143	1.362800e-02	-1.39496e+01	-1.39496e+01	-1.37991e+01	
144	1.372800e-02	-1.39496e+01	-1.39496e+01	-1.37993e+01	
145	1.382800e-02	-1.39496e+01	-1.39496e+01	-1.37996e+01	
146	1.392800e-02	-1.39496e+01	-1.39496e+01	-1.37998e+01	
147	1.402800e-02	-1.39496e+01	-1.39496e+01	-1.38000e+01	
148	1.412800e-02	-1.39496e+01	-1.39496e+01	-1.38002e+01	
149	1.422800e-02	-1.39496e+01	-1.39496e+01	-1.38004e+01	
150	1.432800e-02	-1.39496e+01	-1.39496e+01	-1.38005e+01	
151	1.442800e-02	-1.39496e+01	-1.39496e+01	-1.38006e+01	
152	1.452800e-02	-1.39496e+01	-1.39497e+01	-1.38007e+01	
153	1.462800e-02	-1.39496e+01	-1.39496e+01	-1.38008e+01	
154	1.472800e-02	-1.39496e+01	-1.39497e+01	-1.38009e+01	
155	1.482800e-02	-1.39496e+01	-1.39497e+01	-1.38009e+01	
156	1.492800e-02	-1.39497e+01	-1.39497e+01	-1.38010e+01	
157	1.502800e-02	-1.39497e+01	-1.39497e+01	-1.38010e+01	
158	1.512800e-02	-1.39497e+01	-1.39497e+01	-1.38009e+01	
159	1.522800e-02	-1.39497e+01	-1.39497e+01	-1.38009e+01	
160	1.532800e-02	-1.39497e+01	-1.39497e+01	-1.38008e+01	
161	1.542800e-02	-1.39497e+01	-1.39497e+01	-1.38008e+01	
162	1.552800e-02	-1.39497e+01	-1.39497e+01	-1.38007e+01	
163	1.562800e-02	-1.39497e+01	-1.39497e+01	-1.38006e+01	
164	1.572800e-02	-1.39497e+01	-1.39497e+01	-1.38004e+01	
165	1.582800e-02	-1.39497e+01	-1.39497e+01	-1.38003e+01	
166	1.592800e-02	-1.39497e+01	-1.39497e+01	-1.38001e+01	
167	1.602800e-02	-1.39497e+01	-1.39497e+01	-1.37999e+01	
168	1.612800e-02	-1.39497e+01	-1.39498e+01	-1.37997e+01	
169	1.622800e-02	-1.39497e+01	-1.39498e+01	-1.37994e+01	
170	1.632800e-02	-1.39498e+01	-1.39498e+01	-1.37992e+01	

Index   time            q.x1.q6#collCX  q.x1.q7#collCX  q.x1.q8#collCX  
--------------------------------------------------------------------------------
171	1.642800e-02	-1.39498e+01	-1.39498e+01	-1.37989e+01	
172	1.652800e-02	-1.39498e+01	-1.39498e+01	-1.37986e+01	
173	1.662800e-02	-1.39498e+01	-1.39498e+01	-1.37983e+01	
174	1.672800e-02	-1.39498e+01	-1.39498e+01	-1.37980e+01	
175	1.682800e-02	-1.39498e+01	-1.39498e+01	-1.37976e+01	
176	1.692800e-02	-1.39498e+01	-1.39498e+01	-1.37973e+01	
177	1.702800e-02	-1.39498e+01	-1.39498e+01	-1.37969e+01	
178	1.712800e-02	-1.39498e+01	-1.39498e+01	-1.37965e+01	
179	1.722800e-02	-1.39498e+01	-1.39498e+01	-1.37961e+01	
180	1.732800e-02	-1.39498e+01	-1.39498e+01	-1.37957e+01	
181	1.742800e-02	-1.39498e+01	-1.39499e+01	-1.37952e+01	
182	1.752800e-02	-1.39498e+01	-1.39499e+01	-1.37948e+01	
183	1.762800e-02	-1.39498e+01	-1.39499e+01	-1.37943e+01	
184	1.772800e-02	-1.39499e+01	-1.39499e+01	-1.37938e+01	
185	1.782800e-02	-1.39499e+01	-1.39499e+01	-1.37933e+01	
186	1.792800e-02	-1.39499e+01	-1.39499e+01	-1.37928e+01	
187	1.802800e-02	-1.39499e+01	-1.39499e+01	-1.37923e+01	
188	1.812800e-02	-1.39499e+01	-1.39499e+01	-1.37918e+01	
189	1.822800e-02	-1.39499e+01	-1.39499e+01	-1.37913e+01	
190	1.832800e-02	-1.39499e+01	-1.39499e+01	-1.37907e+01	
191	1.842800e-02	-1.39499e+01	-1.39499e+01	-1.37902e+01	
192	1.852800e-02	-1.39499e+01	-1.39499e+01	-1.37896e+01	
193	1.862800e-02	-1.39499e+01	-1.39499e+01	-1.37890e+01	
194	1.872800e-02	-1.39499e+01	-1.39499e+01	-1.37884e+01	
195	1.882800e-02	-1.39499e+01	-1.39499e+01	-1.37878e+01	
196	1.892800e-02	-1.39499e+01	-1.39499e+01	-1.37872e+01	
197	1.902800e-02	-1.39499e+01	-1.39500e+01	-1.37866e+01	
198	1.912800e-02	-1.39499e+01	-1.39500e+01	-1.37860e+01	
199	1.922800e-02	-1.39499e+01	-1.39500e+01	-1.37854e+01	
200	1.932800e-02	-1.39500e+01	-1.39500e+01	-1.37848e+01	
201	1.942800e-02	-1.39500e+01	-1.39500e+01	-1.37841e+01	
202	1.952800e-02	-1.39500e+01	-1.39500e+01	-1.37835e+01	
203	1.962800e-02	-1.39500e+01	-1.39500e+01	-1.37829e+01	
204	1.972800e-02	-1.39500e+01	-1.39500e+01	-1.37822e+01	
205	1.982800e-02	-1.39500e+01	-1.39500e+01	-1.37816e+01	
206	1.992800e-02	-1.39500e+01	-1.39500e+01	-1.37809e+01	
207	2.002800e-02	-1.39501e+01	-1.39501e+01	-1.37800e+01	
208	2.012800e-02	-1.39500e+01	-1.39500e+01	-1.37790e+01	
209	2.022800e-02	-1.39500e+01	-1.39501e+01	-1.37780e+01	
210	2.032800e-02	-1.39500e+01	-1.39500e+01	-1.37770e+01	
211	2.042800e-02	-1.39500e+01	-1.39501e+01	-1.37760e+01	
212	2.052800e-02	-1.39500e+01	-1.39500e+01	-1.37750e+01	
213	2.062800e-02	-1.39500e+01	-1.39501e+01	-1.37741e+01	
214	2.072800e-02	-1.39500e+01	-1.39500e+01	-1.37731e+01	
215	2.082800e-02	-1.39500e+01	-1.39501e+01	-1.37722e+01	
216	2.092800e-02	-1.39500e+01	-1.39500e+01	-1.37712e+01	
217	2.102800e-02	-1.39501e+01	-1.39501e+01	-1.37703e+01	
218	2.112800e-02	-1.39500e+01	-1.39500e+01	-1.37693e+01	
219	2.122800e-02	-1.39501e+01	-1.39501e+01	-1.37684e+01	
220	2.132800e-02	-1.39500e+01	-1.39500e+01	-1.37675e+01	
221	2.142800e-02	-1.39501e+01	-1.39501e+01	-1.37666e+01	
222	2.152800e-02	-1.39500e+01	-1.39500e+01	-1.37657e+01	
223	2.162800e-02	-1.39501e+01	-1.39501e+01	-1.37648e+01	
224	2.172800e-02	-1.39500e+01	-1.39500e+01	-1.37640e+01	
225	2.182800e-02	-1.39501e+01	-1.39501e+01	-1.37631e+01	
226	2.192800e-02	-1.39500e+01	-1.39500e+01	-1.37623e+01	
227	2.202800e-02	-1.39501e+01	-1.39501e+01	-1.37615e+01	
228	2.212800e-02	-1.39500e+01	-1.39500e+01	-1.37607e+01	

Index   time            q.x1.q6#collCX  q.x1.q7#collCX  q.x1.q8#collCX  
--------------------------------------------------------------------------------
229	2.222800e-02	-1.39501e+01	-1.39501e+01	-1.37599e+01	
230	2.232800e-02	-1.39500e+01	-1.39500e+01	-1.37591e+01	
231	2.242800e-02	-1.39501e+01	-1.39501e+01	-1.37584e+01	
232	2.252800e-02	-1.39500e+01	-1.39500e+01	-1.37576e+01	
233	2.262800e-02	-1.39501e+01	-1.39501e+01	-1.37569e+01	
234	2.272800e-02	-1.39500e+01	-1.39500e+01	-1.37562e+01	
235	2.282800e-02	-1.39501e+01	-1.39501e+01	-1.37556e+01	
236	2.292800e-02	-1.39500e+01	-1.39500e+01	-1.37549e+01	
237	2.302800e-02	-1.39500e+01	-1.39501e+01	-1.37543e+01	
238	2.312800e-02	-1.39500e+01	-1.39500e+01	-1.37537e+01	
239	2.322800e-02	-1.39500e+01	-1.39501e+01	-1.37532e+01	
240	2.332800e-02	-1.39500e+01	-1.39500e+01	-1.37526e+01	
241	2.342800e-02	-1.39500e+01	-1.39501e+01	-1.37521e+01	
242	2.352800e-02	-1.39500e+01	-1.39500e+01	-1.37517e+01	
243	2.362800e-02	-1.39500e+01	-1.39500e+01	-1.37512e+01	
244	2.372800e-02	-1.39500e+01	-1.39500e+01	-1.37508e+01	
245	2.382800e-02	-1.39500e+01	-1.39500e+01	-1.37504e+01	
246	2.392800e-02	-1.39500e+01	-1.39500e+01	-1.37500e+01	
247	2.402800e-02	-1.39500e+01	-1.39500e+01	-1.37497e+01	
248	2.412800e-02	-1.39500e+01	-1.39500e+01	-1.37494e+01	
249	2.422800e-02	-1.39500e+01	-1.39500e+01	-1.37491e+01	
250	2.432800e-02	-1.39500e+01	-1.39500e+01	-1.37489e+01	
251	2.442800e-02	-1.39500e+01	-1.39500e+01	-1.37487e+01	
252	2.452800e-02	-1.39500e+01	-1.39500e+01	-1.37485e+01	
253	2.462800e-02	-1.39500e+01	-1.39500e+01	-1.37484e+01	
254	2.472800e-02	-1.39500e+01	-1.39500e+01	-1.37483e+01	
255	2.482800e-02	-1.39500e+01	-1.39500e+01	-1.37482e+01	
256	2.492800e-02	-1.39500e+01	-1.39500e+01	-1.37482e+01	
257	2.502800e-02	-1.39500e+01	-1.39500e+01	-1.37482e+01	
258	2.512800e-02	-1.39499e+01	-1.39500e+01	-1.37482e+01	
259	2.522800e-02	-1.39499e+01	-1.39500e+01	-1.37482e+01	
260	2.532800e-02	-1.39499e+01	-1.39499e+01	-1.37483e+01	
261	2.542800e-02	-1.39499e+01	-1.39499e+01	-1.37485e+01	
262	2.552800e-02	-1.39499e+01	-1.39499e+01	-1.37486e+01	
263	2.562800e-02	-1.39499e+01	-1.39499e+01	-1.37488e+01	
264	2.572800e-02	-1.39499e+01	-1.39499e+01	-1.37490e+01	
265	2.582800e-02	-1.39499e+01	-1.39499e+01	-1.37493e+01	
266	2.592800e-02	-1.39499e+01	-1.39499e+01	-1.37496e+01	
267	2.602800e-02	-1.39499e+01	-1.39499e+01	-1.37499e+01	
268	2.612800e-02	-1.39499e+01	-1.39499e+01	-1.37502e+01	
269	2.622800e-02	-1.39499e+01	-1.39499e+01	-1.37506e+01	
270	2.632800e-02	-1.39498e+01	-1.39499e+01	-1.37510e+01	
271	2.642800e-02	-1.39498e+01	-1.39499e+01	-1.37515e+01	
272	2.652800e-02	-1.39498e+01	-1.39498e+01	-1.37519e+01	
273	2.662800e-02	-1.39498e+01	-1.39498e+01	-1.37524e+01	
274	2.672800e-02	-1.39498e+01	-1.39498e+01	-1.37529e+01	
275	2.682800e-02	-1.39498e+01	-1.39498e+01	-1.37535e+01	
276	2.692800e-02	-1.39498e+01	-1.39498e+01	-1.37541e+01	
277	2.702800e-02	-1.39498e+01	-1.39498e+01	-1.37547e+01	
278	2.712800e-02	-1.39498e+01	-1.39498e+01	-1.37553e+01	
279	2.722800e-02	-1.39498e+01	-1.39498e+01	-1.37559e+01	
280	2.732800e-02	-1.39498e+01	-1.39498e+01	-1.37566e+01	
281	2.742800e-02	-1.39497e+01	-1.39498e+01	-1.37573e+01	
282	2.752800e-02	-1.39497e+01	-1.39498e+01	-1.37580e+01	
283	2.762800e-02	-1.39497e+01	-1.39497e+01	-1.37588e+01	
284	2.772800e-02	-1.39497e+01	-1.39497e+01	-1.37595e+01	
285	2.782800e-02	-1.39497e+01	-1.39497e+01	-1.37603e+01	
286	2.792800e-02	-1.39497e+01	-1.39497e+01	-1.37611e+01	

Index   time            q.x1.q6#collCX  q.x1.q7#collCX  q.x1.q8#collCX  
--------------------------------------------------------------------------------
287	2.802800e-02	-1.39497e+01	-1.39497e+01	-1.37619e+01	
288	2.812800e-02	-1.39497e+01	-1.39497e+01	-1.37627e+01	
289	2.822800e-02	-1.39497e+01	-1.39497e+01	-1.37636e+01	
290	2.832800e-02	-1.39497e+01	-1.39497e+01	-1.37645e+01	
291	2.842800e-02	-1.39497e+01	-1.39497e+01	-1.37653e+01	
292	2.852800e-02	-1.39496e+01	-1.39497e+01	-1.37662e+01	
293	2.862800e-02	-1.39496e+01	-1.39497e+01	-1.37671e+01	
294	2.872800e-02	-1.39496e+01	-1.39497e+01	-1.37680e+01	
295	2.882800e-02	-1.39496e+01	-1.39496e+01	-1.37689e+01	
296	2.892800e-02	-1.39496e+01	-1.39496e+01	-1.37699e+01	
297	2.902800e-02	-1.39496e+01	-1.39496e+01	-1.37708e+01	
298	2.912800e-02	-1.39496e+01	-1.39496e+01	-1.37717e+01	
299	2.922800e-02	-1.39496e+01	-1.39496e+01	-1.37727e+01	
300	2.932800e-02	-1.39496e+01	-1.39496e+01	-1.37737e+01	
301	2.942800e-02	-1.39496e+01	-1.39496e+01	-1.37746e+01	
302	2.952800e-02	-1.39496e+01	-1.39496e+01	-1.37756e+01	
303	2.962800e-02	-1.39496e+01	-1.39496e+01	-1.37766e+01	
304	2.972800e-02	-1.39496e+01	-1.39496e+01	-1.37775e+01	
305	2.982800e-02	-1.39496e+01	-1.39496e+01	-1.37785e+01	
306	2.992800e-02	-1.39495e+01	-1.39496e+01	-1.37795e+01	
307	3.002800e-02	-1.39495e+01	-1.39495e+01	-1.37806e+01	
308	3.012800e-02	-1.39496e+01	-1.39496e+01	-1.37813e+01	
309	3.022800e-02	-1.39495e+01	-1.39495e+01	-1.37819e+01	
310	3.032800e-02	-1.39496e+01	-1.39496e+01	-1.37826e+01	
311	3.042800e-02	-1.39495e+01	-1.39495e+01	-1.37832e+01	
312	3.052800e-02	-1.39496e+01	-1.39496e+01	-1.37839e+01	
313	3.062800e-02	-1.39495e+01	-1.39495e+01	-1.37845e+01	
314	3.072800e-02	-1.39496e+01	-1.39496e+01	-1.37851e+01	
315	3.082800e-02	-1.39495e+01	-1.39495e+01	-1.37858e+01	
316	3.092800e-02	-1.39496e+01	-1.39496e+01	-1.37864e+01	
317	3.102800e-02	-1.39495e+01	-1.39495e+01	-1.37870e+01	
318	3.112800e-02	-1.39496e+01	-1.39496e+01	-1.37876e+01	
319	3.122800e-02	-1.39495e+01	-1.39495e+01	-1.37882e+01	
320	3.132800e-02	-1.39496e+01	-1.39496e+01	-1.37888e+01	
321	3.142800e-02	-1.39495e+01	-1.39495e+01	-1.37893e+01	
322	3.152800e-02	-1.39495e+01	-1.39496e+01	-1.37899e+01	
323	3.162800e-02	-1.39495e+01	-1.39495e+01	-1.37905e+01	
324	3.172800e-02	-1.39495e+01	-1.39496e+01	-1.37910e+01	
325	3.182800e-02	-1.39495e+01	-1.39495e+01	-1.37916e+01	
326	3.192800e-02	-1.39495e+01	-1.39496e+01	-1.37921e+01	
327	3.202800e-02	-1.39495e+01	-1.39495e+01	-1.37926e+01	
328	3.212800e-02	-1.39495e+01	-1.39496e+01	-1.37931e+01	
329	3.222800e-02	-1.39495e+01	-1.39495e+01	-1.37936e+01	
330	3.232800e-02	-1.39496e+01	-1.39496e+01	-1.37941e+01	
331	3.242800e-02	-1.39495e+01	-1.39495e+01	-1.37946e+01	
332	3.252800e-02	-1.39496e+01	-1.39496e+01	-1.37950e+01	
333	3.262800e-02	-1.39495e+01	-1.39495e+01	-1.37955e+01	
334	3.272800e-02	-1.39496e+01	-1.39496e+01	-1.37959e+01	
335	3.282800e-02	-1.39495e+01	-1.39496e+01	-1.37963e+01	
336	3.292800e-02	-1.39496e+01	-1.39496e+01	-1.37967e+01	
337	3.302800e-02	-1.39495e+01	-1.39496e+01	-1.37971e+01	
338	3.312800e-02	-1.39496e+01	-1.39496e+01	-1.37975e+01	
339	3.322800e-02	-1.39496e+01	-1.39496e+01	-1.37978e+01	
340	3.332800e-02	-1.39496e+01	-1.39496e+01	-1.37982e+01	
341	3.342800e-02	-1.39496e+01	-1.39496e+01	-1.37985e+01	
342	3.352800e-02	-1.39496e+01	-1.39496e+01	-1.37988e+01	
343	3.362800e-02	-1.39496e+01	-1.39496e+01	-1.37991e+01	
344	3.372800e-02	-1.39496e+01	-1.39496e+01	-1.37993e+01	

Index   time            q.x1.q6#collCX  q.x1.q7#collCX  q.x1.q8#collCX  
--------------------------------------------------------------------------------
345	3.382800e-02	-1.39496e+01	-1.39496e+01	-1.37996e+01	
346	3.392800e-02	-1.39496e+01	-1.39496e+01	-1.37998e+01	
347	3.402800e-02	-1.39496e+01	-1.39496e+01	-1.38000e+01	
348	3.412800e-02	-1.39496e+01	-1.39496e+01	-1.38002e+01	
349	3.422800e-02	-1.39496e+01	-1.39496e+01	-1.38004e+01	
350	3.432800e-02	-1.39496e+01	-1.39496e+01	-1.38005e+01	
351	3.442800e-02	-1.39496e+01	-1.39496e+01	-1.38006e+01	
352	3.452800e-02	-1.39496e+01	-1.39497e+01	-1.38007e+01	
353	3.462800e-02	-1.39496e+01	-1.39496e+01	-1.38008e+01	
354	3.472800e-02	-1.39496e+01	-1.39497e+01	-1.38009e+01	
355	3.482800e-02	-1.39496e+01	-1.39497e+01	-1.38009e+01	
356	3.492800e-02	-1.39497e+01	-1.39497e+01	-1.38010e+01	
357	3.502800e-02	-1.39497e+01	-1.39497e+01	-1.38010e+01	
358	3.512800e-02	-1.39497e+01	-1.39497e+01	-1.38009e+01	
359	3.522800e-02	-1.39497e+01	-1.39497e+01	-1.38009e+01	
360	3.532800e-02	-1.39497e+01	-1.39497e+01	-1.38008e+01	
361	3.542800e-02	-1.39497e+01	-1.39497e+01	-1.38008e+01	
362	3.552800e-02	-1.39497e+01	-1.39497e+01	-1.38007e+01	
363	3.562800e-02	-1.39497e+01	-1.39497e+01	-1.38006e+01	
364	3.572800e-02	-1.39497e+01	-1.39497e+01	-1.38004e+01	
365	3.582800e-02	-1.39497e+01	-1.39497e+01	-1.38003e+01	
366	3.592800e-02	-1.39497e+01	-1.39497e+01	-1.38001e+01	
367	3.602800e-02	-1.39497e+01	-1.39497e+01	-1.37999e+01	
368	3.612800e-02	-1.39497e+01	-1.39498e+01	-1.37997e+01	
369	3.622800e-02	-1.39497e+01	-1.39498e+01	-1.37994e+01	
370	3.632800e-02	-1.39498e+01	-1.39498e+01	-1.37992e+01	
371	3.642800e-02	-1.39498e+01	-1.39498e+01	-1.37989e+01	
372	3.652800e-02	-1.39498e+01	-1.39498e+01	-1.37986e+01	
373	3.662800e-02	-1.39498e+01	-1.39498e+01	-1.37983e+01	
374	3.672800e-02	-1.39498e+01	-1.39498e+01	-1.37980e+01	
375	3.682800e-02	-1.39498e+01	-1.39498e+01	-1.37976e+01	
376	3.692800e-02	-1.39498e+01	-1.39498e+01	-1.37973e+01	
377	3.702800e-02	-1.39498e+01	-1.39498e+01	-1.37969e+01	
378	3.712800e-02	-1.39498e+01	-1.39498e+01	-1.37965e+01	
379	3.722800e-02	-1.39498e+01	-1.39498e+01	-1.37961e+01	
380	3.732800e-02	-1.39498e+01	-1.39498e+01	-1.37957e+01	
381	3.742800e-02	-1.39498e+01	-1.39499e+01	-1.37952e+01	
382	3.752800e-02	-1.39498e+01	-1.39499e+01	-1.37948e+01	
383	3.762800e-02	-1.39498e+01	-1.39499e+01	-1.37943e+01	
384	3.772800e-02	-1.39499e+01	-1.39499e+01	-1.37938e+01	
385	3.782800e-02	-1.39499e+01	-1.39499e+01	-1.37933e+01	
386	3.792800e-02	-1.39499e+01	-1.39499e+01	-1.37928e+01	
387	3.802800e-02	-1.39499e+01	-1.39499e+01	-1.37923e+01	
388	3.812800e-02	-1.39499e+01	-1.39499e+01	-1.37918e+01	
389	3.822800e-02	-1.39499e+01	-1.39499e+01	-1.37913e+01	
390	3.832800e-02	-1.39499e+01	-1.39499e+01	-1.37907e+01	
391	3.842800e-02	-1.39499e+01	-1.39499e+01	-1.37902e+01	
392	3.852800e-02	-1.39499e+01	-1.39499e+01	-1.37896e+01	
393	3.862800e-02	-1.39499e+01	-1.39499e+01	-1.37890e+01	
394	3.872800e-02	-1.39499e+01	-1.39499e+01	-1.37884e+01	
395	3.882800e-02	-1.39499e+01	-1.39499e+01	-1.37878e+01	
396	3.892800e-02	-1.39499e+01	-1.39499e+01	-1.37872e+01	
397	3.902800e-02	-1.39499e+01	-1.39500e+01	-1.37866e+01	
398	3.912800e-02	-1.39499e+01	-1.39500e+01	-1.37860e+01	
399	3.922800e-02	-1.39499e+01	-1.39500e+01	-1.37854e+01	
400	3.932800e-02	-1.39500e+01	-1.39500e+01	-1.37848e+01	
401	3.942800e-02	-1.39500e+01	-1.39500e+01	-1.37841e+01	
402	3.952800e-02	-1.39500e+01	-1.39500e+01	-1.37835e+01	

Index   time            q.x1.q6#collCX  q.x1.q7#collCX  q.x1.q8#collCX  
--------------------------------------------------------------------------------
403	3.962800e-02	-1.39500e+01	-1.39500e+01	-1.37829e+01	
404	3.972800e-02	-1.39500e+01	-1.39500e+01	-1.37822e+01	
405	3.982800e-02	-1.39500e+01	-1.39500e+01	-1.37816e+01	
406	3.992800e-02	-1.39500e+01	-1.39500e+01	-1.37809e+01	
407	4.002800e-02	-1.39501e+01	-1.39501e+01	-1.37800e+01	
408	4.012800e-02	-1.39500e+01	-1.39500e+01	-1.37790e+01	
409	4.022800e-02	-1.39500e+01	-1.39501e+01	-1.37780e+01	
410	4.032800e-02	-1.39500e+01	-1.39500e+01	-1.37770e+01	
411	4.042800e-02	-1.39500e+01	-1.39501e+01	-1.37760e+01	
412	4.052800e-02	-1.39500e+01	-1.39500e+01	-1.37750e+01	
413	4.062800e-02	-1.39500e+01	-1.39501e+01	-1.37741e+01	
414	4.072800e-02	-1.39500e+01	-1.39500e+01	-1.37731e+01	
415	4.082800e-02	-1.39500e+01	-1.39501e+01	-1.37722e+01	
416	4.092800e-02	-1.39500e+01	-1.39500e+01	-1.37712e+01	
417	4.102800e-02	-1.39501e+01	-1.39501e+01	-1.37703e+01	
418	4.112800e-02	-1.39500e+01	-1.39500e+01	-1.37693e+01	
419	4.122800e-02	-1.39501e+01	-1.39501e+01	-1.37684e+01	
420	4.132800e-02	-1.39500e+01	-1.39500e+01	-1.37675e+01	
421	4.142800e-02	-1.39501e+01	-1.39501e+01	-1.37666e+01	
422	4.152800e-02	-1.39500e+01	-1.39500e+01	-1.37657e+01	
423	4.162800e-02	-1.39501e+01	-1.39501e+01	-1.37648e+01	
424	4.172800e-02	-1.39500e+01	-1.39500e+01	-1.37640e+01	
425	4.182800e-02	-1.39501e+01	-1.39501e+01	-1.37631e+01	
426	4.192800e-02	-1.39500e+01	-1.39500e+01	-1.37623e+01	
427	4.202800e-02	-1.39501e+01	-1.39501e+01	-1.37615e+01	
428	4.212800e-02	-1.39500e+01	-1.39500e+01	-1.37607e+01	
429	4.222800e-02	-1.39501e+01	-1.39501e+01	-1.37599e+01	
430	4.232800e-02	-1.39500e+01	-1.39500e+01	-1.37591e+01	
431	4.242800e-02	-1.39501e+01	-1.39501e+01	-1.37584e+01	
432	4.252800e-02	-1.39500e+01	-1.39500e+01	-1.37576e+01	
433	4.262800e-02	-1.39501e+01	-1.39501e+01	-1.37569e+01	
434	4.272800e-02	-1.39500e+01	-1.39500e+01	-1.37562e+01	
435	4.282800e-02	-1.39501e+01	-1.39501e+01	-1.37556e+01	
436	4.292800e-02	-1.39500e+01	-1.39500e+01	-1.37549e+01	
437	4.302800e-02	-1.39500e+01	-1.39501e+01	-1.37543e+01	
438	4.312800e-02	-1.39500e+01	-1.39500e+01	-1.37537e+01	
439	4.322800e-02	-1.39500e+01	-1.39501e+01	-1.37532e+01	
440	4.332800e-02	-1.39500e+01	-1.39500e+01	-1.37526e+01	
441	4.342800e-02	-1.39500e+01	-1.39501e+01	-1.37521e+01	
442	4.352800e-02	-1.39500e+01	-1.39500e+01	-1.37517e+01	
443	4.362800e-02	-1.39500e+01	-1.39500e+01	-1.37512e+01	
444	4.372800e-02	-1.39500e+01	-1.39500e+01	-1.37508e+01	
445	4.382800e-02	-1.39500e+01	-1.39500e+01	-1.37504e+01	
446	4.392800e-02	-1.39500e+01	-1.39500e+01	-1.37500e+01	
447	4.402800e-02	-1.39500e+01	-1.39500e+01	-1.37497e+01	
448	4.412800e-02	-1.39500e+01	-1.39500e+01	-1.37494e+01	
449	4.422800e-02	-1.39500e+01	-1.39500e+01	-1.37491e+01	
450	4.432800e-02	-1.39500e+01	-1.39500e+01	-1.37489e+01	
451	4.442800e-02	-1.39500e+01	-1.39500e+01	-1.37487e+01	
452	4.452800e-02	-1.39500e+01	-1.39500e+01	-1.37485e+01	
453	4.462800e-02	-1.39500e+01	-1.39500e+01	-1.37484e+01	
454	4.472800e-02	-1.39500e+01	-1.39500e+01	-1.37483e+01	
455	4.482800e-02	-1.39500e+01	-1.39500e+01	-1.37482e+01	
456	4.492800e-02	-1.39500e+01	-1.39500e+01	-1.37482e+01	
457	4.502800e-02	-1.39500e+01	-1.39500e+01	-1.37482e+01	
458	4.512800e-02	-1.39499e+01	-1.39500e+01	-1.37482e+01	
459	4.522800e-02	-1.39499e+01	-1.39500e+01	-1.37482e+01	
460	4.532800e-02	-1.39499e+01	-1.39499e+01	-1.37483e+01	

Index   time            q.x1.q6#collCX  q.x1.q7#collCX  q.x1.q8#collCX  
--------------------------------------------------------------------------------
461	4.542800e-02	-1.39499e+01	-1.39499e+01	-1.37485e+01	
462	4.552800e-02	-1.39499e+01	-1.39499e+01	-1.37486e+01	
463	4.562800e-02	-1.39499e+01	-1.39499e+01	-1.37488e+01	
464	4.572800e-02	-1.39499e+01	-1.39499e+01	-1.37490e+01	
465	4.582800e-02	-1.39499e+01	-1.39499e+01	-1.37493e+01	
466	4.592800e-02	-1.39499e+01	-1.39499e+01	-1.37496e+01	
467	4.602800e-02	-1.39499e+01	-1.39499e+01	-1.37499e+01	
468	4.612800e-02	-1.39499e+01	-1.39499e+01	-1.37502e+01	
469	4.622800e-02	-1.39499e+01	-1.39499e+01	-1.37506e+01	
470	4.632800e-02	-1.39498e+01	-1.39499e+01	-1.37510e+01	
471	4.642800e-02	-1.39498e+01	-1.39499e+01	-1.37515e+01	
472	4.652800e-02	-1.39498e+01	-1.39498e+01	-1.37519e+01	
473	4.662800e-02	-1.39498e+01	-1.39498e+01	-1.37524e+01	
474	4.672800e-02	-1.39498e+01	-1.39498e+01	-1.37529e+01	
475	4.682800e-02	-1.39498e+01	-1.39498e+01	-1.37535e+01	
476	4.692800e-02	-1.39498e+01	-1.39498e+01	-1.37541e+01	
477	4.702800e-02	-1.39498e+01	-1.39498e+01	-1.37547e+01	
478	4.712800e-02	-1.39498e+01	-1.39498e+01	-1.37553e+01	
479	4.722800e-02	-1.39498e+01	-1.39498e+01	-1.37559e+01	
480	4.732800e-02	-1.39498e+01	-1.39498e+01	-1.37566e+01	
481	4.742800e-02	-1.39497e+01	-1.39498e+01	-1.37573e+01	
482	4.752800e-02	-1.39497e+01	-1.39498e+01	-1.37580e+01	
483	4.762800e-02	-1.39497e+01	-1.39497e+01	-1.37588e+01	
484	4.772800e-02	-1.39497e+01	-1.39497e+01	-1.37595e+01	
485	4.782800e-02	-1.39497e+01	-1.39497e+01	-1.37603e+01	
486	4.792800e-02	-1.39497e+01	-1.39497e+01	-1.37611e+01	
487	4.802800e-02	-1.39497e+01	-1.39497e+01	-1.37619e+01	
488	4.812800e-02	-1.39497e+01	-1.39497e+01	-1.37627e+01	
489	4.822800e-02	-1.39497e+01	-1.39497e+01	-1.37636e+01	
490	4.832800e-02	-1.39497e+01	-1.39497e+01	-1.37645e+01	
491	4.842800e-02	-1.39497e+01	-1.39497e+01	-1.37653e+01	
492	4.852800e-02	-1.39496e+01	-1.39497e+01	-1.37662e+01	
493	4.862800e-02	-1.39496e+01	-1.39497e+01	-1.37671e+01	
494	4.872800e-02	-1.39496e+01	-1.39497e+01	-1.37680e+01	
495	4.882800e-02	-1.39496e+01	-1.39496e+01	-1.37689e+01	
496	4.892800e-02	-1.39496e+01	-1.39496e+01	-1.37699e+01	
497	4.902800e-02	-1.39496e+01	-1.39496e+01	-1.37708e+01	
498	4.912800e-02	-1.39496e+01	-1.39496e+01	-1.37717e+01	
499	4.922800e-02	-1.39496e+01	-1.39496e+01	-1.37727e+01	
500	4.932800e-02	-1.39496e+01	-1.39496e+01	-1.37737e+01	
501	4.942800e-02	-1.39496e+01	-1.39496e+01	-1.37746e+01	
502	4.952800e-02	-1.39496e+01	-1.39496e+01	-1.37756e+01	
503	4.962800e-02	-1.39496e+01	-1.39496e+01	-1.37766e+01	
504	4.972800e-02	-1.39496e+01	-1.39496e+01	-1.37775e+01	
505	4.982800e-02	-1.39496e+01	-1.39496e+01	-1.37785e+01	
506	4.992800e-02	-1.39495e+01	-1.39496e+01	-1.37795e+01	
507	5.002800e-02	-1.39495e+01	-1.39495e+01	-1.37806e+01	
508	5.012800e-02	-1.39496e+01	-1.39496e+01	-1.37813e+01	
509	5.022800e-02	-1.39495e+01	-1.39495e+01	-1.37819e+01	
510	5.032800e-02	-1.39496e+01	-1.39496e+01	-1.37826e+01	
511	5.042800e-02	-1.39495e+01	-1.39495e+01	-1.37832e+01	
512	5.052800e-02	-1.39496e+01	-1.39496e+01	-1.37839e+01	
513	5.062800e-02	-1.39495e+01	-1.39495e+01	-1.37845e+01	
514	5.072800e-02	-1.39496e+01	-1.39496e+01	-1.37851e+01	
515	5.082800e-02	-1.39495e+01	-1.39495e+01	-1.37858e+01	
516	5.092800e-02	-1.39496e+01	-1.39496e+01	-1.37864e+01	
517	5.102800e-02	-1.39495e+01	-1.39495e+01	-1.37870e+01	
518	5.112800e-02	-1.39496e+01	-1.39496e+01	-1.37876e+01	

Index   time            q.x1.q6#collCX  q.x1.q7#collCX  q.x1.q8#collCX  
--------------------------------------------------------------------------------
519	5.122800e-02	-1.39495e+01	-1.39495e+01	-1.37882e+01	
520	5.132800e-02	-1.39496e+01	-1.39496e+01	-1.37888e+01	
521	5.142800e-02	-1.39495e+01	-1.39495e+01	-1.37893e+01	
522	5.152800e-02	-1.39495e+01	-1.39496e+01	-1.37899e+01	
523	5.162800e-02	-1.39495e+01	-1.39495e+01	-1.37905e+01	
524	5.172800e-02	-1.39495e+01	-1.39496e+01	-1.37910e+01	
525	5.182800e-02	-1.39495e+01	-1.39495e+01	-1.37916e+01	
526	5.192800e-02	-1.39495e+01	-1.39496e+01	-1.37921e+01	
527	5.202800e-02	-1.39495e+01	-1.39495e+01	-1.37926e+01	
528	5.212800e-02	-1.39495e+01	-1.39496e+01	-1.37931e+01	
529	5.222800e-02	-1.39495e+01	-1.39495e+01	-1.37936e+01	
530	5.232800e-02	-1.39496e+01	-1.39496e+01	-1.37941e+01	
531	5.242800e-02	-1.39495e+01	-1.39495e+01	-1.37946e+01	
532	5.252800e-02	-1.39496e+01	-1.39496e+01	-1.37950e+01	
533	5.262800e-02	-1.39495e+01	-1.39495e+01	-1.37955e+01	
534	5.272800e-02	-1.39496e+01	-1.39496e+01	-1.37959e+01	
535	5.282800e-02	-1.39495e+01	-1.39496e+01	-1.37963e+01	
536	5.292800e-02	-1.39496e+01	-1.39496e+01	-1.37967e+01	
537	5.302800e-02	-1.39495e+01	-1.39496e+01	-1.37971e+01	
538	5.312800e-02	-1.39496e+01	-1.39496e+01	-1.37975e+01	
539	5.322800e-02	-1.39496e+01	-1.39496e+01	-1.37978e+01	
540	5.332800e-02	-1.39496e+01	-1.39496e+01	-1.37982e+01	
541	5.342800e-02	-1.39496e+01	-1.39496e+01	-1.37985e+01	
542	5.352800e-02	-1.39496e+01	-1.39496e+01	-1.37988e+01	
543	5.362800e-02	-1.39496e+01	-1.39496e+01	-1.37991e+01	
544	5.372800e-02	-1.39496e+01	-1.39496e+01	-1.37993e+01	
545	5.382800e-02	-1.39496e+01	-1.39496e+01	-1.37996e+01	
546	5.392800e-02	-1.39496e+01	-1.39496e+01	-1.37998e+01	
547	5.402800e-02	-1.39496e+01	-1.39496e+01	-1.38000e+01	
548	5.412800e-02	-1.39496e+01	-1.39496e+01	-1.38002e+01	
549	5.422800e-02	-1.39496e+01	-1.39496e+01	-1.38004e+01	
550	5.432800e-02	-1.39496e+01	-1.39496e+01	-1.38005e+01	
551	5.442800e-02	-1.39496e+01	-1.39496e+01	-1.38006e+01	
552	5.452800e-02	-1.39496e+01	-1.39497e+01	-1.38007e+01	
553	5.462800e-02	-1.39496e+01	-1.39496e+01	-1.38008e+01	
554	5.472800e-02	-1.39496e+01	-1.39497e+01	-1.38009e+01	
555	5.482800e-02	-1.39496e+01	-1.39497e+01	-1.38009e+01	
556	5.492800e-02	-1.39497e+01	-1.39497e+01	-1.38010e+01	
557	5.502800e-02	-1.39497e+01	-1.39497e+01	-1.38010e+01	
558	5.512800e-02	-1.39497e+01	-1.39497e+01	-1.38009e+01	
559	5.522800e-02	-1.39497e+01	-1.39497e+01	-1.38009e+01	
560	5.532800e-02	-1.39497e+01	-1.39497e+01	-1.38008e+01	
561	5.542800e-02	-1.39497e+01	-1.39497e+01	-1.38008e+01	
562	5.552800e-02	-1.39497e+01	-1.39497e+01	-1.38007e+01	
563	5.562800e-02	-1.39497e+01	-1.39497e+01	-1.38006e+01	
564	5.572800e-02	-1.39497e+01	-1.39497e+01	-1.38004e+01	
565	5.582800e-02	-1.39497e+01	-1.39497e+01	-1.38003e+01	
566	5.592800e-02	-1.39497e+01	-1.39497e+01	-1.38001e+01	
567	5.602800e-02	-1.39497e+01	-1.39497e+01	-1.37999e+01	
568	5.612800e-02	-1.39497e+01	-1.39498e+01	-1.37997e+01	
569	5.622800e-02	-1.39497e+01	-1.39498e+01	-1.37994e+01	
570	5.632800e-02	-1.39498e+01	-1.39498e+01	-1.37992e+01	
571	5.642800e-02	-1.39498e+01	-1.39498e+01	-1.37989e+01	
572	5.652800e-02	-1.39498e+01	-1.39498e+01	-1.37986e+01	
573	5.662800e-02	-1.39498e+01	-1.39498e+01	-1.37983e+01	
574	5.672800e-02	-1.39498e+01	-1.39498e+01	-1.37980e+01	
575	5.682800e-02	-1.39498e+01	-1.39498e+01	-1.37976e+01	
576	5.692800e-02	-1.39498e+01	-1.39498e+01	-1.37973e+01	

Index   time            q.x1.q6#collCX  q.x1.q7#collCX  q.x1.q8#collCX  
--------------------------------------------------------------------------------
577	5.702800e-02	-1.39498e+01	-1.39498e+01	-1.37969e+01	
578	5.712800e-02	-1.39498e+01	-1.39498e+01	-1.37965e+01	
579	5.722800e-02	-1.39498e+01	-1.39498e+01	-1.37961e+01	
580	5.732800e-02	-1.39498e+01	-1.39498e+01	-1.37957e+01	
581	5.742800e-02	-1.39498e+01	-1.39499e+01	-1.37952e+01	
582	5.752800e-02	-1.39498e+01	-1.39499e+01	-1.37948e+01	
583	5.762800e-02	-1.39498e+01	-1.39499e+01	-1.37943e+01	
584	5.772800e-02	-1.39499e+01	-1.39499e+01	-1.37938e+01	
585	5.782800e-02	-1.39499e+01	-1.39499e+01	-1.37933e+01	
586	5.792800e-02	-1.39499e+01	-1.39499e+01	-1.37928e+01	
587	5.802800e-02	-1.39499e+01	-1.39499e+01	-1.37923e+01	
588	5.812800e-02	-1.39499e+01	-1.39499e+01	-1.37918e+01	
589	5.822800e-02	-1.39499e+01	-1.39499e+01	-1.37913e+01	
590	5.832800e-02	-1.39499e+01	-1.39499e+01	-1.37907e+01	
591	5.842800e-02	-1.39499e+01	-1.39499e+01	-1.37902e+01	
592	5.852800e-02	-1.39499e+01	-1.39499e+01	-1.37896e+01	
593	5.862800e-02	-1.39499e+01	-1.39499e+01	-1.37890e+01	
594	5.872800e-02	-1.39499e+01	-1.39499e+01	-1.37884e+01	
595	5.882800e-02	-1.39499e+01	-1.39499e+01	-1.37878e+01	
596	5.892800e-02	-1.39499e+01	-1.39499e+01	-1.37872e+01	
597	5.902800e-02	-1.39499e+01	-1.39500e+01	-1.37866e+01	
598	5.912800e-02	-1.39499e+01	-1.39500e+01	-1.37860e+01	
599	5.922800e-02	-1.39499e+01	-1.39500e+01	-1.37854e+01	
600	5.932800e-02	-1.39500e+01	-1.39500e+01	-1.37848e+01	
601	5.942800e-02	-1.39500e+01	-1.39500e+01	-1.37841e+01	
602	5.952800e-02	-1.39500e+01	-1.39500e+01	-1.37835e+01	
603	5.962800e-02	-1.39500e+01	-1.39500e+01	-1.37829e+01	
604	5.972800e-02	-1.39500e+01	-1.39500e+01	-1.37822e+01	
605	5.982800e-02	-1.39500e+01	-1.39500e+01	-1.37816e+01	
606	5.992800e-02	-1.39500e+01	-1.39500e+01	-1.37809e+01	
607	6.002800e-02	-1.39501e+01	-1.39501e+01	-1.37800e+01	
608	6.012800e-02	-1.39500e+01	-1.39500e+01	-1.37790e+01	
609	6.022800e-02	-1.39500e+01	-1.39501e+01	-1.37780e+01	
610	6.032800e-02	-1.39500e+01	-1.39500e+01	-1.37770e+01	
611	6.042800e-02	-1.39500e+01	-1.39501e+01	-1.37760e+01	
612	6.052800e-02	-1.39500e+01	-1.39500e+01	-1.37750e+01	
613	6.062800e-02	-1.39500e+01	-1.39501e+01	-1.37741e+01	
614	6.072800e-02	-1.39500e+01	-1.39500e+01	-1.37731e+01	
615	6.082800e-02	-1.39500e+01	-1.39501e+01	-1.37722e+01	
616	6.092800e-02	-1.39500e+01	-1.39500e+01	-1.37712e+01	
617	6.102800e-02	-1.39501e+01	-1.39501e+01	-1.37703e+01	
618	6.112800e-02	-1.39500e+01	-1.39500e+01	-1.37693e+01	
619	6.122800e-02	-1.39501e+01	-1.39501e+01	-1.37684e+01	
620	6.132800e-02	-1.39500e+01	-1.39500e+01	-1.37675e+01	
621	6.142800e-02	-1.39501e+01	-1.39501e+01	-1.37666e+01	
622	6.152800e-02	-1.39500e+01	-1.39500e+01	-1.37657e+01	
623	6.162800e-02	-1.39501e+01	-1.39501e+01	-1.37648e+01	
624	6.172800e-02	-1.39500e+01	-1.39500e+01	-1.37640e+01	
625	6.182800e-02	-1.39501e+01	-1.39501e+01	-1.37631e+01	
626	6.192800e-02	-1.39500e+01	-1.39500e+01	-1.37623e+01	
627	6.202800e-02	-1.39501e+01	-1.39501e+01	-1.37615e+01	
628	6.212800e-02	-1.39500e+01	-1.39500e+01	-1.37607e+01	
629	6.222800e-02	-1.39501e+01	-1.39501e+01	-1.37599e+01	
630	6.232800e-02	-1.39500e+01	-1.39500e+01	-1.37591e+01	
631	6.242800e-02	-1.39501e+01	-1.39501e+01	-1.37584e+01	
632	6.252800e-02	-1.39500e+01	-1.39500e+01	-1.37576e+01	
633	6.262800e-02	-1.39501e+01	-1.39501e+01	-1.37569e+01	
634	6.272800e-02	-1.39500e+01	-1.39500e+01	-1.37562e+01	

Index   time            q.x1.q6#collCX  q.x1.q7#collCX  q.x1.q8#collCX  
--------------------------------------------------------------------------------
635	6.282800e-02	-1.39501e+01	-1.39501e+01	-1.37556e+01	
636	6.292800e-02	-1.39500e+01	-1.39500e+01	-1.37549e+01	
637	6.302800e-02	-1.39500e+01	-1.39501e+01	-1.37543e+01	
638	6.312800e-02	-1.39500e+01	-1.39500e+01	-1.37537e+01	
639	6.322800e-02	-1.39500e+01	-1.39501e+01	-1.37532e+01	
640	6.332800e-02	-1.39500e+01	-1.39500e+01	-1.37526e+01	
641	6.342800e-02	-1.39500e+01	-1.39501e+01	-1.37521e+01	
642	6.352800e-02	-1.39500e+01	-1.39500e+01	-1.37517e+01	
643	6.362800e-02	-1.39500e+01	-1.39500e+01	-1.37512e+01	
644	6.372800e-02	-1.39500e+01	-1.39500e+01	-1.37508e+01	
645	6.382800e-02	-1.39500e+01	-1.39500e+01	-1.37504e+01	
646	6.392800e-02	-1.39500e+01	-1.39500e+01	-1.37500e+01	
647	6.402800e-02	-1.39500e+01	-1.39500e+01	-1.37497e+01	
648	6.412800e-02	-1.39500e+01	-1.39500e+01	-1.37494e+01	
649	6.422800e-02	-1.39500e+01	-1.39500e+01	-1.37491e+01	
650	6.432800e-02	-1.39500e+01	-1.39500e+01	-1.37489e+01	
651	6.442800e-02	-1.39500e+01	-1.39500e+01	-1.37487e+01	
652	6.452800e-02	-1.39500e+01	-1.39500e+01	-1.37485e+01	
653	6.462800e-02	-1.39500e+01	-1.39500e+01	-1.37484e+01	
654	6.472800e-02	-1.39500e+01	-1.39500e+01	-1.37483e+01	
655	6.482800e-02	-1.39500e+01	-1.39500e+01	-1.37482e+01	
656	6.492800e-02	-1.39500e+01	-1.39500e+01	-1.37482e+01	
657	6.502800e-02	-1.39500e+01	-1.39500e+01	-1.37482e+01	
658	6.512800e-02	-1.39499e+01	-1.39500e+01	-1.37482e+01	
659	6.522800e-02	-1.39499e+01	-1.39500e+01	-1.37482e+01	
660	6.532800e-02	-1.39499e+01	-1.39499e+01	-1.37483e+01	
661	6.542800e-02	-1.39499e+01	-1.39499e+01	-1.37485e+01	
662	6.552800e-02	-1.39499e+01	-1.39499e+01	-1.37486e+01	
663	6.562800e-02	-1.39499e+01	-1.39499e+01	-1.37488e+01	
664	6.572800e-02	-1.39499e+01	-1.39499e+01	-1.37490e+01	
665	6.582800e-02	-1.39499e+01	-1.39499e+01	-1.37493e+01	
666	6.592800e-02	-1.39499e+01	-1.39499e+01	-1.37496e+01	
667	6.602800e-02	-1.39499e+01	-1.39499e+01	-1.37499e+01	
668	6.612800e-02	-1.39499e+01	-1.39499e+01	-1.37502e+01	
669	6.622800e-02	-1.39499e+01	-1.39499e+01	-1.37506e+01	
670	6.632800e-02	-1.39498e+01	-1.39499e+01	-1.37510e+01	
671	6.642800e-02	-1.39498e+01	-1.39499e+01	-1.37515e+01	
672	6.652800e-02	-1.39498e+01	-1.39498e+01	-1.37519e+01	
673	6.662800e-02	-1.39498e+01	-1.39498e+01	-1.37524e+01	
674	6.672800e-02	-1.39498e+01	-1.39498e+01	-1.37529e+01	
675	6.682800e-02	-1.39498e+01	-1.39498e+01	-1.37535e+01	
676	6.692800e-02	-1.39498e+01	-1.39498e+01	-1.37541e+01	
677	6.702800e-02	-1.39498e+01	-1.39498e+01	-1.37547e+01	
678	6.712800e-02	-1.39498e+01	-1.39498e+01	-1.37553e+01	
679	6.722800e-02	-1.39498e+01	-1.39498e+01	-1.37559e+01	
680	6.732800e-02	-1.39498e+01	-1.39498e+01	-1.37566e+01	
681	6.742800e-02	-1.39497e+01	-1.39498e+01	-1.37573e+01	
682	6.752800e-02	-1.39497e+01	-1.39498e+01	-1.37580e+01	
683	6.762800e-02	-1.39497e+01	-1.39497e+01	-1.37588e+01	
684	6.772800e-02	-1.39497e+01	-1.39497e+01	-1.37595e+01	
685	6.782800e-02	-1.39497e+01	-1.39497e+01	-1.37603e+01	
686	6.792800e-02	-1.39497e+01	-1.39497e+01	-1.37611e+01	
687	6.802800e-02	-1.39497e+01	-1.39497e+01	-1.37619e+01	
688	6.812800e-02	-1.39497e+01	-1.39497e+01	-1.37627e+01	
689	6.822800e-02	-1.39497e+01	-1.39497e+01	-1.37636e+01	
690	6.832800e-02	-1.39497e+01	-1.39497e+01	-1.37645e+01	
691	6.842800e-02	-1.39497e+01	-1.39497e+01	-1.37653e+01	
692	6.852800e-02	-1.39496e+01	-1.39497e+01	-1.37662e+01	

Index   time            q.x1.q6#collCX  q.x1.q7#collCX  q.x1.q8#collCX  
--------------------------------------------------------------------------------
693	6.862800e-02	-1.39496e+01	-1.39497e+01	-1.37671e+01	
694	6.872800e-02	-1.39496e+01	-1.39497e+01	-1.37680e+01	
695	6.882800e-02	-1.39496e+01	-1.39496e+01	-1.37689e+01	
696	6.892800e-02	-1.39496e+01	-1.39496e+01	-1.37699e+01	
697	6.902800e-02	-1.39496e+01	-1.39496e+01	-1.37708e+01	
698	6.912800e-02	-1.39496e+01	-1.39496e+01	-1.37717e+01	
699	6.922800e-02	-1.39496e+01	-1.39496e+01	-1.37727e+01	
700	6.932800e-02	-1.39496e+01	-1.39496e+01	-1.37737e+01	
701	6.942800e-02	-1.39496e+01	-1.39496e+01	-1.37746e+01	
702	6.952800e-02	-1.39496e+01	-1.39496e+01	-1.37756e+01	
703	6.962800e-02	-1.39496e+01	-1.39496e+01	-1.37766e+01	
704	6.972800e-02	-1.39496e+01	-1.39496e+01	-1.37775e+01	
705	6.982800e-02	-1.39496e+01	-1.39496e+01	-1.37785e+01	
706	6.992800e-02	-1.39495e+01	-1.39496e+01	-1.37795e+01	
707	7.002800e-02	-1.39495e+01	-1.39495e+01	-1.37806e+01	
708	7.012800e-02	-1.39496e+01	-1.39496e+01	-1.37813e+01	
709	7.022800e-02	-1.39495e+01	-1.39495e+01	-1.37819e+01	
710	7.032800e-02	-1.39496e+01	-1.39496e+01	-1.37826e+01	
711	7.042800e-02	-1.39495e+01	-1.39495e+01	-1.37832e+01	
712	7.052800e-02	-1.39496e+01	-1.39496e+01	-1.37839e+01	
713	7.062800e-02	-1.39495e+01	-1.39495e+01	-1.37845e+01	
714	7.072800e-02	-1.39496e+01	-1.39496e+01	-1.37851e+01	
715	7.082800e-02	-1.39495e+01	-1.39495e+01	-1.37858e+01	
716	7.092800e-02	-1.39496e+01	-1.39496e+01	-1.37864e+01	
717	7.102800e-02	-1.39495e+01	-1.39495e+01	-1.37870e+01	
718	7.112800e-02	-1.39496e+01	-1.39496e+01	-1.37876e+01	
719	7.122800e-02	-1.39495e+01	-1.39495e+01	-1.37882e+01	
720	7.132800e-02	-1.39496e+01	-1.39496e+01	-1.37888e+01	
721	7.142800e-02	-1.39495e+01	-1.39495e+01	-1.37893e+01	
722	7.152800e-02	-1.39495e+01	-1.39496e+01	-1.37899e+01	
723	7.162800e-02	-1.39495e+01	-1.39495e+01	-1.37905e+01	
724	7.172800e-02	-1.39495e+01	-1.39496e+01	-1.37910e+01	
725	7.182800e-02	-1.39495e+01	-1.39495e+01	-1.37916e+01	
726	7.192800e-02	-1.39495e+01	-1.39496e+01	-1.37921e+01	
727	7.202800e-02	-1.39495e+01	-1.39495e+01	-1.37926e+01	
728	7.212800e-02	-1.39495e+01	-1.39496e+01	-1.37931e+01	
729	7.222800e-02	-1.39495e+01	-1.39495e+01	-1.37936e+01	
730	7.232800e-02	-1.39496e+01	-1.39496e+01	-1.37941e+01	
731	7.242800e-02	-1.39495e+01	-1.39495e+01	-1.37946e+01	
732	7.252800e-02	-1.39496e+01	-1.39496e+01	-1.37950e+01	
733	7.262800e-02	-1.39495e+01	-1.39495e+01	-1.37955e+01	
734	7.272800e-02	-1.39496e+01	-1.39496e+01	-1.37959e+01	
735	7.282800e-02	-1.39495e+01	-1.39496e+01	-1.37963e+01	
736	7.292800e-02	-1.39496e+01	-1.39496e+01	-1.37967e+01	
737	7.302800e-02	-1.39495e+01	-1.39496e+01	-1.37971e+01	
738	7.312800e-02	-1.39496e+01	-1.39496e+01	-1.37975e+01	
739	7.322800e-02	-1.39496e+01	-1.39496e+01	-1.37978e+01	
740	7.332800e-02	-1.39496e+01	-1.39496e+01	-1.37982e+01	
741	7.342800e-02	-1.39496e+01	-1.39496e+01	-1.37985e+01	
742	7.352800e-02	-1.39496e+01	-1.39496e+01	-1.37988e+01	
743	7.362800e-02	-1.39496e+01	-1.39496e+01	-1.37991e+01	
744	7.372800e-02	-1.39496e+01	-1.39496e+01	-1.37993e+01	
745	7.382800e-02	-1.39496e+01	-1.39496e+01	-1.37996e+01	
746	7.392800e-02	-1.39496e+01	-1.39496e+01	-1.37998e+01	
747	7.402800e-02	-1.39496e+01	-1.39496e+01	-1.38000e+01	
748	7.412800e-02	-1.39496e+01	-1.39496e+01	-1.38002e+01	
749	7.422800e-02	-1.39496e+01	-1.39496e+01	-1.38004e+01	
750	7.432800e-02	-1.39496e+01	-1.39496e+01	-1.38005e+01	

Index   time            q.x1.q6#collCX  q.x1.q7#collCX  q.x1.q8#collCX  
--------------------------------------------------------------------------------
751	7.442800e-02	-1.39496e+01	-1.39496e+01	-1.38006e+01	
752	7.452800e-02	-1.39496e+01	-1.39497e+01	-1.38007e+01	
753	7.462800e-02	-1.39496e+01	-1.39496e+01	-1.38008e+01	
754	7.472800e-02	-1.39496e+01	-1.39497e+01	-1.38009e+01	
755	7.482800e-02	-1.39496e+01	-1.39497e+01	-1.38009e+01	
756	7.492800e-02	-1.39497e+01	-1.39497e+01	-1.38010e+01	
757	7.502800e-02	-1.39497e+01	-1.39497e+01	-1.38010e+01	
758	7.512800e-02	-1.39497e+01	-1.39497e+01	-1.38009e+01	
759	7.522800e-02	-1.39497e+01	-1.39497e+01	-1.38009e+01	
760	7.532800e-02	-1.39497e+01	-1.39497e+01	-1.38008e+01	
761	7.542800e-02	-1.39497e+01	-1.39497e+01	-1.38008e+01	
762	7.552800e-02	-1.39497e+01	-1.39497e+01	-1.38007e+01	
763	7.562800e-02	-1.39497e+01	-1.39497e+01	-1.38006e+01	
764	7.572800e-02	-1.39497e+01	-1.39497e+01	-1.38004e+01	
765	7.582800e-02	-1.39497e+01	-1.39497e+01	-1.38003e+01	
766	7.592800e-02	-1.39497e+01	-1.39497e+01	-1.38001e+01	
767	7.602800e-02	-1.39497e+01	-1.39497e+01	-1.37999e+01	
768	7.612800e-02	-1.39497e+01	-1.39498e+01	-1.37997e+01	
769	7.622800e-02	-1.39497e+01	-1.39498e+01	-1.37994e+01	
770	7.632800e-02	-1.39498e+01	-1.39498e+01	-1.37992e+01	
771	7.642800e-02	-1.39498e+01	-1.39498e+01	-1.37989e+01	
772	7.652800e-02	-1.39498e+01	-1.39498e+01	-1.37986e+01	
773	7.662800e-02	-1.39498e+01	-1.39498e+01	-1.37983e+01	
774	7.672800e-02	-1.39498e+01	-1.39498e+01	-1.37980e+01	
775	7.682800e-02	-1.39498e+01	-1.39498e+01	-1.37976e+01	
776	7.692800e-02	-1.39498e+01	-1.39498e+01	-1.37973e+01	
777	7.702800e-02	-1.39498e+01	-1.39498e+01	-1.37969e+01	
778	7.712800e-02	-1.39498e+01	-1.39498e+01	-1.37965e+01	
779	7.722800e-02	-1.39498e+01	-1.39498e+01	-1.37961e+01	
780	7.732800e-02	-1.39498e+01	-1.39498e+01	-1.37957e+01	
781	7.742800e-02	-1.39498e+01	-1.39499e+01	-1.37952e+01	
782	7.752800e-02	-1.39498e+01	-1.39499e+01	-1.37948e+01	
783	7.762800e-02	-1.39498e+01	-1.39499e+01	-1.37943e+01	
784	7.772800e-02	-1.39499e+01	-1.39499e+01	-1.37938e+01	
785	7.782800e-02	-1.39499e+01	-1.39499e+01	-1.37933e+01	
786	7.792800e-02	-1.39499e+01	-1.39499e+01	-1.37928e+01	
787	7.802800e-02	-1.39499e+01	-1.39499e+01	-1.37923e+01	
788	7.812800e-02	-1.39499e+01	-1.39499e+01	-1.37918e+01	
789	7.822800e-02	-1.39499e+01	-1.39499e+01	-1.37913e+01	
790	7.832800e-02	-1.39499e+01	-1.39499e+01	-1.37907e+01	
791	7.842800e-02	-1.39499e+01	-1.39499e+01	-1.37902e+01	
792	7.852800e-02	-1.39499e+01	-1.39499e+01	-1.37896e+01	
793	7.862800e-02	-1.39499e+01	-1.39499e+01	-1.37890e+01	
794	7.872800e-02	-1.39499e+01	-1.39499e+01	-1.37884e+01	
795	7.882800e-02	-1.39499e+01	-1.39499e+01	-1.37878e+01	
796	7.892800e-02	-1.39499e+01	-1.39499e+01	-1.37872e+01	
797	7.902800e-02	-1.39499e+01	-1.39500e+01	-1.37866e+01	
798	7.912800e-02	-1.39499e+01	-1.39500e+01	-1.37860e+01	
799	7.922800e-02	-1.39499e+01	-1.39500e+01	-1.37854e+01	
800	7.932800e-02	-1.39500e+01	-1.39500e+01	-1.37848e+01	
801	7.942800e-02	-1.39500e+01	-1.39500e+01	-1.37841e+01	
802	7.952800e-02	-1.39500e+01	-1.39500e+01	-1.37835e+01	
803	7.962800e-02	-1.39500e+01	-1.39500e+01	-1.37829e+01	
804	7.972800e-02	-1.39500e+01	-1.39500e+01	-1.37822e+01	
805	7.982800e-02	-1.39500e+01	-1.39500e+01	-1.37816e+01	
806	7.992800e-02	-1.39500e+01	-1.39500e+01	-1.37809e+01	
807	8.002800e-02	-1.39501e+01	-1.39501e+01	-1.37800e+01	
808	8.012800e-02	-1.39500e+01	-1.39500e+01	-1.37790e+01	

Index   time            q.x1.q6#collCX  q.x1.q7#collCX  q.x1.q8#collCX  
--------------------------------------------------------------------------------
809	8.022800e-02	-1.39500e+01	-1.39501e+01	-1.37780e+01	
810	8.032800e-02	-1.39500e+01	-1.39500e+01	-1.37770e+01	
811	8.042800e-02	-1.39500e+01	-1.39501e+01	-1.37760e+01	
812	8.052800e-02	-1.39500e+01	-1.39500e+01	-1.37750e+01	
813	8.062800e-02	-1.39500e+01	-1.39501e+01	-1.37741e+01	
814	8.072800e-02	-1.39500e+01	-1.39500e+01	-1.37731e+01	
815	8.082800e-02	-1.39500e+01	-1.39501e+01	-1.37722e+01	
816	8.092800e-02	-1.39500e+01	-1.39500e+01	-1.37712e+01	
817	8.102800e-02	-1.39501e+01	-1.39501e+01	-1.37703e+01	
818	8.112800e-02	-1.39500e+01	-1.39500e+01	-1.37693e+01	
819	8.122800e-02	-1.39501e+01	-1.39501e+01	-1.37684e+01	
820	8.132800e-02	-1.39500e+01	-1.39500e+01	-1.37675e+01	
821	8.142800e-02	-1.39501e+01	-1.39501e+01	-1.37666e+01	
822	8.152800e-02	-1.39500e+01	-1.39500e+01	-1.37657e+01	
823	8.162800e-02	-1.39501e+01	-1.39501e+01	-1.37648e+01	
824	8.172800e-02	-1.39500e+01	-1.39500e+01	-1.37640e+01	
825	8.182800e-02	-1.39501e+01	-1.39501e+01	-1.37631e+01	
826	8.192800e-02	-1.39500e+01	-1.39500e+01	-1.37623e+01	
827	8.202800e-02	-1.39501e+01	-1.39501e+01	-1.37615e+01	
828	8.212800e-02	-1.39500e+01	-1.39500e+01	-1.37607e+01	
829	8.222800e-02	-1.39501e+01	-1.39501e+01	-1.37599e+01	
830	8.232800e-02	-1.39500e+01	-1.39500e+01	-1.37591e+01	
831	8.242800e-02	-1.39501e+01	-1.39501e+01	-1.37584e+01	
832	8.252800e-02	-1.39500e+01	-1.39500e+01	-1.37576e+01	
833	8.262800e-02	-1.39501e+01	-1.39501e+01	-1.37569e+01	
834	8.272800e-02	-1.39500e+01	-1.39500e+01	-1.37562e+01	
835	8.282800e-02	-1.39501e+01	-1.39501e+01	-1.37556e+01	
836	8.292800e-02	-1.39500e+01	-1.39500e+01	-1.37549e+01	
837	8.302800e-02	-1.39500e+01	-1.39501e+01	-1.37543e+01	
838	8.312800e-02	-1.39500e+01	-1.39500e+01	-1.37537e+01	
839	8.322800e-02	-1.39500e+01	-1.39501e+01	-1.37532e+01	
840	8.332800e-02	-1.39500e+01	-1.39500e+01	-1.37526e+01	
841	8.342800e-02	-1.39500e+01	-1.39501e+01	-1.37521e+01	
842	8.352800e-02	-1.39500e+01	-1.39500e+01	-1.37517e+01	
843	8.362800e-02	-1.39500e+01	-1.39500e+01	-1.37512e+01	
844	8.372800e-02	-1.39500e+01	-1.39500e+01	-1.37508e+01	
845	8.382800e-02	-1.39500e+01	-1.39500e+01	-1.37504e+01	
846	8.392800e-02	-1.39500e+01	-1.39500e+01	-1.37500e+01	
847	8.402800e-02	-1.39500e+01	-1.39500e+01	-1.37497e+01	
848	8.412800e-02	-1.39500e+01	-1.39500e+01	-1.37494e+01	
849	8.422800e-02	-1.39500e+01	-1.39500e+01	-1.37491e+01	
850	8.432800e-02	-1.39500e+01	-1.39500e+01	-1.37489e+01	
851	8.442800e-02	-1.39500e+01	-1.39500e+01	-1.37487e+01	
852	8.452800e-02	-1.39500e+01	-1.39500e+01	-1.37485e+01	
853	8.462800e-02	-1.39500e+01	-1.39500e+01	-1.37484e+01	
854	8.472800e-02	-1.39500e+01	-1.39500e+01	-1.37483e+01	
855	8.482800e-02	-1.39500e+01	-1.39500e+01	-1.37482e+01	
856	8.492800e-02	-1.39500e+01	-1.39500e+01	-1.37482e+01	
857	8.502800e-02	-1.39500e+01	-1.39500e+01	-1.37482e+01	
858	8.512800e-02	-1.39499e+01	-1.39500e+01	-1.37482e+01	
859	8.522800e-02	-1.39499e+01	-1.39500e+01	-1.37482e+01	
860	8.532800e-02	-1.39499e+01	-1.39499e+01	-1.37483e+01	
861	8.542800e-02	-1.39499e+01	-1.39499e+01	-1.37485e+01	
862	8.552800e-02	-1.39499e+01	-1.39499e+01	-1.37486e+01	
863	8.562800e-02	-1.39499e+01	-1.39499e+01	-1.37488e+01	
864	8.572800e-02	-1.39499e+01	-1.39499e+01	-1.37490e+01	
865	8.582800e-02	-1.39499e+01	-1.39499e+01	-1.37493e+01	
866	8.592800e-02	-1.39499e+01	-1.39499e+01	-1.37496e+01	

Index   time            q.x1.q6#collCX  q.x1.q7#collCX  q.x1.q8#collCX  
--------------------------------------------------------------------------------
867	8.602800e-02	-1.39499e+01	-1.39499e+01	-1.37499e+01	
868	8.612800e-02	-1.39499e+01	-1.39499e+01	-1.37502e+01	
869	8.622800e-02	-1.39499e+01	-1.39499e+01	-1.37506e+01	
870	8.632800e-02	-1.39498e+01	-1.39499e+01	-1.37510e+01	
871	8.642800e-02	-1.39498e+01	-1.39499e+01	-1.37515e+01	
872	8.652800e-02	-1.39498e+01	-1.39498e+01	-1.37519e+01	
873	8.662800e-02	-1.39498e+01	-1.39498e+01	-1.37524e+01	
874	8.672800e-02	-1.39498e+01	-1.39498e+01	-1.37529e+01	
875	8.682800e-02	-1.39498e+01	-1.39498e+01	-1.37535e+01	
876	8.692800e-02	-1.39498e+01	-1.39498e+01	-1.37541e+01	
877	8.702800e-02	-1.39498e+01	-1.39498e+01	-1.37547e+01	
878	8.712800e-02	-1.39498e+01	-1.39498e+01	-1.37553e+01	
879	8.722800e-02	-1.39498e+01	-1.39498e+01	-1.37559e+01	
880	8.732800e-02	-1.39498e+01	-1.39498e+01	-1.37566e+01	
881	8.742800e-02	-1.39497e+01	-1.39498e+01	-1.37573e+01	
882	8.752800e-02	-1.39497e+01	-1.39498e+01	-1.37580e+01	
883	8.762800e-02	-1.39497e+01	-1.39497e+01	-1.37588e+01	
884	8.772800e-02	-1.39497e+01	-1.39497e+01	-1.37595e+01	
885	8.782800e-02	-1.39497e+01	-1.39497e+01	-1.37603e+01	
886	8.792800e-02	-1.39497e+01	-1.39497e+01	-1.37611e+01	
887	8.802800e-02	-1.39497e+01	-1.39497e+01	-1.37619e+01	
888	8.812800e-02	-1.39497e+01	-1.39497e+01	-1.37627e+01	
889	8.822800e-02	-1.39497e+01	-1.39497e+01	-1.37636e+01	
890	8.832800e-02	-1.39497e+01	-1.39497e+01	-1.37645e+01	
891	8.842800e-02	-1.39497e+01	-1.39497e+01	-1.37653e+01	
892	8.852800e-02	-1.39496e+01	-1.39497e+01	-1.37662e+01	
893	8.862800e-02	-1.39496e+01	-1.39497e+01	-1.37671e+01	
894	8.872800e-02	-1.39496e+01	-1.39497e+01	-1.37680e+01	
895	8.882800e-02	-1.39496e+01	-1.39496e+01	-1.37689e+01	
896	8.892800e-02	-1.39496e+01	-1.39496e+01	-1.37699e+01	
897	8.902800e-02	-1.39496e+01	-1.39496e+01	-1.37708e+01	
898	8.912800e-02	-1.39496e+01	-1.39496e+01	-1.37717e+01	
899	8.922800e-02	-1.39496e+01	-1.39496e+01	-1.37727e+01	
900	8.932800e-02	-1.39496e+01	-1.39496e+01	-1.37737e+01	
901	8.942800e-02	-1.39496e+01	-1.39496e+01	-1.37746e+01	
902	8.952800e-02	-1.39496e+01	-1.39496e+01	-1.37756e+01	
903	8.962800e-02	-1.39496e+01	-1.39496e+01	-1.37766e+01	
904	8.972800e-02	-1.39496e+01	-1.39496e+01	-1.37775e+01	
905	8.982800e-02	-1.39496e+01	-1.39496e+01	-1.37785e+01	
906	8.992800e-02	-1.39495e+01	-1.39496e+01	-1.37795e+01	
907	9.002800e-02	-1.39495e+01	-1.39495e+01	-1.37806e+01	
908	9.012800e-02	-1.39496e+01	-1.39496e+01	-1.37813e+01	
909	9.022800e-02	-1.39495e+01	-1.39495e+01	-1.37819e+01	
910	9.032800e-02	-1.39496e+01	-1.39496e+01	-1.37826e+01	
911	9.042800e-02	-1.39495e+01	-1.39495e+01	-1.37832e+01	
912	9.052800e-02	-1.39496e+01	-1.39496e+01	-1.37839e+01	
913	9.062800e-02	-1.39495e+01	-1.39495e+01	-1.37845e+01	
914	9.072800e-02	-1.39496e+01	-1.39496e+01	-1.37851e+01	
915	9.082800e-02	-1.39495e+01	-1.39495e+01	-1.37858e+01	
916	9.092800e-02	-1.39496e+01	-1.39496e+01	-1.37864e+01	
917	9.102800e-02	-1.39495e+01	-1.39495e+01	-1.37870e+01	
918	9.112800e-02	-1.39496e+01	-1.39496e+01	-1.37876e+01	
919	9.122800e-02	-1.39495e+01	-1.39495e+01	-1.37882e+01	
920	9.132800e-02	-1.39496e+01	-1.39496e+01	-1.37888e+01	
921	9.142800e-02	-1.39495e+01	-1.39495e+01	-1.37893e+01	
922	9.152800e-02	-1.39495e+01	-1.39496e+01	-1.37899e+01	
923	9.162800e-02	-1.39495e+01	-1.39495e+01	-1.37905e+01	
924	9.172800e-02	-1.39495e+01	-1.39496e+01	-1.37910e+01	

Index   time            q.x1.q6#collCX  q.x1.q7#collCX  q.x1.q8#collCX  
--------------------------------------------------------------------------------
925	9.182800e-02	-1.39495e+01	-1.39495e+01	-1.37916e+01	
926	9.192800e-02	-1.39495e+01	-1.39496e+01	-1.37921e+01	
927	9.202800e-02	-1.39495e+01	-1.39495e+01	-1.37926e+01	
928	9.212800e-02	-1.39495e+01	-1.39496e+01	-1.37931e+01	
929	9.222800e-02	-1.39495e+01	-1.39495e+01	-1.37936e+01	
930	9.232800e-02	-1.39496e+01	-1.39496e+01	-1.37941e+01	
931	9.242800e-02	-1.39495e+01	-1.39495e+01	-1.37946e+01	
932	9.252800e-02	-1.39496e+01	-1.39496e+01	-1.37950e+01	
933	9.262800e-02	-1.39495e+01	-1.39495e+01	-1.37955e+01	
934	9.272800e-02	-1.39496e+01	-1.39496e+01	-1.37959e+01	
935	9.282800e-02	-1.39495e+01	-1.39496e+01	-1.37963e+01	
936	9.292800e-02	-1.39496e+01	-1.39496e+01	-1.37967e+01	
937	9.302800e-02	-1.39495e+01	-1.39496e+01	-1.37971e+01	
938	9.312800e-02	-1.39496e+01	-1.39496e+01	-1.37975e+01	
939	9.322800e-02	-1.39496e+01	-1.39496e+01	-1.37978e+01	
940	9.332800e-02	-1.39496e+01	-1.39496e+01	-1.37982e+01	
941	9.342800e-02	-1.39496e+01	-1.39496e+01	-1.37985e+01	
942	9.352800e-02	-1.39496e+01	-1.39496e+01	-1.37988e+01	
943	9.362800e-02	-1.39496e+01	-1.39496e+01	-1.37991e+01	
944	9.372800e-02	-1.39496e+01	-1.39496e+01	-1.37993e+01	
945	9.382800e-02	-1.39496e+01	-1.39496e+01	-1.37996e+01	
946	9.392800e-02	-1.39496e+01	-1.39496e+01	-1.37998e+01	
947	9.402800e-02	-1.39496e+01	-1.39496e+01	-1.38000e+01	
948	9.412800e-02	-1.39496e+01	-1.39496e+01	-1.38002e+01	
949	9.422800e-02	-1.39496e+01	-1.39496e+01	-1.38004e+01	
950	9.432800e-02	-1.39496e+01	-1.39496e+01	-1.38005e+01	
951	9.442800e-02	-1.39496e+01	-1.39496e+01	-1.38006e+01	
952	9.452800e-02	-1.39496e+01	-1.39497e+01	-1.38007e+01	
953	9.462800e-02	-1.39496e+01	-1.39496e+01	-1.38008e+01	
954	9.472800e-02	-1.39496e+01	-1.39497e+01	-1.38009e+01	
955	9.482800e-02	-1.39496e+01	-1.39497e+01	-1.38009e+01	
956	9.492800e-02	-1.39497e+01	-1.39497e+01	-1.38010e+01	
957	9.502800e-02	-1.39497e+01	-1.39497e+01	-1.38010e+01	
958	9.512800e-02	-1.39497e+01	-1.39497e+01	-1.38009e+01	
959	9.522800e-02	-1.39497e+01	-1.39497e+01	-1.38009e+01	
960	9.532800e-02	-1.39497e+01	-1.39497e+01	-1.38008e+01	
961	9.542800e-02	-1.39497e+01	-1.39497e+01	-1.38008e+01	
962	9.552800e-02	-1.39497e+01	-1.39497e+01	-1.38007e+01	
963	9.562800e-02	-1.39497e+01	-1.39497e+01	-1.38006e+01	
964	9.572800e-02	-1.39497e+01	-1.39497e+01	-1.38004e+01	
965	9.582800e-02	-1.39497e+01	-1.39497e+01	-1.38003e+01	
966	9.592800e-02	-1.39497e+01	-1.39497e+01	-1.38001e+01	
967	9.602800e-02	-1.39497e+01	-1.39497e+01	-1.37999e+01	
968	9.612800e-02	-1.39497e+01	-1.39498e+01	-1.37997e+01	
969	9.622800e-02	-1.39497e+01	-1.39498e+01	-1.37994e+01	
970	9.632800e-02	-1.39498e+01	-1.39498e+01	-1.37992e+01	
971	9.642800e-02	-1.39498e+01	-1.39498e+01	-1.37989e+01	
972	9.652800e-02	-1.39498e+01	-1.39498e+01	-1.37986e+01	
973	9.662800e-02	-1.39498e+01	-1.39498e+01	-1.37983e+01	
974	9.672800e-02	-1.39498e+01	-1.39498e+01	-1.37980e+01	
975	9.682800e-02	-1.39498e+01	-1.39498e+01	-1.37976e+01	
976	9.692800e-02	-1.39498e+01	-1.39498e+01	-1.37973e+01	
977	9.702800e-02	-1.39498e+01	-1.39498e+01	-1.37969e+01	
978	9.712800e-02	-1.39498e+01	-1.39498e+01	-1.37965e+01	
979	9.722800e-02	-1.39498e+01	-1.39498e+01	-1.37961e+01	
980	9.732800e-02	-1.39498e+01	-1.39498e+01	-1.37957e+01	
981	9.742800e-02	-1.39498e+01	-1.39499e+01	-1.37952e+01	
982	9.752800e-02	-1.39498e+01	-1.39499e+01	-1.37948e+01	

Index   time            q.x1.q6#collCX  q.x1.q7#collCX  q.x1.q8#collCX  
--------------------------------------------------------------------------------
983	9.762800e-02	-1.39498e+01	-1.39499e+01	-1.37943e+01	
984	9.772800e-02	-1.39499e+01	-1.39499e+01	-1.37938e+01	
985	9.782800e-02	-1.39499e+01	-1.39499e+01	-1.37933e+01	
986	9.792800e-02	-1.39499e+01	-1.39499e+01	-1.37928e+01	
987	9.802800e-02	-1.39499e+01	-1.39499e+01	-1.37923e+01	
988	9.812800e-02	-1.39499e+01	-1.39499e+01	-1.37918e+01	
989	9.822800e-02	-1.39499e+01	-1.39499e+01	-1.37913e+01	
990	9.832800e-02	-1.39499e+01	-1.39499e+01	-1.37907e+01	
991	9.842800e-02	-1.39499e+01	-1.39499e+01	-1.37902e+01	
992	9.852800e-02	-1.39499e+01	-1.39499e+01	-1.37896e+01	
993	9.862800e-02	-1.39499e+01	-1.39499e+01	-1.37890e+01	
994	9.872800e-02	-1.39499e+01	-1.39499e+01	-1.37884e+01	
995	9.882800e-02	-1.39499e+01	-1.39499e+01	-1.37878e+01	
996	9.892800e-02	-1.39499e+01	-1.39499e+01	-1.37872e+01	
997	9.902800e-02	-1.39499e+01	-1.39500e+01	-1.37866e+01	
998	9.912800e-02	-1.39499e+01	-1.39500e+01	-1.37860e+01	
999	9.922800e-02	-1.39499e+01	-1.39500e+01	-1.37854e+01	
1000	9.932800e-02	-1.39500e+01	-1.39500e+01	-1.37848e+01	
1001	9.942800e-02	-1.39500e+01	-1.39500e+01	-1.37841e+01	
1002	9.952800e-02	-1.39500e+01	-1.39500e+01	-1.37835e+01	
1003	9.962800e-02	-1.39500e+01	-1.39500e+01	-1.37829e+01	
1004	9.972800e-02	-1.39500e+01	-1.39500e+01	-1.37822e+01	
1005	9.982800e-02	-1.39500e+01	-1.39500e+01	-1.37816e+01	
1006	9.992800e-02	-1.39500e+01	-1.39500e+01	-1.37809e+01	
1007	1.000000e-01	-1.39500e+01	-1.39501e+01	-1.37803e+01	

                                kicad schematic
                                Transient Analysis  Mon Feb 10 01:04:19  2025
--------------------------------------------------------------------------------
Index   time            q.x1.q9#collCX  q.x1.q10#collCX q.x1.q11#collCX 
--------------------------------------------------------------------------------
0	0.000000e+00	-1.03652e+00	1.435757e+01	5.401043e-01	
1	1.000000e-06	-1.03636e+00	1.435757e+01	5.383759e-01	
2	2.000000e-06	-1.03626e+00	1.435757e+01	5.355986e-01	
3	4.000000e-06	-1.03614e+00	1.435757e+01	5.287858e-01	
4	8.000000e-06	-1.03611e+00	1.435757e+01	5.119435e-01	
5	1.600000e-05	-1.03612e+00	1.435757e+01	4.775054e-01	
6	3.200000e-05	-1.03615e+00	1.435757e+01	4.121729e-01	
7	6.400000e-05	-1.03618e+00	1.435757e+01	2.919621e-01	
8	1.280000e-04	-1.03619e+00	1.435757e+01	6.840105e-02	
9	2.280000e-04	-1.03619e+00	1.435757e+01	-2.67642e-01	
10	3.280000e-04	-1.03619e+00	1.435757e+01	-5.96992e-01	
11	4.280000e-04	-1.03618e+00	1.435757e+01	-9.23010e-01	
12	5.280000e-04	-1.03618e+00	1.435757e+01	-1.24601e+00	
13	6.280000e-04	-1.03617e+00	1.435757e+01	-1.56644e+00	
14	7.280000e-04	-1.03617e+00	1.435757e+01	-1.88422e+00	
15	8.280000e-04	-1.03617e+00	1.435757e+01	-2.19924e+00	
16	9.280000e-04	-1.03616e+00	1.435757e+01	-2.51127e+00	
17	1.028000e-03	-1.03616e+00	1.435757e+01	-2.82011e+00	
18	1.128000e-03	-1.03615e+00	1.435757e+01	-3.12549e+00	
19	1.228000e-03	-1.03615e+00	1.435757e+01	-3.42718e+00	
20	1.328000e-03	-1.03615e+00	1.435757e+01	-3.72488e+00	
21	1.428000e-03	-1.03614e+00	1.435757e+01	-4.01836e+00	
22	1.528000e-03	-1.03614e+00	1.435757e+01	-4.30733e+00	
23	1.628000e-03	-1.03614e+00	1.435757e+01	-4.59153e+00	
24	1.728000e-03	-1.03614e+00	1.435757e+01	-4.87069e+00	
25	1.828000e-03	-1.03613e+00	1.435757e+01	-5.14455e+00	
26	1.928000e-03	-1.03613e+00	1.435757e+01	-5.41285e+00	
27	2.028000e-03	-1.03613e+00	1.435757e+01	-5.67533e+00	
28	2.128000e-03	-1.03613e+00	1.435757e+01	-5.93174e+00	
29	2.228000e-03	-1.03613e+00	1.435757e+01	-6.18184e+00	
30	2.328000e-03	-1.03613e+00	1.435757e+01	-6.42538e+00	
31	2.428000e-03	-1.03613e+00	1.435757e+01	-6.66213e+00	
32	2.528000e-03	-1.03613e+00	1.435757e+01	-6.89185e+00	
33	2.628000e-03	-1.03613e+00	1.435757e+01	-7.11434e+00	
34	2.728000e-03	-1.03613e+00	1.435757e+01	-7.32935e+00	
35	2.828000e-03	-1.03613e+00	1.435757e+01	-7.53671e+00	
36	2.928000e-03	-1.03614e+00	1.435757e+01	-7.73618e+00	
37	3.028000e-03	-1.03614e+00	1.435757e+01	-7.92760e+00	
38	3.128000e-03	-1.03614e+00	1.435757e+01	-8.11075e+00	
39	3.228000e-03	-1.03614e+00	1.435757e+01	-8.28548e+00	
40	3.328000e-03	-1.03615e+00	1.435757e+01	-8.45160e+00	
41	3.428000e-03	-1.03615e+00	1.435757e+01	-8.60895e+00	
42	3.528000e-03	-1.03616e+00	1.435757e+01	-8.75739e+00	
43	3.628000e-03	-1.03616e+00	1.435757e+01	-8.89676e+00	
44	3.728000e-03	-1.03617e+00	1.435757e+01	-9.02692e+00	
45	3.828000e-03	-1.03617e+00	1.435757e+01	-9.14776e+00	
46	3.928000e-03	-1.03618e+00	1.435757e+01	-9.25914e+00	
47	4.028000e-03	-1.03618e+00	1.435757e+01	-9.36098e+00	
48	4.128000e-03	-1.03619e+00	1.435757e+01	-9.45315e+00	
49	4.228000e-03	-1.03620e+00	1.435757e+01	-9.53557e+00	
50	4.328000e-03	-1.03620e+00	1.435757e+01	-9.60817e+00	
51	4.428000e-03	-1.03621e+00	1.435757e+01	-9.67086e+00	
52	4.528000e-03	-1.03622e+00	1.435757e+01	-9.72359e+00	
53	4.628000e-03	-1.03623e+00	1.435757e+01	-9.76632e+00	
54	4.728000e-03	-1.03623e+00	1.435757e+01	-9.79898e+00	

Index   time            q.x1.q9#collCX  q.x1.q10#collCX q.x1.q11#collCX 
--------------------------------------------------------------------------------
55	4.828000e-03	-1.03624e+00	1.435757e+01	-9.82156e+00	
56	4.928000e-03	-1.03625e+00	1.435757e+01	-9.83402e+00	
57	5.028000e-03	-1.03626e+00	1.435757e+01	-9.83636e+00	
58	5.128000e-03	-1.03627e+00	1.435757e+01	-9.82858e+00	
59	5.228000e-03	-1.03628e+00	1.435757e+01	-9.81069e+00	
60	5.328000e-03	-1.03629e+00	1.435757e+01	-9.78269e+00	
61	5.428000e-03	-1.03630e+00	1.435757e+01	-9.74462e+00	
62	5.528000e-03	-1.03631e+00	1.435757e+01	-9.69651e+00	
63	5.628000e-03	-1.03632e+00	1.435757e+01	-9.63842e+00	
64	5.728000e-03	-1.03634e+00	1.435757e+01	-9.57040e+00	
65	5.828000e-03	-1.03635e+00	1.435757e+01	-9.49252e+00	
66	5.928000e-03	-1.03636e+00	1.435757e+01	-9.40485e+00	
67	6.028000e-03	-1.03637e+00	1.435757e+01	-9.30748e+00	
68	6.128000e-03	-1.03638e+00	1.435757e+01	-9.20050e+00	
69	6.228000e-03	-1.03640e+00	1.435757e+01	-9.08402e+00	
70	6.328000e-03	-1.03641e+00	1.435757e+01	-8.95816e+00	
71	6.428000e-03	-1.03642e+00	1.435757e+01	-8.82304e+00	
72	6.528000e-03	-1.03643e+00	1.435757e+01	-8.67878e+00	
73	6.628000e-03	-1.03645e+00	1.435757e+01	-8.52554e+00	
74	6.728000e-03	-1.03646e+00	1.435757e+01	-8.36345e+00	
75	6.828000e-03	-1.03647e+00	1.435757e+01	-8.19269e+00	
76	6.928000e-03	-1.03648e+00	1.435757e+01	-8.01341e+00	
77	7.028000e-03	-1.03650e+00	1.435757e+01	-7.82580e+00	
78	7.128000e-03	-1.03651e+00	1.435757e+01	-7.63003e+00	
79	7.228000e-03	-1.03652e+00	1.435757e+01	-7.42630e+00	
80	7.328000e-03	-1.03654e+00	1.435757e+01	-7.21480e+00	
81	7.428000e-03	-1.03655e+00	1.435757e+01	-6.99575e+00	
82	7.528000e-03	-1.03656e+00	1.435757e+01	-6.76935e+00	
83	7.628000e-03	-1.03657e+00	1.435757e+01	-6.53582e+00	
84	7.728000e-03	-1.03659e+00	1.435757e+01	-6.29540e+00	
85	7.828000e-03	-1.03660e+00	1.435757e+01	-6.04831e+00	
86	7.928000e-03	-1.03661e+00	1.435757e+01	-5.79479e+00	
87	8.028000e-03	-1.03662e+00	1.435757e+01	-5.53509e+00	
88	8.128000e-03	-1.03664e+00	1.435757e+01	-5.26945e+00	
89	8.228000e-03	-1.03665e+00	1.435757e+01	-4.99813e+00	
90	8.328000e-03	-1.03666e+00	1.435757e+01	-4.72139e+00	
91	8.428000e-03	-1.03667e+00	1.435757e+01	-4.43949e+00	
92	8.528000e-03	-1.03668e+00	1.435757e+01	-4.15270e+00	
93	8.628000e-03	-1.03669e+00	1.435757e+01	-3.86128e+00	
94	8.728000e-03	-1.03670e+00	1.435757e+01	-3.56550e+00	
95	8.828000e-03	-1.03672e+00	1.435757e+01	-3.26562e+00	
96	8.928000e-03	-1.03673e+00	1.435757e+01	-2.96192e+00	
97	9.028000e-03	-1.03674e+00	1.435757e+01	-2.65466e+00	
98	9.128000e-03	-1.03675e+00	1.435757e+01	-2.34408e+00	
99	9.228000e-03	-1.03676e+00	1.435757e+01	-2.03042e+00	
100	9.328000e-03	-1.03677e+00	1.435757e+01	-1.71390e+00	
101	9.428000e-03	-1.03677e+00	1.435757e+01	-1.39468e+00	
102	9.528000e-03	-1.03678e+00	1.435757e+01	-1.07286e+00	
103	9.628000e-03	-1.03679e+00	1.435757e+01	-7.48361e-01	
104	9.728000e-03	-1.03680e+00	1.435757e+01	-4.20786e-01	
105	9.828000e-03	-1.03682e+00	1.435757e+01	-8.85207e-02	
106	9.928000e-03	-1.03684e+00	1.435757e+01	2.544012e-01	
107	1.002800e-02	-1.03693e+00	1.435757e+01	6.496114e-01	
108	1.012800e-02	-1.03678e+00	1.435757e+01	1.005340e+00	
109	1.022800e-02	-1.03689e+00	1.435757e+01	1.336087e+00	
110	1.032800e-02	-1.03678e+00	1.435757e+01	1.663546e+00	
111	1.042800e-02	-1.03689e+00	1.435757e+01	1.984863e+00	
112	1.052800e-02	-1.03679e+00	1.435757e+01	2.305786e+00	

Index   time            q.x1.q9#collCX  q.x1.q10#collCX q.x1.q11#collCX 
--------------------------------------------------------------------------------
113	1.062800e-02	-1.03689e+00	1.435757e+01	2.621675e+00	
114	1.072800e-02	-1.03680e+00	1.435757e+01	2.937321e+00	
115	1.082800e-02	-1.03689e+00	1.435757e+01	3.247962e+00	
116	1.092800e-02	-1.03681e+00	1.435757e+01	3.557801e+00	
117	1.102800e-02	-1.03689e+00	1.435757e+01	3.862412e+00	
118	1.112800e-02	-1.03681e+00	1.435757e+01	4.165567e+00	
119	1.122800e-02	-1.03689e+00	1.435757e+01	4.463175e+00	
120	1.132800e-02	-1.03682e+00	1.435757e+01	4.758641e+00	
121	1.142800e-02	-1.03689e+00	1.435757e+01	5.048199e+00	
122	1.152800e-02	-1.03682e+00	1.435757e+01	5.334931e+00	
123	1.162800e-02	-1.03688e+00	1.435757e+01	5.615373e+00	
124	1.172800e-02	-1.03682e+00	1.435757e+01	5.892322e+00	
125	1.182800e-02	-1.03688e+00	1.435757e+01	6.162592e+00	
126	1.192800e-02	-1.03682e+00	1.435757e+01	6.428721e+00	
127	1.202800e-02	-1.03687e+00	1.435757e+01	6.687785e+00	
128	1.212800e-02	-1.03682e+00	1.435757e+01	6.942090e+00	
129	1.222800e-02	-1.03687e+00	1.435757e+01	7.188949e+00	
130	1.232800e-02	-1.03682e+00	1.435757e+01	7.430459e+00	
131	1.242800e-02	-1.03686e+00	1.435757e+01	7.664155e+00	
132	1.252800e-02	-1.03681e+00	1.435757e+01	7.891944e+00	
133	1.262800e-02	-1.03685e+00	1.435757e+01	8.111566e+00	
134	1.272800e-02	-1.03681e+00	1.435757e+01	8.324758e+00	
135	1.282800e-02	-1.03684e+00	1.435757e+01	8.529446e+00	
136	1.292800e-02	-1.03680e+00	1.435757e+01	8.727217e+00	
137	1.302800e-02	-1.03683e+00	1.435757e+01	8.916171e+00	
138	1.312800e-02	-1.03679e+00	1.435757e+01	9.097755e+00	
139	1.322800e-02	-1.03682e+00	1.435757e+01	9.270232e+00	
140	1.332800e-02	-1.03678e+00	1.435757e+01	9.434926e+00	
141	1.342800e-02	-1.03680e+00	1.435757e+01	9.590249e+00	
142	1.352800e-02	-1.03677e+00	1.435757e+01	9.737413e+00	
143	1.362800e-02	-1.03679e+00	1.435757e+01	9.874970e+00	
144	1.372800e-02	-1.03676e+00	1.435757e+01	1.000403e+01	
145	1.382800e-02	-1.03677e+00	1.435757e+01	1.012328e+01	
146	1.392800e-02	-1.03675e+00	1.435757e+01	1.023374e+01	
147	1.402800e-02	-1.03676e+00	1.435757e+01	1.033421e+01	
148	1.412800e-02	-1.03673e+00	1.435757e+01	1.042564e+01	
149	1.422800e-02	-1.03674e+00	1.435757e+01	1.050693e+01	
150	1.432800e-02	-1.03672e+00	1.435757e+01	1.057897e+01	
151	1.442800e-02	-1.03673e+00	1.435757e+01	1.064077e+01	
152	1.452800e-02	-1.03670e+00	1.435757e+01	1.069314e+01	
153	1.462800e-02	-1.03671e+00	1.435757e+01	1.073519e+01	
154	1.472800e-02	-1.03668e+00	1.435757e+01	1.076769e+01	
155	1.482800e-02	-1.03669e+00	1.435757e+01	1.078984e+01	
156	1.492800e-02	-1.03667e+00	1.435757e+01	1.080234e+01	
157	1.502800e-02	-1.03667e+00	1.435757e+01	1.080449e+01	
158	1.512800e-02	-1.03665e+00	1.435757e+01	1.079695e+01	
159	1.522800e-02	-1.03665e+00	1.435757e+01	1.077909e+01	
160	1.532800e-02	-1.03663e+00	1.435757e+01	1.075154e+01	
161	1.542800e-02	-1.03663e+00	1.435757e+01	1.071374e+01	
162	1.552800e-02	-1.03661e+00	1.435757e+01	1.066629e+01	
163	1.562800e-02	-1.03661e+00	1.435757e+01	1.060870e+01	
164	1.572800e-02	-1.03659e+00	1.435757e+01	1.054153e+01	
165	1.582800e-02	-1.03659e+00	1.435757e+01	1.046437e+01	
166	1.592800e-02	-1.03657e+00	1.435757e+01	1.037775e+01	
167	1.602800e-02	-1.03657e+00	1.435757e+01	1.028132e+01	
168	1.612800e-02	-1.03655e+00	1.435757e+01	1.017560e+01	
169	1.622800e-02	-1.03655e+00	1.435757e+01	1.006028e+01	
170	1.632800e-02	-1.03653e+00	1.435757e+01	9.935858e+00	

Index   time            q.x1.q9#collCX  q.x1.q10#collCX q.x1.q11#collCX 
--------------------------------------------------------------------------------
171	1.642800e-02	-1.03653e+00	1.435757e+01	9.802095e+00	
172	1.652800e-02	-1.03651e+00	1.435757e+01	9.659474e+00	
173	1.662800e-02	-1.03651e+00	1.435757e+01	9.507792e+00	
174	1.672800e-02	-1.03649e+00	1.435757e+01	9.347525e+00	
175	1.682800e-02	-1.03649e+00	1.435757e+01	9.178517e+00	
176	1.692800e-02	-1.03647e+00	1.435757e+01	9.001232e+00	
177	1.702800e-02	-1.03647e+00	1.435757e+01	8.815557e+00	
178	1.712800e-02	-1.03645e+00	1.435757e+01	8.621947e+00	
179	1.722800e-02	-1.03645e+00	1.435757e+01	8.420328e+00	
180	1.732800e-02	-1.03643e+00	1.435757e+01	8.211149e+00	
181	1.742800e-02	-1.03643e+00	1.435757e+01	7.994371e+00	
182	1.752800e-02	-1.03641e+00	1.435757e+01	7.770437e+00	
183	1.762800e-02	-1.03641e+00	1.435757e+01	7.539342e+00	
184	1.772800e-02	-1.03639e+00	1.435757e+01	7.301522e+00	
185	1.782800e-02	-1.03639e+00	1.435757e+01	7.057005e+00	
186	1.792800e-02	-1.03637e+00	1.435757e+01	6.806219e+00	
187	1.802800e-02	-1.03637e+00	1.435757e+01	6.549221e+00	
188	1.812800e-02	-1.03636e+00	1.435757e+01	6.286435e+00	
189	1.822800e-02	-1.03635e+00	1.435757e+01	6.017943e+00	
190	1.832800e-02	-1.03634e+00	1.435757e+01	5.744161e+00	
191	1.842800e-02	-1.03633e+00	1.435757e+01	5.465195e+00	
192	1.852800e-02	-1.03632e+00	1.435757e+01	5.181452e+00	
193	1.862800e-02	-1.03631e+00	1.435757e+01	4.893057e+00	
194	1.872800e-02	-1.03630e+00	1.435757e+01	4.600410e+00	
195	1.882800e-02	-1.03630e+00	1.435757e+01	4.303645e+00	
196	1.892800e-02	-1.03629e+00	1.435757e+01	4.003149e+00	
197	1.902800e-02	-1.03628e+00	1.435757e+01	3.699061e+00	
198	1.912800e-02	-1.03627e+00	1.435757e+01	3.391743e+00	
199	1.922800e-02	-1.03627e+00	1.435757e+01	3.081323e+00	
200	1.932800e-02	-1.03626e+00	1.435757e+01	2.768111e+00	
201	1.942800e-02	-1.03625e+00	1.435757e+01	2.452177e+00	
202	1.952800e-02	-1.03624e+00	1.435757e+01	2.133705e+00	
203	1.962800e-02	-1.03624e+00	1.435757e+01	1.812544e+00	
204	1.972800e-02	-1.03623e+00	1.435757e+01	1.488387e+00	
205	1.982800e-02	-1.03622e+00	1.435757e+01	1.159605e+00	
206	1.992800e-02	-1.03620e+00	1.435757e+01	8.206772e-01	
207	2.002800e-02	-1.03611e+00	1.435757e+01	4.285698e-01	
208	2.012800e-02	-1.03624e+00	1.435757e+01	6.771306e-02	
209	2.022800e-02	-1.03614e+00	1.435757e+01	-2.66887e-01	
210	2.032800e-02	-1.03623e+00	1.435757e+01	-5.98127e-01	
211	2.042800e-02	-1.03614e+00	1.435757e+01	-9.22607e-01	
212	2.052800e-02	-1.03622e+00	1.435757e+01	-1.24652e+00	
213	2.062800e-02	-1.03613e+00	1.435757e+01	-1.56593e+00	
214	2.072800e-02	-1.03621e+00	1.435757e+01	-1.88469e+00	
215	2.082800e-02	-1.03613e+00	1.435757e+01	-2.19879e+00	
216	2.092800e-02	-1.03620e+00	1.435757e+01	-2.51170e+00	
217	2.102800e-02	-1.03612e+00	1.435757e+01	-2.81970e+00	
218	2.112800e-02	-1.03619e+00	1.435757e+01	-3.12589e+00	
219	2.122800e-02	-1.03612e+00	1.435757e+01	-3.42680e+00	
220	2.132800e-02	-1.03618e+00	1.435757e+01	-3.72524e+00	
221	2.142800e-02	-1.03611e+00	1.435757e+01	-4.01802e+00	
222	2.152800e-02	-1.03617e+00	1.435757e+01	-4.30766e+00	
223	2.162800e-02	-1.03611e+00	1.435757e+01	-4.59122e+00	
224	2.172800e-02	-1.03616e+00	1.435757e+01	-4.87099e+00	
225	2.182800e-02	-1.03611e+00	1.435757e+01	-5.14427e+00	
226	2.192800e-02	-1.03616e+00	1.435757e+01	-5.41312e+00	
227	2.202800e-02	-1.03611e+00	1.435757e+01	-5.67507e+00	
228	2.212800e-02	-1.03615e+00	1.435757e+01	-5.93199e+00	

Index   time            q.x1.q9#collCX  q.x1.q10#collCX q.x1.q11#collCX 
--------------------------------------------------------------------------------
229	2.222800e-02	-1.03611e+00	1.435757e+01	-6.18160e+00	
230	2.232800e-02	-1.03615e+00	1.435757e+01	-6.42561e+00	
231	2.242800e-02	-1.03611e+00	1.435757e+01	-6.66191e+00	
232	2.252800e-02	-1.03615e+00	1.435757e+01	-6.89206e+00	
233	2.262800e-02	-1.03612e+00	1.435757e+01	-7.11414e+00	
234	2.272800e-02	-1.03615e+00	1.435757e+01	-7.32954e+00	
235	2.282800e-02	-1.03612e+00	1.435757e+01	-7.53653e+00	
236	2.292800e-02	-1.03615e+00	1.435757e+01	-7.73636e+00	
237	2.302800e-02	-1.03613e+00	1.435757e+01	-7.92743e+00	
238	2.312800e-02	-1.03615e+00	1.435757e+01	-8.11091e+00	
239	2.322800e-02	-1.03613e+00	1.435757e+01	-8.28533e+00	
240	2.332800e-02	-1.03616e+00	1.435757e+01	-8.45174e+00	
241	2.342800e-02	-1.03614e+00	1.435757e+01	-8.60882e+00	
242	2.352800e-02	-1.03617e+00	1.435757e+01	-8.75752e+00	
243	2.362800e-02	-1.03615e+00	1.435757e+01	-8.89663e+00	
244	2.372800e-02	-1.03618e+00	1.435757e+01	-9.02704e+00	
245	2.382800e-02	-1.03616e+00	1.435757e+01	-9.14764e+00	
246	2.392800e-02	-1.03619e+00	1.435757e+01	-9.25925e+00	
247	2.402800e-02	-1.03617e+00	1.435757e+01	-9.36087e+00	
248	2.412800e-02	-1.03620e+00	1.435757e+01	-9.45325e+00	
249	2.422800e-02	-1.03619e+00	1.435757e+01	-9.53548e+00	
250	2.432800e-02	-1.03621e+00	1.435757e+01	-9.60826e+00	
251	2.442800e-02	-1.03620e+00	1.435757e+01	-9.67078e+00	
252	2.452800e-02	-1.03622e+00	1.435757e+01	-9.72368e+00	
253	2.462800e-02	-1.03622e+00	1.435757e+01	-9.76624e+00	
254	2.472800e-02	-1.03624e+00	1.435757e+01	-9.79905e+00	
255	2.482800e-02	-1.03624e+00	1.435757e+01	-9.82148e+00	
256	2.492800e-02	-1.03626e+00	1.435757e+01	-9.83409e+00	
257	2.502800e-02	-1.03626e+00	1.435757e+01	-9.83630e+00	
258	2.512800e-02	-1.03628e+00	1.435757e+01	-9.82865e+00	
259	2.522800e-02	-1.03628e+00	1.435757e+01	-9.81062e+00	
260	2.532800e-02	-1.03630e+00	1.435757e+01	-9.78275e+00	
261	2.542800e-02	-1.03630e+00	1.435757e+01	-9.74456e+00	
262	2.552800e-02	-1.03632e+00	1.435757e+01	-9.69657e+00	
263	2.562800e-02	-1.03632e+00	1.435757e+01	-9.63837e+00	
264	2.572800e-02	-1.03634e+00	1.435757e+01	-9.57045e+00	
265	2.582800e-02	-1.03634e+00	1.435757e+01	-9.49247e+00	
266	2.592800e-02	-1.03636e+00	1.435757e+01	-9.40489e+00	
267	2.602800e-02	-1.03637e+00	1.435757e+01	-9.30744e+00	
268	2.612800e-02	-1.03639e+00	1.435757e+01	-9.20054e+00	
269	2.622800e-02	-1.03639e+00	1.435757e+01	-9.08399e+00	
270	2.632800e-02	-1.03641e+00	1.435757e+01	-8.95820e+00	
271	2.642800e-02	-1.03642e+00	1.435757e+01	-8.82300e+00	
272	2.652800e-02	-1.03644e+00	1.435757e+01	-8.67881e+00	
273	2.662800e-02	-1.03644e+00	1.435757e+01	-8.52550e+00	
274	2.672800e-02	-1.03646e+00	1.435757e+01	-8.36348e+00	
275	2.682800e-02	-1.03647e+00	1.435757e+01	-8.19266e+00	
276	2.692800e-02	-1.03649e+00	1.435757e+01	-8.01344e+00	
277	2.702800e-02	-1.03650e+00	1.435757e+01	-7.82577e+00	
278	2.712800e-02	-1.03651e+00	1.435757e+01	-7.63006e+00	
279	2.722800e-02	-1.03652e+00	1.435757e+01	-7.42628e+00	
280	2.732800e-02	-1.03654e+00	1.435757e+01	-7.21483e+00	
281	2.742800e-02	-1.03655e+00	1.435757e+01	-6.99573e+00	
282	2.752800e-02	-1.03656e+00	1.435757e+01	-6.76937e+00	
283	2.762800e-02	-1.03657e+00	1.435757e+01	-6.53580e+00	
284	2.772800e-02	-1.03659e+00	1.435757e+01	-6.29542e+00	
285	2.782800e-02	-1.03660e+00	1.435757e+01	-6.04829e+00	
286	2.792800e-02	-1.03661e+00	1.435757e+01	-5.79481e+00	

Index   time            q.x1.q9#collCX  q.x1.q10#collCX q.x1.q11#collCX 
--------------------------------------------------------------------------------
287	2.802800e-02	-1.03662e+00	1.435757e+01	-5.53507e+00	
288	2.812800e-02	-1.03664e+00	1.435757e+01	-5.26947e+00	
289	2.822800e-02	-1.03665e+00	1.435757e+01	-4.99812e+00	
290	2.832800e-02	-1.03666e+00	1.435757e+01	-4.72141e+00	
291	2.842800e-02	-1.03667e+00	1.435757e+01	-4.43948e+00	
292	2.852800e-02	-1.03668e+00	1.435757e+01	-4.15271e+00	
293	2.862800e-02	-1.03669e+00	1.435757e+01	-3.86127e+00	
294	2.872800e-02	-1.03671e+00	1.435757e+01	-3.56551e+00	
295	2.882800e-02	-1.03671e+00	1.435757e+01	-3.26561e+00	
296	2.892800e-02	-1.03673e+00	1.435757e+01	-2.96194e+00	
297	2.902800e-02	-1.03674e+00	1.435757e+01	-2.65465e+00	
298	2.912800e-02	-1.03675e+00	1.435757e+01	-2.34409e+00	
299	2.922800e-02	-1.03676e+00	1.435757e+01	-2.03041e+00	
300	2.932800e-02	-1.03677e+00	1.435757e+01	-1.71391e+00	
301	2.942800e-02	-1.03677e+00	1.435757e+01	-1.39467e+00	
302	2.952800e-02	-1.03678e+00	1.435757e+01	-1.07286e+00	
303	2.962800e-02	-1.03679e+00	1.435757e+01	-7.48352e-01	
304	2.972800e-02	-1.03680e+00	1.435757e+01	-4.20794e-01	
305	2.982800e-02	-1.03682e+00	1.435757e+01	-8.85130e-02	
306	2.992800e-02	-1.03684e+00	1.435757e+01	2.543936e-01	
307	3.002800e-02	-1.03693e+00	1.435757e+01	6.496187e-01	
308	3.012800e-02	-1.03678e+00	1.435757e+01	1.005334e+00	
309	3.022800e-02	-1.03689e+00	1.435757e+01	1.336093e+00	
310	3.032800e-02	-1.03678e+00	1.435757e+01	1.663541e+00	
311	3.042800e-02	-1.03689e+00	1.435757e+01	1.984868e+00	
312	3.052800e-02	-1.03679e+00	1.435757e+01	2.305781e+00	
313	3.062800e-02	-1.03689e+00	1.435757e+01	2.621680e+00	
314	3.072800e-02	-1.03680e+00	1.435757e+01	2.937317e+00	
315	3.082800e-02	-1.03689e+00	1.435757e+01	3.247967e+00	
316	3.092800e-02	-1.03681e+00	1.435757e+01	3.557797e+00	
317	3.102800e-02	-1.03689e+00	1.435757e+01	3.862416e+00	
318	3.112800e-02	-1.03682e+00	1.435757e+01	4.165563e+00	
319	3.122800e-02	-1.03689e+00	1.435757e+01	4.463178e+00	
320	3.132800e-02	-1.03682e+00	1.435757e+01	4.758638e+00	
321	3.142800e-02	-1.03689e+00	1.435757e+01	5.048202e+00	
322	3.152800e-02	-1.03682e+00	1.435757e+01	5.334928e+00	
323	3.162800e-02	-1.03688e+00	1.435757e+01	5.615376e+00	
324	3.172800e-02	-1.03682e+00	1.435757e+01	5.892319e+00	
325	3.182800e-02	-1.03688e+00	1.435757e+01	6.162594e+00	
326	3.192800e-02	-1.03682e+00	1.435757e+01	6.428719e+00	
327	3.202800e-02	-1.03687e+00	1.435757e+01	6.687788e+00	
328	3.212800e-02	-1.03682e+00	1.435757e+01	6.942088e+00	
329	3.222800e-02	-1.03687e+00	1.435757e+01	7.188951e+00	
330	3.232800e-02	-1.03682e+00	1.435757e+01	7.430457e+00	
331	3.242800e-02	-1.03686e+00	1.435757e+01	7.664157e+00	
332	3.252800e-02	-1.03681e+00	1.435757e+01	7.891942e+00	
333	3.262800e-02	-1.03685e+00	1.435757e+01	8.111567e+00	
334	3.272800e-02	-1.03681e+00	1.435757e+01	8.324756e+00	
335	3.282800e-02	-1.03684e+00	1.435757e+01	8.529448e+00	
336	3.292800e-02	-1.03680e+00	1.435757e+01	8.727216e+00	
337	3.302800e-02	-1.03683e+00	1.435757e+01	8.916172e+00	
338	3.312800e-02	-1.03679e+00	1.435757e+01	9.097754e+00	
339	3.322800e-02	-1.03682e+00	1.435757e+01	9.270234e+00	
340	3.332800e-02	-1.03678e+00	1.435757e+01	9.434925e+00	
341	3.342800e-02	-1.03680e+00	1.435757e+01	9.590250e+00	
342	3.352800e-02	-1.03677e+00	1.435757e+01	9.737412e+00	
343	3.362800e-02	-1.03679e+00	1.435757e+01	9.874971e+00	
344	3.372800e-02	-1.03676e+00	1.435757e+01	1.000403e+01	

Index   time            q.x1.q9#collCX  q.x1.q10#collCX q.x1.q11#collCX 
--------------------------------------------------------------------------------
345	3.382800e-02	-1.03677e+00	1.435757e+01	1.012328e+01	
346	3.392800e-02	-1.03675e+00	1.435757e+01	1.023374e+01	
347	3.402800e-02	-1.03676e+00	1.435757e+01	1.033421e+01	
348	3.412800e-02	-1.03673e+00	1.435757e+01	1.042564e+01	
349	3.422800e-02	-1.03674e+00	1.435757e+01	1.050693e+01	
350	3.432800e-02	-1.03672e+00	1.435757e+01	1.057897e+01	
351	3.442800e-02	-1.03672e+00	1.435757e+01	1.064077e+01	
352	3.452800e-02	-1.03670e+00	1.435757e+01	1.069314e+01	
353	3.462800e-02	-1.03671e+00	1.435757e+01	1.073519e+01	
354	3.472800e-02	-1.03668e+00	1.435757e+01	1.076769e+01	
355	3.482800e-02	-1.03669e+00	1.435757e+01	1.078984e+01	
356	3.492800e-02	-1.03667e+00	1.435757e+01	1.080234e+01	
357	3.502800e-02	-1.03667e+00	1.435757e+01	1.080449e+01	
358	3.512800e-02	-1.03665e+00	1.435757e+01	1.079695e+01	
359	3.522800e-02	-1.03665e+00	1.435757e+01	1.077909e+01	
360	3.532800e-02	-1.03663e+00	1.435757e+01	1.075154e+01	
361	3.542800e-02	-1.03663e+00	1.435757e+01	1.071374e+01	
362	3.552800e-02	-1.03661e+00	1.435757e+01	1.066629e+01	
363	3.562800e-02	-1.03661e+00	1.435757e+01	1.060870e+01	
364	3.572800e-02	-1.03659e+00	1.435757e+01	1.054153e+01	
365	3.582800e-02	-1.03659e+00	1.435757e+01	1.046437e+01	
366	3.592800e-02	-1.03657e+00	1.435757e+01	1.037775e+01	
367	3.602800e-02	-1.03657e+00	1.435757e+01	1.028132e+01	
368	3.612800e-02	-1.03655e+00	1.435757e+01	1.017560e+01	
369	3.622800e-02	-1.03655e+00	1.435757e+01	1.006028e+01	
370	3.632800e-02	-1.03653e+00	1.435757e+01	9.935858e+00	
371	3.642800e-02	-1.03653e+00	1.435757e+01	9.802095e+00	
372	3.652800e-02	-1.03651e+00	1.435757e+01	9.659473e+00	
373	3.662800e-02	-1.03651e+00	1.435757e+01	9.507792e+00	
374	3.672800e-02	-1.03649e+00	1.435757e+01	9.347525e+00	
375	3.682800e-02	-1.03649e+00	1.435757e+01	9.178517e+00	
376	3.692800e-02	-1.03647e+00	1.435757e+01	9.001231e+00	
377	3.702800e-02	-1.03647e+00	1.435757e+01	8.815557e+00	
378	3.712800e-02	-1.03645e+00	1.435757e+01	8.621946e+00	
379	3.722800e-02	-1.03645e+00	1.435757e+01	8.420328e+00	
380	3.732800e-02	-1.03643e+00	1.435757e+01	8.211148e+00	
381	3.742800e-02	-1.03643e+00	1.435757e+01	7.994372e+00	
382	3.752800e-02	-1.03641e+00	1.435757e+01	7.770436e+00	
383	3.762800e-02	-1.03641e+00	1.435757e+01	7.539342e+00	
384	3.772800e-02	-1.03639e+00	1.435757e+01	7.301521e+00	
385	3.782800e-02	-1.03639e+00	1.435757e+01	7.057005e+00	
386	3.792800e-02	-1.03637e+00	1.435757e+01	6.806218e+00	
387	3.802800e-02	-1.03637e+00	1.435757e+01	6.549222e+00	
388	3.812800e-02	-1.03636e+00	1.435757e+01	6.286435e+00	
389	3.822800e-02	-1.03635e+00	1.435757e+01	6.017943e+00	
390	3.832800e-02	-1.03634e+00	1.435757e+01	5.744161e+00	
391	3.842800e-02	-1.03633e+00	1.435757e+01	5.465195e+00	
392	3.852800e-02	-1.03632e+00	1.435757e+01	5.181452e+00	
393	3.862800e-02	-1.03631e+00	1.435757e+01	4.893058e+00	
394	3.872800e-02	-1.03630e+00	1.435757e+01	4.600410e+00	
395	3.882800e-02	-1.03630e+00	1.435757e+01	4.303645e+00	
396	3.892800e-02	-1.03629e+00	1.435757e+01	4.003149e+00	
397	3.902800e-02	-1.03628e+00	1.435757e+01	3.699061e+00	
398	3.912800e-02	-1.03627e+00	1.435757e+01	3.391743e+00	
399	3.922800e-02	-1.03627e+00	1.435757e+01	3.081323e+00	
400	3.932800e-02	-1.03626e+00	1.435757e+01	2.768111e+00	
401	3.942800e-02	-1.03625e+00	1.435757e+01	2.452177e+00	
402	3.952800e-02	-1.03624e+00	1.435757e+01	2.133705e+00	

Index   time            q.x1.q9#collCX  q.x1.q10#collCX q.x1.q11#collCX 
--------------------------------------------------------------------------------
403	3.962800e-02	-1.03624e+00	1.435757e+01	1.812544e+00	
404	3.972800e-02	-1.03623e+00	1.435757e+01	1.488387e+00	
405	3.982800e-02	-1.03622e+00	1.435757e+01	1.159605e+00	
406	3.992800e-02	-1.03620e+00	1.435757e+01	8.206772e-01	
407	4.002800e-02	-1.03611e+00	1.435757e+01	4.285702e-01	
408	4.012800e-02	-1.03624e+00	1.435757e+01	6.771251e-02	
409	4.022800e-02	-1.03614e+00	1.435757e+01	-2.66887e-01	
410	4.032800e-02	-1.03623e+00	1.435757e+01	-5.98127e-01	
411	4.042800e-02	-1.03614e+00	1.435757e+01	-9.22606e-01	
412	4.052800e-02	-1.03622e+00	1.435757e+01	-1.24652e+00	
413	4.062800e-02	-1.03613e+00	1.435757e+01	-1.56593e+00	
414	4.072800e-02	-1.03621e+00	1.435757e+01	-1.88469e+00	
415	4.082800e-02	-1.03613e+00	1.435757e+01	-2.19879e+00	
416	4.092800e-02	-1.03620e+00	1.435757e+01	-2.51170e+00	
417	4.102800e-02	-1.03612e+00	1.435757e+01	-2.81970e+00	
418	4.112800e-02	-1.03619e+00	1.435757e+01	-3.12589e+00	
419	4.122800e-02	-1.03612e+00	1.435757e+01	-3.42680e+00	
420	4.132800e-02	-1.03618e+00	1.435757e+01	-3.72524e+00	
421	4.142800e-02	-1.03611e+00	1.435757e+01	-4.01802e+00	
422	4.152800e-02	-1.03617e+00	1.435757e+01	-4.30766e+00	
423	4.162800e-02	-1.03611e+00	1.435757e+01	-4.59122e+00	
424	4.172800e-02	-1.03616e+00	1.435757e+01	-4.87099e+00	
425	4.182800e-02	-1.03611e+00	1.435757e+01	-5.14427e+00	
426	4.192800e-02	-1.03616e+00	1.435757e+01	-5.41312e+00	
427	4.202800e-02	-1.03611e+00	1.435757e+01	-5.67507e+00	
428	4.212800e-02	-1.03615e+00	1.435757e+01	-5.93199e+00	
429	4.222800e-02	-1.03611e+00	1.435757e+01	-6.18160e+00	
430	4.232800e-02	-1.03615e+00	1.435757e+01	-6.42561e+00	
431	4.242800e-02	-1.03611e+00	1.435757e+01	-6.66191e+00	
432	4.252800e-02	-1.03615e+00	1.435757e+01	-6.89206e+00	
433	4.262800e-02	-1.03612e+00	1.435757e+01	-7.11414e+00	
434	4.272800e-02	-1.03615e+00	1.435757e+01	-7.32954e+00	
435	4.282800e-02	-1.03612e+00	1.435757e+01	-7.53653e+00	
436	4.292800e-02	-1.03615e+00	1.435757e+01	-7.73636e+00	
437	4.302800e-02	-1.03613e+00	1.435757e+01	-7.92743e+00	
438	4.312800e-02	-1.03615e+00	1.435757e+01	-8.11091e+00	
439	4.322800e-02	-1.03613e+00	1.435757e+01	-8.28533e+00	
440	4.332800e-02	-1.03616e+00	1.435757e+01	-8.45174e+00	
441	4.342800e-02	-1.03614e+00	1.435757e+01	-8.60882e+00	
442	4.352800e-02	-1.03617e+00	1.435757e+01	-8.75752e+00	
443	4.362800e-02	-1.03615e+00	1.435757e+01	-8.89663e+00	
444	4.372800e-02	-1.03618e+00	1.435757e+01	-9.02704e+00	
445	4.382800e-02	-1.03616e+00	1.435757e+01	-9.14764e+00	
446	4.392800e-02	-1.03619e+00	1.435757e+01	-9.25925e+00	
447	4.402800e-02	-1.03617e+00	1.435757e+01	-9.36087e+00	
448	4.412800e-02	-1.03620e+00	1.435757e+01	-9.45325e+00	
449	4.422800e-02	-1.03619e+00	1.435757e+01	-9.53548e+00	
450	4.432800e-02	-1.03621e+00	1.435757e+01	-9.60826e+00	
451	4.442800e-02	-1.03620e+00	1.435757e+01	-9.67078e+00	
452	4.452800e-02	-1.03622e+00	1.435757e+01	-9.72368e+00	
453	4.462800e-02	-1.03622e+00	1.435757e+01	-9.76624e+00	
454	4.472800e-02	-1.03624e+00	1.435757e+01	-9.79905e+00	
455	4.482800e-02	-1.03624e+00	1.435757e+01	-9.82148e+00	
456	4.492800e-02	-1.03626e+00	1.435757e+01	-9.83409e+00	
457	4.502800e-02	-1.03626e+00	1.435757e+01	-9.83630e+00	
458	4.512800e-02	-1.03628e+00	1.435757e+01	-9.82865e+00	
459	4.522800e-02	-1.03628e+00	1.435757e+01	-9.81062e+00	
460	4.532800e-02	-1.03630e+00	1.435757e+01	-9.78275e+00	

Index   time            q.x1.q9#collCX  q.x1.q10#collCX q.x1.q11#collCX 
--------------------------------------------------------------------------------
461	4.542800e-02	-1.03630e+00	1.435757e+01	-9.74456e+00	
462	4.552800e-02	-1.03632e+00	1.435757e+01	-9.69657e+00	
463	4.562800e-02	-1.03632e+00	1.435757e+01	-9.63837e+00	
464	4.572800e-02	-1.03634e+00	1.435757e+01	-9.57045e+00	
465	4.582800e-02	-1.03634e+00	1.435757e+01	-9.49247e+00	
466	4.592800e-02	-1.03636e+00	1.435757e+01	-9.40489e+00	
467	4.602800e-02	-1.03637e+00	1.435757e+01	-9.30744e+00	
468	4.612800e-02	-1.03639e+00	1.435757e+01	-9.20054e+00	
469	4.622800e-02	-1.03639e+00	1.435757e+01	-9.08399e+00	
470	4.632800e-02	-1.03641e+00	1.435757e+01	-8.95820e+00	
471	4.642800e-02	-1.03642e+00	1.435757e+01	-8.82300e+00	
472	4.652800e-02	-1.03644e+00	1.435757e+01	-8.67881e+00	
473	4.662800e-02	-1.03644e+00	1.435757e+01	-8.52550e+00	
474	4.672800e-02	-1.03646e+00	1.435757e+01	-8.36348e+00	
475	4.682800e-02	-1.03647e+00	1.435757e+01	-8.19266e+00	
476	4.692800e-02	-1.03649e+00	1.435757e+01	-8.01344e+00	
477	4.702800e-02	-1.03650e+00	1.435757e+01	-7.82577e+00	
478	4.712800e-02	-1.03651e+00	1.435757e+01	-7.63006e+00	
479	4.722800e-02	-1.03652e+00	1.435757e+01	-7.42628e+00	
480	4.732800e-02	-1.03654e+00	1.435757e+01	-7.21483e+00	
481	4.742800e-02	-1.03655e+00	1.435757e+01	-6.99573e+00	
482	4.752800e-02	-1.03656e+00	1.435757e+01	-6.76937e+00	
483	4.762800e-02	-1.03657e+00	1.435757e+01	-6.53580e+00	
484	4.772800e-02	-1.03659e+00	1.435757e+01	-6.29542e+00	
485	4.782800e-02	-1.03660e+00	1.435757e+01	-6.04829e+00	
486	4.792800e-02	-1.03661e+00	1.435757e+01	-5.79481e+00	
487	4.802800e-02	-1.03662e+00	1.435757e+01	-5.53507e+00	
488	4.812800e-02	-1.03664e+00	1.435757e+01	-5.26947e+00	
489	4.822800e-02	-1.03665e+00	1.435757e+01	-4.99812e+00	
490	4.832800e-02	-1.03666e+00	1.435757e+01	-4.72141e+00	
491	4.842800e-02	-1.03667e+00	1.435757e+01	-4.43948e+00	
492	4.852800e-02	-1.03668e+00	1.435757e+01	-4.15271e+00	
493	4.862800e-02	-1.03669e+00	1.435757e+01	-3.86127e+00	
494	4.872800e-02	-1.03671e+00	1.435757e+01	-3.56551e+00	
495	4.882800e-02	-1.03671e+00	1.435757e+01	-3.26561e+00	
496	4.892800e-02	-1.03673e+00	1.435757e+01	-2.96194e+00	
497	4.902800e-02	-1.03674e+00	1.435757e+01	-2.65465e+00	
498	4.912800e-02	-1.03675e+00	1.435757e+01	-2.34409e+00	
499	4.922800e-02	-1.03676e+00	1.435757e+01	-2.03041e+00	
500	4.932800e-02	-1.03677e+00	1.435757e+01	-1.71391e+00	
501	4.942800e-02	-1.03677e+00	1.435757e+01	-1.39467e+00	
502	4.952800e-02	-1.03678e+00	1.435757e+01	-1.07286e+00	
503	4.962800e-02	-1.03679e+00	1.435757e+01	-7.48352e-01	
504	4.972800e-02	-1.03680e+00	1.435757e+01	-4.20794e-01	
505	4.982800e-02	-1.03682e+00	1.435757e+01	-8.85130e-02	
506	4.992800e-02	-1.03684e+00	1.435757e+01	2.543937e-01	
507	5.002800e-02	-1.03693e+00	1.435757e+01	6.496180e-01	
508	5.012800e-02	-1.03678e+00	1.435757e+01	1.005335e+00	
509	5.022800e-02	-1.03689e+00	1.435757e+01	1.336092e+00	
510	5.032800e-02	-1.03678e+00	1.435757e+01	1.663542e+00	
511	5.042800e-02	-1.03689e+00	1.435757e+01	1.984867e+00	
512	5.052800e-02	-1.03679e+00	1.435757e+01	2.305782e+00	
513	5.062800e-02	-1.03689e+00	1.435757e+01	2.621679e+00	
514	5.072800e-02	-1.03680e+00	1.435757e+01	2.937317e+00	
515	5.082800e-02	-1.03689e+00	1.435757e+01	3.247966e+00	
516	5.092800e-02	-1.03681e+00	1.435757e+01	3.557797e+00	
517	5.102800e-02	-1.03689e+00	1.435757e+01	3.862416e+00	
518	5.112800e-02	-1.03682e+00	1.435757e+01	4.165563e+00	

Index   time            q.x1.q9#collCX  q.x1.q10#collCX q.x1.q11#collCX 
--------------------------------------------------------------------------------
519	5.122800e-02	-1.03689e+00	1.435757e+01	4.463178e+00	
520	5.132800e-02	-1.03682e+00	1.435757e+01	4.758638e+00	
521	5.142800e-02	-1.03689e+00	1.435757e+01	5.048202e+00	
522	5.152800e-02	-1.03682e+00	1.435757e+01	5.334928e+00	
523	5.162800e-02	-1.03688e+00	1.435757e+01	5.615376e+00	
524	5.172800e-02	-1.03682e+00	1.435757e+01	5.892319e+00	
525	5.182800e-02	-1.03688e+00	1.435757e+01	6.162594e+00	
526	5.192800e-02	-1.03682e+00	1.435757e+01	6.428719e+00	
527	5.202800e-02	-1.03687e+00	1.435757e+01	6.687788e+00	
528	5.212800e-02	-1.03682e+00	1.435757e+01	6.942088e+00	
529	5.222800e-02	-1.03687e+00	1.435757e+01	7.188951e+00	
530	5.232800e-02	-1.03682e+00	1.435757e+01	7.430457e+00	
531	5.242800e-02	-1.03686e+00	1.435757e+01	7.664156e+00	
532	5.252800e-02	-1.03681e+00	1.435757e+01	7.891943e+00	
533	5.262800e-02	-1.03685e+00	1.435757e+01	8.111567e+00	
534	5.272800e-02	-1.03681e+00	1.435757e+01	8.324756e+00	
535	5.282800e-02	-1.03684e+00	1.435757e+01	8.529448e+00	
536	5.292800e-02	-1.03680e+00	1.435757e+01	8.727216e+00	
537	5.302800e-02	-1.03683e+00	1.435757e+01	8.916172e+00	
538	5.312800e-02	-1.03679e+00	1.435757e+01	9.097754e+00	
539	5.322800e-02	-1.03682e+00	1.435757e+01	9.270234e+00	
540	5.332800e-02	-1.03678e+00	1.435757e+01	9.434925e+00	
541	5.342800e-02	-1.03680e+00	1.435757e+01	9.590250e+00	
542	5.352800e-02	-1.03677e+00	1.435757e+01	9.737412e+00	
543	5.362800e-02	-1.03679e+00	1.435757e+01	9.874971e+00	
544	5.372800e-02	-1.03676e+00	1.435757e+01	1.000403e+01	
545	5.382800e-02	-1.03677e+00	1.435757e+01	1.012328e+01	
546	5.392800e-02	-1.03675e+00	1.435757e+01	1.023374e+01	
547	5.402800e-02	-1.03676e+00	1.435757e+01	1.033421e+01	
548	5.412800e-02	-1.03673e+00	1.435757e+01	1.042564e+01	
549	5.422800e-02	-1.03674e+00	1.435757e+01	1.050693e+01	
550	5.432800e-02	-1.03672e+00	1.435757e+01	1.057897e+01	
551	5.442800e-02	-1.03672e+00	1.435757e+01	1.064077e+01	
552	5.452800e-02	-1.03670e+00	1.435757e+01	1.069314e+01	
553	5.462800e-02	-1.03671e+00	1.435757e+01	1.073519e+01	
554	5.472800e-02	-1.03668e+00	1.435757e+01	1.076769e+01	
555	5.482800e-02	-1.03669e+00	1.435757e+01	1.078984e+01	
556	5.492800e-02	-1.03667e+00	1.435757e+01	1.080234e+01	
557	5.502800e-02	-1.03667e+00	1.435757e+01	1.080449e+01	
558	5.512800e-02	-1.03665e+00	1.435757e+01	1.079695e+01	
559	5.522800e-02	-1.03665e+00	1.435757e+01	1.077909e+01	
560	5.532800e-02	-1.03663e+00	1.435757e+01	1.075154e+01	
561	5.542800e-02	-1.03663e+00	1.435757e+01	1.071374e+01	
562	5.552800e-02	-1.03661e+00	1.435757e+01	1.066629e+01	
563	5.562800e-02	-1.03661e+00	1.435757e+01	1.060870e+01	
564	5.572800e-02	-1.03659e+00	1.435757e+01	1.054153e+01	
565	5.582800e-02	-1.03659e+00	1.435757e+01	1.046437e+01	
566	5.592800e-02	-1.03657e+00	1.435757e+01	1.037775e+01	
567	5.602800e-02	-1.03657e+00	1.435757e+01	1.028132e+01	
568	5.612800e-02	-1.03655e+00	1.435757e+01	1.017560e+01	
569	5.622800e-02	-1.03655e+00	1.435757e+01	1.006028e+01	
570	5.632800e-02	-1.03653e+00	1.435757e+01	9.935858e+00	
571	5.642800e-02	-1.03653e+00	1.435757e+01	9.802095e+00	
572	5.652800e-02	-1.03651e+00	1.435757e+01	9.659473e+00	
573	5.662800e-02	-1.03651e+00	1.435757e+01	9.507792e+00	
574	5.672800e-02	-1.03649e+00	1.435757e+01	9.347525e+00	
575	5.682800e-02	-1.03649e+00	1.435757e+01	9.178517e+00	
576	5.692800e-02	-1.03647e+00	1.435757e+01	9.001232e+00	

Index   time            q.x1.q9#collCX  q.x1.q10#collCX q.x1.q11#collCX 
--------------------------------------------------------------------------------
577	5.702800e-02	-1.03647e+00	1.435757e+01	8.815557e+00	
578	5.712800e-02	-1.03645e+00	1.435757e+01	8.621946e+00	
579	5.722800e-02	-1.03645e+00	1.435757e+01	8.420328e+00	
580	5.732800e-02	-1.03643e+00	1.435757e+01	8.211148e+00	
581	5.742800e-02	-1.03643e+00	1.435757e+01	7.994371e+00	
582	5.752800e-02	-1.03641e+00	1.435757e+01	7.770436e+00	
583	5.762800e-02	-1.03641e+00	1.435757e+01	7.539342e+00	
584	5.772800e-02	-1.03639e+00	1.435757e+01	7.301522e+00	
585	5.782800e-02	-1.03639e+00	1.435757e+01	7.057005e+00	
586	5.792800e-02	-1.03637e+00	1.435757e+01	6.806218e+00	
587	5.802800e-02	-1.03637e+00	1.435757e+01	6.549221e+00	
588	5.812800e-02	-1.03636e+00	1.435757e+01	6.286435e+00	
589	5.822800e-02	-1.03635e+00	1.435757e+01	6.017943e+00	
590	5.832800e-02	-1.03634e+00	1.435757e+01	5.744161e+00	
591	5.842800e-02	-1.03633e+00	1.435757e+01	5.465195e+00	
592	5.852800e-02	-1.03632e+00	1.435757e+01	5.181452e+00	
593	5.862800e-02	-1.03631e+00	1.435757e+01	4.893058e+00	
594	5.872800e-02	-1.03630e+00	1.435757e+01	4.600410e+00	
595	5.882800e-02	-1.03630e+00	1.435757e+01	4.303645e+00	
596	5.892800e-02	-1.03629e+00	1.435757e+01	4.003149e+00	
597	5.902800e-02	-1.03628e+00	1.435757e+01	3.699061e+00	
598	5.912800e-02	-1.03627e+00	1.435757e+01	3.391743e+00	
599	5.922800e-02	-1.03627e+00	1.435757e+01	3.081323e+00	
600	5.932800e-02	-1.03626e+00	1.435757e+01	2.768111e+00	
601	5.942800e-02	-1.03625e+00	1.435757e+01	2.452177e+00	
602	5.952800e-02	-1.03624e+00	1.435757e+01	2.133705e+00	
603	5.962800e-02	-1.03624e+00	1.435757e+01	1.812544e+00	
604	5.972800e-02	-1.03623e+00	1.435757e+01	1.488387e+00	
605	5.982800e-02	-1.03622e+00	1.435757e+01	1.159605e+00	
606	5.992800e-02	-1.03620e+00	1.435757e+01	8.206773e-01	
607	6.002800e-02	-1.03610e+00	1.435757e+01	4.285706e-01	
608	6.012800e-02	-1.03624e+00	1.435757e+01	6.771201e-02	
609	6.022800e-02	-1.03614e+00	1.435757e+01	-2.66886e-01	
610	6.032800e-02	-1.03623e+00	1.435757e+01	-5.98128e-01	
611	6.042800e-02	-1.03614e+00	1.435757e+01	-9.22606e-01	
612	6.052800e-02	-1.03622e+00	1.435757e+01	-1.24652e+00	
613	6.062800e-02	-1.03613e+00	1.435757e+01	-1.56593e+00	
614	6.072800e-02	-1.03621e+00	1.435757e+01	-1.88469e+00	
615	6.082800e-02	-1.03613e+00	1.435757e+01	-2.19879e+00	
616	6.092800e-02	-1.03620e+00	1.435757e+01	-2.51170e+00	
617	6.102800e-02	-1.03612e+00	1.435757e+01	-2.81970e+00	
618	6.112800e-02	-1.03619e+00	1.435757e+01	-3.12589e+00	
619	6.122800e-02	-1.03612e+00	1.435757e+01	-3.42680e+00	
620	6.132800e-02	-1.03618e+00	1.435757e+01	-3.72524e+00	
621	6.142800e-02	-1.03611e+00	1.435757e+01	-4.01802e+00	
622	6.152800e-02	-1.03617e+00	1.435757e+01	-4.30766e+00	
623	6.162800e-02	-1.03611e+00	1.435757e+01	-4.59122e+00	
624	6.172800e-02	-1.03616e+00	1.435757e+01	-4.87099e+00	
625	6.182800e-02	-1.03611e+00	1.435757e+01	-5.14427e+00	
626	6.192800e-02	-1.03616e+00	1.435757e+01	-5.41312e+00	
627	6.202800e-02	-1.03611e+00	1.435757e+01	-5.67507e+00	
628	6.212800e-02	-1.03615e+00	1.435757e+01	-5.93199e+00	
629	6.222800e-02	-1.03611e+00	1.435757e+01	-6.18160e+00	
630	6.232800e-02	-1.03615e+00	1.435757e+01	-6.42561e+00	
631	6.242800e-02	-1.03611e+00	1.435757e+01	-6.66191e+00	
632	6.252800e-02	-1.03615e+00	1.435757e+01	-6.89206e+00	
633	6.262800e-02	-1.03612e+00	1.435757e+01	-7.11414e+00	
634	6.272800e-02	-1.03615e+00	1.435757e+01	-7.32954e+00	

Index   time            q.x1.q9#collCX  q.x1.q10#collCX q.x1.q11#collCX 
--------------------------------------------------------------------------------
635	6.282800e-02	-1.03612e+00	1.435757e+01	-7.53653e+00	
636	6.292800e-02	-1.03615e+00	1.435757e+01	-7.73636e+00	
637	6.302800e-02	-1.03613e+00	1.435757e+01	-7.92743e+00	
638	6.312800e-02	-1.03615e+00	1.435757e+01	-8.11091e+00	
639	6.322800e-02	-1.03613e+00	1.435757e+01	-8.28533e+00	
640	6.332800e-02	-1.03616e+00	1.435757e+01	-8.45174e+00	
641	6.342800e-02	-1.03614e+00	1.435757e+01	-8.60882e+00	
642	6.352800e-02	-1.03617e+00	1.435757e+01	-8.75752e+00	
643	6.362800e-02	-1.03615e+00	1.435757e+01	-8.89663e+00	
644	6.372800e-02	-1.03618e+00	1.435757e+01	-9.02704e+00	
645	6.382800e-02	-1.03616e+00	1.435757e+01	-9.14764e+00	
646	6.392800e-02	-1.03619e+00	1.435757e+01	-9.25925e+00	
647	6.402800e-02	-1.03617e+00	1.435757e+01	-9.36087e+00	
648	6.412800e-02	-1.03620e+00	1.435757e+01	-9.45325e+00	
649	6.422800e-02	-1.03619e+00	1.435757e+01	-9.53548e+00	
650	6.432800e-02	-1.03621e+00	1.435757e+01	-9.60826e+00	
651	6.442800e-02	-1.03620e+00	1.435757e+01	-9.67078e+00	
652	6.452800e-02	-1.03622e+00	1.435757e+01	-9.72368e+00	
653	6.462800e-02	-1.03622e+00	1.435757e+01	-9.76624e+00	
654	6.472800e-02	-1.03624e+00	1.435757e+01	-9.79905e+00	
655	6.482800e-02	-1.03624e+00	1.435757e+01	-9.82148e+00	
656	6.492800e-02	-1.03626e+00	1.435757e+01	-9.83409e+00	
657	6.502800e-02	-1.03626e+00	1.435757e+01	-9.83630e+00	
658	6.512800e-02	-1.03628e+00	1.435757e+01	-9.82865e+00	
659	6.522800e-02	-1.03628e+00	1.435757e+01	-9.81062e+00	
660	6.532800e-02	-1.03630e+00	1.435757e+01	-9.78275e+00	
661	6.542800e-02	-1.03630e+00	1.435757e+01	-9.74456e+00	
662	6.552800e-02	-1.03632e+00	1.435757e+01	-9.69657e+00	
663	6.562800e-02	-1.03632e+00	1.435757e+01	-9.63837e+00	
664	6.572800e-02	-1.03634e+00	1.435757e+01	-9.57045e+00	
665	6.582800e-02	-1.03634e+00	1.435757e+01	-9.49247e+00	
666	6.592800e-02	-1.03636e+00	1.435757e+01	-9.40489e+00	
667	6.602800e-02	-1.03637e+00	1.435757e+01	-9.30744e+00	
668	6.612800e-02	-1.03639e+00	1.435757e+01	-9.20054e+00	
669	6.622800e-02	-1.03639e+00	1.435757e+01	-9.08399e+00	
670	6.632800e-02	-1.03641e+00	1.435757e+01	-8.95820e+00	
671	6.642800e-02	-1.03642e+00	1.435757e+01	-8.82300e+00	
672	6.652800e-02	-1.03644e+00	1.435757e+01	-8.67881e+00	
673	6.662800e-02	-1.03644e+00	1.435757e+01	-8.52550e+00	
674	6.672800e-02	-1.03646e+00	1.435757e+01	-8.36348e+00	
675	6.682800e-02	-1.03647e+00	1.435757e+01	-8.19266e+00	
676	6.692800e-02	-1.03649e+00	1.435757e+01	-8.01344e+00	
677	6.702800e-02	-1.03650e+00	1.435757e+01	-7.82577e+00	
678	6.712800e-02	-1.03651e+00	1.435757e+01	-7.63006e+00	
679	6.722800e-02	-1.03652e+00	1.435757e+01	-7.42628e+00	
680	6.732800e-02	-1.03654e+00	1.435757e+01	-7.21483e+00	
681	6.742800e-02	-1.03655e+00	1.435757e+01	-6.99573e+00	
682	6.752800e-02	-1.03656e+00	1.435757e+01	-6.76937e+00	
683	6.762800e-02	-1.03657e+00	1.435757e+01	-6.53580e+00	
684	6.772800e-02	-1.03659e+00	1.435757e+01	-6.29542e+00	
685	6.782800e-02	-1.03660e+00	1.435757e+01	-6.04829e+00	
686	6.792800e-02	-1.03661e+00	1.435757e+01	-5.79481e+00	
687	6.802800e-02	-1.03662e+00	1.435757e+01	-5.53507e+00	
688	6.812800e-02	-1.03664e+00	1.435757e+01	-5.26947e+00	
689	6.822800e-02	-1.03665e+00	1.435757e+01	-4.99812e+00	
690	6.832800e-02	-1.03666e+00	1.435757e+01	-4.72141e+00	
691	6.842800e-02	-1.03667e+00	1.435757e+01	-4.43948e+00	
692	6.852800e-02	-1.03668e+00	1.435757e+01	-4.15271e+00	

Index   time            q.x1.q9#collCX  q.x1.q10#collCX q.x1.q11#collCX 
--------------------------------------------------------------------------------
693	6.862800e-02	-1.03669e+00	1.435757e+01	-3.86127e+00	
694	6.872800e-02	-1.03671e+00	1.435757e+01	-3.56551e+00	
695	6.882800e-02	-1.03671e+00	1.435757e+01	-3.26561e+00	
696	6.892800e-02	-1.03673e+00	1.435757e+01	-2.96194e+00	
697	6.902800e-02	-1.03674e+00	1.435757e+01	-2.65465e+00	
698	6.912800e-02	-1.03675e+00	1.435757e+01	-2.34409e+00	
699	6.922800e-02	-1.03676e+00	1.435757e+01	-2.03041e+00	
700	6.932800e-02	-1.03677e+00	1.435757e+01	-1.71391e+00	
701	6.942800e-02	-1.03677e+00	1.435757e+01	-1.39467e+00	
702	6.952800e-02	-1.03679e+00	1.435757e+01	-1.07286e+00	
703	6.962800e-02	-1.03679e+00	1.435757e+01	-7.48353e-01	
704	6.972800e-02	-1.03680e+00	1.435757e+01	-4.20794e-01	
705	6.982800e-02	-1.03682e+00	1.435757e+01	-8.85131e-02	
706	6.992800e-02	-1.03684e+00	1.435757e+01	2.543938e-01	
707	7.002800e-02	-1.03693e+00	1.435757e+01	6.496172e-01	
708	7.012800e-02	-1.03678e+00	1.435757e+01	1.005335e+00	
709	7.022800e-02	-1.03689e+00	1.435757e+01	1.336092e+00	
710	7.032800e-02	-1.03678e+00	1.435757e+01	1.663542e+00	
711	7.042800e-02	-1.03689e+00	1.435757e+01	1.984867e+00	
712	7.052800e-02	-1.03679e+00	1.435757e+01	2.305782e+00	
713	7.062800e-02	-1.03689e+00	1.435757e+01	2.621679e+00	
714	7.072800e-02	-1.03680e+00	1.435757e+01	2.937317e+00	
715	7.082800e-02	-1.03689e+00	1.435757e+01	3.247966e+00	
716	7.092800e-02	-1.03681e+00	1.435757e+01	3.557798e+00	
717	7.102800e-02	-1.03689e+00	1.435757e+01	3.862416e+00	
718	7.112800e-02	-1.03682e+00	1.435757e+01	4.165564e+00	
719	7.122800e-02	-1.03689e+00	1.435757e+01	4.463178e+00	
720	7.132800e-02	-1.03682e+00	1.435757e+01	4.758638e+00	
721	7.142800e-02	-1.03689e+00	1.435757e+01	5.048201e+00	
722	7.152800e-02	-1.03682e+00	1.435757e+01	5.334929e+00	
723	7.162800e-02	-1.03688e+00	1.435757e+01	5.615376e+00	
724	7.172800e-02	-1.03682e+00	1.435757e+01	5.892320e+00	
725	7.182800e-02	-1.03688e+00	1.435757e+01	6.162594e+00	
726	7.192800e-02	-1.03682e+00	1.435757e+01	6.428719e+00	
727	7.202800e-02	-1.03687e+00	1.435757e+01	6.687787e+00	
728	7.212800e-02	-1.03682e+00	1.435757e+01	6.942088e+00	
729	7.222800e-02	-1.03687e+00	1.435757e+01	7.188951e+00	
730	7.232800e-02	-1.03682e+00	1.435757e+01	7.430458e+00	
731	7.242800e-02	-1.03686e+00	1.435757e+01	7.664156e+00	
732	7.252800e-02	-1.03682e+00	1.435757e+01	7.891943e+00	
733	7.262800e-02	-1.03685e+00	1.435757e+01	8.111567e+00	
734	7.272800e-02	-1.03681e+00	1.435757e+01	8.324756e+00	
735	7.282800e-02	-1.03684e+00	1.435757e+01	8.529447e+00	
736	7.292800e-02	-1.03680e+00	1.435757e+01	8.727216e+00	
737	7.302800e-02	-1.03683e+00	1.435757e+01	8.916172e+00	
738	7.312800e-02	-1.03679e+00	1.435757e+01	9.097754e+00	
739	7.322800e-02	-1.03682e+00	1.435757e+01	9.270233e+00	
740	7.332800e-02	-1.03678e+00	1.435757e+01	9.434925e+00	
741	7.342800e-02	-1.03680e+00	1.435757e+01	9.590250e+00	
742	7.352800e-02	-1.03677e+00	1.435757e+01	9.737412e+00	
743	7.362800e-02	-1.03679e+00	1.435757e+01	9.874970e+00	
744	7.372800e-02	-1.03676e+00	1.435757e+01	1.000403e+01	
745	7.382800e-02	-1.03677e+00	1.435757e+01	1.012328e+01	
746	7.392800e-02	-1.03675e+00	1.435757e+01	1.023374e+01	
747	7.402800e-02	-1.03676e+00	1.435757e+01	1.033421e+01	
748	7.412800e-02	-1.03673e+00	1.435757e+01	1.042564e+01	
749	7.422800e-02	-1.03674e+00	1.435757e+01	1.050693e+01	
750	7.432800e-02	-1.03672e+00	1.435757e+01	1.057897e+01	

Index   time            q.x1.q9#collCX  q.x1.q10#collCX q.x1.q11#collCX 
--------------------------------------------------------------------------------
751	7.442800e-02	-1.03672e+00	1.435757e+01	1.064077e+01	
752	7.452800e-02	-1.03670e+00	1.435757e+01	1.069314e+01	
753	7.462800e-02	-1.03671e+00	1.435757e+01	1.073519e+01	
754	7.472800e-02	-1.03668e+00	1.435757e+01	1.076769e+01	
755	7.482800e-02	-1.03669e+00	1.435757e+01	1.078984e+01	
756	7.492800e-02	-1.03667e+00	1.435757e+01	1.080234e+01	
757	7.502800e-02	-1.03667e+00	1.435757e+01	1.080449e+01	
758	7.512800e-02	-1.03665e+00	1.435757e+01	1.079695e+01	
759	7.522800e-02	-1.03665e+00	1.435757e+01	1.077909e+01	
760	7.532800e-02	-1.03663e+00	1.435757e+01	1.075154e+01	
761	7.542800e-02	-1.03663e+00	1.435757e+01	1.071374e+01	
762	7.552800e-02	-1.03661e+00	1.435757e+01	1.066629e+01	
763	7.562800e-02	-1.03661e+00	1.435757e+01	1.060870e+01	
764	7.572800e-02	-1.03659e+00	1.435757e+01	1.054153e+01	
765	7.582800e-02	-1.03659e+00	1.435757e+01	1.046437e+01	
766	7.592800e-02	-1.03657e+00	1.435757e+01	1.037775e+01	
767	7.602800e-02	-1.03657e+00	1.435757e+01	1.028132e+01	
768	7.612800e-02	-1.03655e+00	1.435757e+01	1.017560e+01	
769	7.622800e-02	-1.03655e+00	1.435757e+01	1.006028e+01	
770	7.632800e-02	-1.03653e+00	1.435757e+01	9.935858e+00	
771	7.642800e-02	-1.03653e+00	1.435757e+01	9.802095e+00	
772	7.652800e-02	-1.03651e+00	1.435757e+01	9.659473e+00	
773	7.662800e-02	-1.03651e+00	1.435757e+01	9.507792e+00	
774	7.672800e-02	-1.03649e+00	1.435757e+01	9.347525e+00	
775	7.682800e-02	-1.03649e+00	1.435757e+01	9.178517e+00	
776	7.692800e-02	-1.03647e+00	1.435757e+01	9.001232e+00	
777	7.702800e-02	-1.03647e+00	1.435757e+01	8.815557e+00	
778	7.712800e-02	-1.03645e+00	1.435757e+01	8.621946e+00	
779	7.722800e-02	-1.03645e+00	1.435757e+01	8.420328e+00	
780	7.732800e-02	-1.03643e+00	1.435757e+01	8.211148e+00	
781	7.742800e-02	-1.03643e+00	1.435757e+01	7.994371e+00	
782	7.752800e-02	-1.03641e+00	1.435757e+01	7.770436e+00	
783	7.762800e-02	-1.03641e+00	1.435757e+01	7.539342e+00	
784	7.772800e-02	-1.03639e+00	1.435757e+01	7.301522e+00	
785	7.782800e-02	-1.03639e+00	1.435757e+01	7.057005e+00	
786	7.792800e-02	-1.03637e+00	1.435757e+01	6.806219e+00	
787	7.802800e-02	-1.03637e+00	1.435757e+01	6.549221e+00	
788	7.812800e-02	-1.03636e+00	1.435757e+01	6.286435e+00	
789	7.822800e-02	-1.03635e+00	1.435757e+01	6.017943e+00	
790	7.832800e-02	-1.03634e+00	1.435757e+01	5.744161e+00	
791	7.842800e-02	-1.03633e+00	1.435757e+01	5.465195e+00	
792	7.852800e-02	-1.03632e+00	1.435757e+01	5.181452e+00	
793	7.862800e-02	-1.03631e+00	1.435757e+01	4.893057e+00	
794	7.872800e-02	-1.03630e+00	1.435757e+01	4.600410e+00	
795	7.882800e-02	-1.03630e+00	1.435757e+01	4.303645e+00	
796	7.892800e-02	-1.03629e+00	1.435757e+01	4.003149e+00	
797	7.902800e-02	-1.03628e+00	1.435757e+01	3.699061e+00	
798	7.912800e-02	-1.03627e+00	1.435757e+01	3.391743e+00	
799	7.922800e-02	-1.03627e+00	1.435757e+01	3.081322e+00	
800	7.932800e-02	-1.03626e+00	1.435757e+01	2.768111e+00	
801	7.942800e-02	-1.03625e+00	1.435757e+01	2.452177e+00	
802	7.952800e-02	-1.03624e+00	1.435757e+01	2.133705e+00	
803	7.962800e-02	-1.03624e+00	1.435757e+01	1.812544e+00	
804	7.972800e-02	-1.03623e+00	1.435757e+01	1.488388e+00	
805	7.982800e-02	-1.03622e+00	1.435757e+01	1.159605e+00	
806	7.992800e-02	-1.03620e+00	1.435757e+01	8.206774e-01	
807	8.002800e-02	-1.03610e+00	1.435757e+01	4.285710e-01	
808	8.012800e-02	-1.03624e+00	1.435757e+01	6.771150e-02	

Index   time            q.x1.q9#collCX  q.x1.q10#collCX q.x1.q11#collCX 
--------------------------------------------------------------------------------
809	8.022800e-02	-1.03614e+00	1.435757e+01	-2.66886e-01	
810	8.032800e-02	-1.03623e+00	1.435757e+01	-5.98128e-01	
811	8.042800e-02	-1.03614e+00	1.435757e+01	-9.22605e-01	
812	8.052800e-02	-1.03622e+00	1.435757e+01	-1.24652e+00	
813	8.062800e-02	-1.03613e+00	1.435757e+01	-1.56593e+00	
814	8.072800e-02	-1.03621e+00	1.435757e+01	-1.88469e+00	
815	8.082800e-02	-1.03613e+00	1.435757e+01	-2.19879e+00	
816	8.092800e-02	-1.03620e+00	1.435757e+01	-2.51170e+00	
817	8.102800e-02	-1.03612e+00	1.435757e+01	-2.81970e+00	
818	8.112800e-02	-1.03619e+00	1.435757e+01	-3.12589e+00	
819	8.122800e-02	-1.03612e+00	1.435757e+01	-3.42680e+00	
820	8.132800e-02	-1.03618e+00	1.435757e+01	-3.72524e+00	
821	8.142800e-02	-1.03611e+00	1.435757e+01	-4.01802e+00	
822	8.152800e-02	-1.03617e+00	1.435757e+01	-4.30766e+00	
823	8.162800e-02	-1.03611e+00	1.435757e+01	-4.59122e+00	
824	8.172800e-02	-1.03616e+00	1.435757e+01	-4.87099e+00	
825	8.182800e-02	-1.03611e+00	1.435757e+01	-5.14427e+00	
826	8.192800e-02	-1.03616e+00	1.435757e+01	-5.41312e+00	
827	8.202800e-02	-1.03611e+00	1.435757e+01	-5.67507e+00	
828	8.212800e-02	-1.03615e+00	1.435757e+01	-5.93199e+00	
829	8.222800e-02	-1.03611e+00	1.435757e+01	-6.18160e+00	
830	8.232800e-02	-1.03615e+00	1.435757e+01	-6.42561e+00	
831	8.242800e-02	-1.03611e+00	1.435757e+01	-6.66191e+00	
832	8.252800e-02	-1.03615e+00	1.435757e+01	-6.89206e+00	
833	8.262800e-02	-1.03612e+00	1.435757e+01	-7.11414e+00	
834	8.272800e-02	-1.03615e+00	1.435757e+01	-7.32954e+00	
835	8.282800e-02	-1.03612e+00	1.435757e+01	-7.53653e+00	
836	8.292800e-02	-1.03615e+00	1.435757e+01	-7.73636e+00	
837	8.302800e-02	-1.03613e+00	1.435757e+01	-7.92743e+00	
838	8.312800e-02	-1.03615e+00	1.435757e+01	-8.11091e+00	
839	8.322800e-02	-1.03613e+00	1.435757e+01	-8.28533e+00	
840	8.332800e-02	-1.03616e+00	1.435757e+01	-8.45174e+00	
841	8.342800e-02	-1.03614e+00	1.435757e+01	-8.60882e+00	
842	8.352800e-02	-1.03617e+00	1.435757e+01	-8.75752e+00	
843	8.362800e-02	-1.03615e+00	1.435757e+01	-8.89663e+00	
844	8.372800e-02	-1.03618e+00	1.435757e+01	-9.02704e+00	
845	8.382800e-02	-1.03616e+00	1.435757e+01	-9.14764e+00	
846	8.392800e-02	-1.03619e+00	1.435757e+01	-9.25926e+00	
847	8.402800e-02	-1.03617e+00	1.435757e+01	-9.36087e+00	
848	8.412800e-02	-1.03620e+00	1.435757e+01	-9.45325e+00	
849	8.422800e-02	-1.03619e+00	1.435757e+01	-9.53548e+00	
850	8.432800e-02	-1.03621e+00	1.435757e+01	-9.60826e+00	
851	8.442800e-02	-1.03620e+00	1.435757e+01	-9.67078e+00	
852	8.452800e-02	-1.03622e+00	1.435757e+01	-9.72368e+00	
853	8.462800e-02	-1.03622e+00	1.435757e+01	-9.76624e+00	
854	8.472800e-02	-1.03624e+00	1.435757e+01	-9.79905e+00	
855	8.482800e-02	-1.03624e+00	1.435757e+01	-9.82148e+00	
856	8.492800e-02	-1.03626e+00	1.435757e+01	-9.83409e+00	
857	8.502800e-02	-1.03626e+00	1.435757e+01	-9.83630e+00	
858	8.512800e-02	-1.03628e+00	1.435757e+01	-9.82865e+00	
859	8.522800e-02	-1.03628e+00	1.435757e+01	-9.81062e+00	
860	8.532800e-02	-1.03630e+00	1.435757e+01	-9.78275e+00	
861	8.542800e-02	-1.03630e+00	1.435757e+01	-9.74456e+00	
862	8.552800e-02	-1.03632e+00	1.435757e+01	-9.69657e+00	
863	8.562800e-02	-1.03632e+00	1.435757e+01	-9.63837e+00	
864	8.572800e-02	-1.03634e+00	1.435757e+01	-9.57045e+00	
865	8.582800e-02	-1.03634e+00	1.435757e+01	-9.49247e+00	
866	8.592800e-02	-1.03636e+00	1.435757e+01	-9.40489e+00	

Index   time            q.x1.q9#collCX  q.x1.q10#collCX q.x1.q11#collCX 
--------------------------------------------------------------------------------
867	8.602800e-02	-1.03637e+00	1.435757e+01	-9.30744e+00	
868	8.612800e-02	-1.03639e+00	1.435757e+01	-9.20054e+00	
869	8.622800e-02	-1.03639e+00	1.435757e+01	-9.08399e+00	
870	8.632800e-02	-1.03641e+00	1.435757e+01	-8.95820e+00	
871	8.642800e-02	-1.03642e+00	1.435757e+01	-8.82300e+00	
872	8.652800e-02	-1.03644e+00	1.435757e+01	-8.67881e+00	
873	8.662800e-02	-1.03644e+00	1.435757e+01	-8.52550e+00	
874	8.672800e-02	-1.03646e+00	1.435757e+01	-8.36348e+00	
875	8.682800e-02	-1.03647e+00	1.435757e+01	-8.19266e+00	
876	8.692800e-02	-1.03649e+00	1.435757e+01	-8.01344e+00	
877	8.702800e-02	-1.03650e+00	1.435757e+01	-7.82577e+00	
878	8.712800e-02	-1.03651e+00	1.435757e+01	-7.63006e+00	
879	8.722800e-02	-1.03652e+00	1.435757e+01	-7.42628e+00	
880	8.732800e-02	-1.03654e+00	1.435757e+01	-7.21483e+00	
881	8.742800e-02	-1.03655e+00	1.435757e+01	-6.99573e+00	
882	8.752800e-02	-1.03656e+00	1.435757e+01	-6.76937e+00	
883	8.762800e-02	-1.03657e+00	1.435757e+01	-6.53580e+00	
884	8.772800e-02	-1.03659e+00	1.435757e+01	-6.29542e+00	
885	8.782800e-02	-1.03660e+00	1.435757e+01	-6.04829e+00	
886	8.792800e-02	-1.03661e+00	1.435757e+01	-5.79481e+00	
887	8.802800e-02	-1.03662e+00	1.435757e+01	-5.53507e+00	
888	8.812800e-02	-1.03664e+00	1.435757e+01	-5.26947e+00	
889	8.822800e-02	-1.03665e+00	1.435757e+01	-4.99812e+00	
890	8.832800e-02	-1.03666e+00	1.435757e+01	-4.72141e+00	
891	8.842800e-02	-1.03667e+00	1.435757e+01	-4.43948e+00	
892	8.852800e-02	-1.03668e+00	1.435757e+01	-4.15271e+00	
893	8.862800e-02	-1.03669e+00	1.435757e+01	-3.86127e+00	
894	8.872800e-02	-1.03671e+00	1.435757e+01	-3.56551e+00	
895	8.882800e-02	-1.03671e+00	1.435757e+01	-3.26561e+00	
896	8.892800e-02	-1.03673e+00	1.435757e+01	-2.96193e+00	
897	8.902800e-02	-1.03674e+00	1.435757e+01	-2.65465e+00	
898	8.912800e-02	-1.03675e+00	1.435757e+01	-2.34409e+00	
899	8.922800e-02	-1.03676e+00	1.435757e+01	-2.03041e+00	
900	8.932800e-02	-1.03677e+00	1.435757e+01	-1.71391e+00	
901	8.942800e-02	-1.03677e+00	1.435757e+01	-1.39467e+00	
902	8.952800e-02	-1.03679e+00	1.435757e+01	-1.07286e+00	
903	8.962800e-02	-1.03679e+00	1.435757e+01	-7.48353e-01	
904	8.972800e-02	-1.03680e+00	1.435757e+01	-4.20794e-01	
905	8.982800e-02	-1.03682e+00	1.435757e+01	-8.85132e-02	
906	8.992800e-02	-1.03684e+00	1.435757e+01	2.543939e-01	
907	9.002800e-02	-1.03693e+00	1.435757e+01	6.496165e-01	
908	9.012800e-02	-1.03678e+00	1.435757e+01	1.005336e+00	
909	9.022800e-02	-1.03689e+00	1.435757e+01	1.336091e+00	
910	9.032800e-02	-1.03678e+00	1.435757e+01	1.663543e+00	
911	9.042800e-02	-1.03689e+00	1.435757e+01	1.984866e+00	
912	9.052800e-02	-1.03679e+00	1.435757e+01	2.305783e+00	
913	9.062800e-02	-1.03689e+00	1.435757e+01	2.621679e+00	
914	9.072800e-02	-1.03680e+00	1.435757e+01	2.937318e+00	
915	9.082800e-02	-1.03689e+00	1.435757e+01	3.247965e+00	
916	9.092800e-02	-1.03681e+00	1.435757e+01	3.557798e+00	
917	9.102800e-02	-1.03689e+00	1.435757e+01	3.862415e+00	
918	9.112800e-02	-1.03682e+00	1.435757e+01	4.165564e+00	
919	9.122800e-02	-1.03689e+00	1.435757e+01	4.463177e+00	
920	9.132800e-02	-1.03682e+00	1.435757e+01	4.758639e+00	
921	9.142800e-02	-1.03689e+00	1.435757e+01	5.048201e+00	
922	9.152800e-02	-1.03682e+00	1.435757e+01	5.334929e+00	
923	9.162800e-02	-1.03688e+00	1.435757e+01	5.615375e+00	
924	9.172800e-02	-1.03682e+00	1.435757e+01	5.892320e+00	

Index   time            q.x1.q9#collCX  q.x1.q10#collCX q.x1.q11#collCX 
--------------------------------------------------------------------------------
925	9.182800e-02	-1.03688e+00	1.435757e+01	6.162593e+00	
926	9.192800e-02	-1.03682e+00	1.435757e+01	6.428720e+00	
927	9.202800e-02	-1.03687e+00	1.435757e+01	6.687787e+00	
928	9.212800e-02	-1.03682e+00	1.435757e+01	6.942089e+00	
929	9.222800e-02	-1.03687e+00	1.435757e+01	7.188950e+00	
930	9.232800e-02	-1.03682e+00	1.435757e+01	7.430458e+00	
931	9.242800e-02	-1.03686e+00	1.435757e+01	7.664156e+00	
932	9.252800e-02	-1.03682e+00	1.435757e+01	7.891943e+00	
933	9.262800e-02	-1.03685e+00	1.435757e+01	8.111567e+00	
934	9.272800e-02	-1.03681e+00	1.435757e+01	8.324756e+00	
935	9.282800e-02	-1.03684e+00	1.435757e+01	8.529447e+00	
936	9.292800e-02	-1.03680e+00	1.435757e+01	8.727216e+00	
937	9.302800e-02	-1.03683e+00	1.435757e+01	8.916172e+00	
938	9.312800e-02	-1.03679e+00	1.435757e+01	9.097754e+00	
939	9.322800e-02	-1.03682e+00	1.435757e+01	9.270233e+00	
940	9.332800e-02	-1.03678e+00	1.435757e+01	9.434926e+00	
941	9.342800e-02	-1.03680e+00	1.435757e+01	9.590250e+00	
942	9.352800e-02	-1.03677e+00	1.435757e+01	9.737412e+00	
943	9.362800e-02	-1.03679e+00	1.435757e+01	9.874970e+00	
944	9.372800e-02	-1.03676e+00	1.435757e+01	1.000403e+01	
945	9.382800e-02	-1.03677e+00	1.435757e+01	1.012328e+01	
946	9.392800e-02	-1.03675e+00	1.435757e+01	1.023374e+01	
947	9.402800e-02	-1.03676e+00	1.435757e+01	1.033421e+01	
948	9.412800e-02	-1.03673e+00	1.435757e+01	1.042564e+01	
949	9.422800e-02	-1.03674e+00	1.435757e+01	1.050693e+01	
950	9.432800e-02	-1.03672e+00	1.435757e+01	1.057897e+01	
951	9.442800e-02	-1.03672e+00	1.435757e+01	1.064077e+01	
952	9.452800e-02	-1.03670e+00	1.435757e+01	1.069314e+01	
953	9.462800e-02	-1.03671e+00	1.435757e+01	1.073519e+01	
954	9.472800e-02	-1.03668e+00	1.435757e+01	1.076769e+01	
955	9.482800e-02	-1.03669e+00	1.435757e+01	1.078984e+01	
956	9.492800e-02	-1.03667e+00	1.435757e+01	1.080234e+01	
957	9.502800e-02	-1.03667e+00	1.435757e+01	1.080449e+01	
958	9.512800e-02	-1.03665e+00	1.435757e+01	1.079695e+01	
959	9.522800e-02	-1.03665e+00	1.435757e+01	1.077909e+01	
960	9.532800e-02	-1.03663e+00	1.435757e+01	1.075154e+01	
961	9.542800e-02	-1.03663e+00	1.435757e+01	1.071374e+01	
962	9.552800e-02	-1.03661e+00	1.435757e+01	1.066629e+01	
963	9.562800e-02	-1.03661e+00	1.435757e+01	1.060870e+01	
964	9.572800e-02	-1.03659e+00	1.435757e+01	1.054153e+01	
965	9.582800e-02	-1.03659e+00	1.435757e+01	1.046437e+01	
966	9.592800e-02	-1.03657e+00	1.435757e+01	1.037775e+01	
967	9.602800e-02	-1.03657e+00	1.435757e+01	1.028132e+01	
968	9.612800e-02	-1.03655e+00	1.435757e+01	1.017560e+01	
969	9.622800e-02	-1.03655e+00	1.435757e+01	1.006028e+01	
970	9.632800e-02	-1.03653e+00	1.435757e+01	9.935858e+00	
971	9.642800e-02	-1.03653e+00	1.435757e+01	9.802095e+00	
972	9.652800e-02	-1.03651e+00	1.435757e+01	9.659474e+00	
973	9.662800e-02	-1.03651e+00	1.435757e+01	9.507792e+00	
974	9.672800e-02	-1.03649e+00	1.435757e+01	9.347525e+00	
975	9.682800e-02	-1.03649e+00	1.435757e+01	9.178517e+00	
976	9.692800e-02	-1.03647e+00	1.435757e+01	9.001232e+00	
977	9.702800e-02	-1.03647e+00	1.435757e+01	8.815557e+00	
978	9.712800e-02	-1.03645e+00	1.435757e+01	8.621947e+00	
979	9.722800e-02	-1.03645e+00	1.435757e+01	8.420328e+00	
980	9.732800e-02	-1.03643e+00	1.435757e+01	8.211149e+00	
981	9.742800e-02	-1.03643e+00	1.435757e+01	7.994371e+00	
982	9.752800e-02	-1.03641e+00	1.435757e+01	7.770437e+00	

Index   time            q.x1.q9#collCX  q.x1.q10#collCX q.x1.q11#collCX 
--------------------------------------------------------------------------------
983	9.762800e-02	-1.03641e+00	1.435757e+01	7.539342e+00	
984	9.772800e-02	-1.03639e+00	1.435757e+01	7.301522e+00	
985	9.782800e-02	-1.03639e+00	1.435757e+01	7.057005e+00	
986	9.792800e-02	-1.03637e+00	1.435757e+01	6.806219e+00	
987	9.802800e-02	-1.03637e+00	1.435757e+01	6.549221e+00	
988	9.812800e-02	-1.03636e+00	1.435757e+01	6.286435e+00	
989	9.822800e-02	-1.03635e+00	1.435757e+01	6.017943e+00	
990	9.832800e-02	-1.03634e+00	1.435757e+01	5.744161e+00	
991	9.842800e-02	-1.03633e+00	1.435757e+01	5.465195e+00	
992	9.852800e-02	-1.03632e+00	1.435757e+01	5.181452e+00	
993	9.862800e-02	-1.03631e+00	1.435757e+01	4.893057e+00	
994	9.872800e-02	-1.03631e+00	1.435757e+01	4.600410e+00	
995	9.882800e-02	-1.03630e+00	1.435757e+01	4.303645e+00	
996	9.892800e-02	-1.03629e+00	1.435757e+01	4.003149e+00	
997	9.902800e-02	-1.03628e+00	1.435757e+01	3.699061e+00	
998	9.912800e-02	-1.03627e+00	1.435757e+01	3.391744e+00	
999	9.922800e-02	-1.03627e+00	1.435757e+01	3.081322e+00	
1000	9.932800e-02	-1.03626e+00	1.435757e+01	2.768111e+00	
1001	9.942800e-02	-1.03625e+00	1.435757e+01	2.452177e+00	
1002	9.952800e-02	-1.03624e+00	1.435757e+01	2.133705e+00	
1003	9.962800e-02	-1.03624e+00	1.435757e+01	1.812544e+00	
1004	9.972800e-02	-1.03623e+00	1.435757e+01	1.488388e+00	
1005	9.982800e-02	-1.03622e+00	1.435757e+01	1.159605e+00	
1006	9.992800e-02	-1.03620e+00	1.435757e+01	8.206774e-01	
1007	1.000000e-01	-1.03613e+00	1.435757e+01	5.463314e-01	

                                kicad schematic
                                Transient Analysis  Mon Feb 10 01:04:19  2025
--------------------------------------------------------------------------------
Index   time            q.x1.q12#collCX q.x1.q13#collCX q.x1.q14#collCX 
--------------------------------------------------------------------------------
0	0.000000e+00	-1.43590e+01	-1.03656e+00	5.385893e-01	
1	1.000000e-06	-1.43590e+01	-1.03640e+00	5.368608e-01	
2	2.000000e-06	-1.43590e+01	-1.03630e+00	5.340835e-01	
3	4.000000e-06	-1.43590e+01	-1.03618e+00	5.272705e-01	
4	8.000000e-06	-1.43590e+01	-1.03615e+00	5.104279e-01	
5	1.600000e-05	-1.43590e+01	-1.03616e+00	4.759891e-01	
6	3.200000e-05	-1.43590e+01	-1.03618e+00	4.106553e-01	
7	6.400000e-05	-1.43590e+01	-1.03622e+00	2.904424e-01	
8	1.280000e-04	-1.43590e+01	-1.03623e+00	6.687725e-02	
9	2.280000e-04	-1.43590e+01	-1.03623e+00	-2.69172e-01	
10	3.280000e-04	-1.43590e+01	-1.03623e+00	-5.98528e-01	
11	4.280000e-04	-1.43590e+01	-1.03622e+00	-9.24552e-01	
12	5.280000e-04	-1.43590e+01	-1.03622e+00	-1.24756e+00	
13	6.280000e-04	-1.43590e+01	-1.03621e+00	-1.56799e+00	
14	7.280000e-04	-1.43590e+01	-1.03621e+00	-1.88578e+00	
15	8.280000e-04	-1.43590e+01	-1.03620e+00	-2.20081e+00	
16	9.280000e-04	-1.43590e+01	-1.03620e+00	-2.51284e+00	
17	1.028000e-03	-1.43590e+01	-1.03620e+00	-2.82169e+00	
18	1.128000e-03	-1.43590e+01	-1.03619e+00	-3.12707e+00	
19	1.228000e-03	-1.43590e+01	-1.03619e+00	-3.42877e+00	
20	1.328000e-03	-1.43590e+01	-1.03618e+00	-3.72647e+00	
21	1.428000e-03	-1.43590e+01	-1.03618e+00	-4.01996e+00	
22	1.528000e-03	-1.43590e+01	-1.03618e+00	-4.30893e+00	
23	1.628000e-03	-1.43590e+01	-1.03618e+00	-4.59314e+00	
24	1.728000e-03	-1.43590e+01	-1.03617e+00	-4.87230e+00	
25	1.828000e-03	-1.43590e+01	-1.03617e+00	-5.14617e+00	
26	1.928000e-03	-1.43590e+01	-1.03617e+00	-5.41447e+00	
27	2.028000e-03	-1.43590e+01	-1.03617e+00	-5.67696e+00	
28	2.128000e-03	-1.43590e+01	-1.03617e+00	-5.93337e+00	
29	2.228000e-03	-1.43590e+01	-1.03617e+00	-6.18348e+00	
30	2.328000e-03	-1.43590e+01	-1.03617e+00	-6.42702e+00	
31	2.428000e-03	-1.43590e+01	-1.03617e+00	-6.66378e+00	
32	2.528000e-03	-1.43590e+01	-1.03617e+00	-6.89350e+00	
33	2.628000e-03	-1.43590e+01	-1.03617e+00	-7.11599e+00	
34	2.728000e-03	-1.43590e+01	-1.03617e+00	-7.33101e+00	
35	2.828000e-03	-1.43590e+01	-1.03617e+00	-7.53837e+00	
36	2.928000e-03	-1.43590e+01	-1.03618e+00	-7.73785e+00	
37	3.028000e-03	-1.43590e+01	-1.03618e+00	-7.92927e+00	
38	3.128000e-03	-1.43590e+01	-1.03618e+00	-8.11242e+00	
39	3.228000e-03	-1.43590e+01	-1.03618e+00	-8.28715e+00	
40	3.328000e-03	-1.43590e+01	-1.03619e+00	-8.45328e+00	
41	3.428000e-03	-1.43590e+01	-1.03619e+00	-8.61064e+00	
42	3.528000e-03	-1.43590e+01	-1.03620e+00	-8.75907e+00	
43	3.628000e-03	-1.43590e+01	-1.03620e+00	-8.89844e+00	
44	3.728000e-03	-1.43590e+01	-1.03620e+00	-9.02861e+00	
45	3.828000e-03	-1.43590e+01	-1.03621e+00	-9.14945e+00	
46	3.928000e-03	-1.43590e+01	-1.03622e+00	-9.26084e+00	
47	4.028000e-03	-1.43590e+01	-1.03622e+00	-9.36267e+00	
48	4.128000e-03	-1.43590e+01	-1.03623e+00	-9.45484e+00	
49	4.228000e-03	-1.43590e+01	-1.03623e+00	-9.53727e+00	
50	4.328000e-03	-1.43590e+01	-1.03624e+00	-9.60987e+00	
51	4.428000e-03	-1.43590e+01	-1.03625e+00	-9.67256e+00	
52	4.528000e-03	-1.43590e+01	-1.03626e+00	-9.72530e+00	
53	4.628000e-03	-1.43590e+01	-1.03627e+00	-9.76802e+00	
54	4.728000e-03	-1.43590e+01	-1.03627e+00	-9.80068e+00	

Index   time            q.x1.q12#collCX q.x1.q13#collCX q.x1.q14#collCX 
--------------------------------------------------------------------------------
55	4.828000e-03	-1.43590e+01	-1.03628e+00	-9.82326e+00	
56	4.928000e-03	-1.43590e+01	-1.03629e+00	-9.83572e+00	
57	5.028000e-03	-1.43590e+01	-1.03630e+00	-9.83807e+00	
58	5.128000e-03	-1.43590e+01	-1.03631e+00	-9.83029e+00	
59	5.228000e-03	-1.43590e+01	-1.03632e+00	-9.81239e+00	
60	5.328000e-03	-1.43590e+01	-1.03633e+00	-9.78439e+00	
61	5.428000e-03	-1.43590e+01	-1.03634e+00	-9.74632e+00	
62	5.528000e-03	-1.43590e+01	-1.03635e+00	-9.69822e+00	
63	5.628000e-03	-1.43590e+01	-1.03636e+00	-9.64012e+00	
64	5.728000e-03	-1.43590e+01	-1.03638e+00	-9.57210e+00	
65	5.828000e-03	-1.43590e+01	-1.03639e+00	-9.49422e+00	
66	5.928000e-03	-1.43590e+01	-1.03640e+00	-9.40654e+00	
67	6.028000e-03	-1.43590e+01	-1.03641e+00	-9.30917e+00	
68	6.128000e-03	-1.43590e+01	-1.03642e+00	-9.20219e+00	
69	6.228000e-03	-1.43590e+01	-1.03643e+00	-9.08571e+00	
70	6.328000e-03	-1.43590e+01	-1.03645e+00	-8.95985e+00	
71	6.428000e-03	-1.43590e+01	-1.03646e+00	-8.82472e+00	
72	6.528000e-03	-1.43590e+01	-1.03647e+00	-8.68046e+00	
73	6.628000e-03	-1.43590e+01	-1.03649e+00	-8.52722e+00	
74	6.728000e-03	-1.43590e+01	-1.03650e+00	-8.36513e+00	
75	6.828000e-03	-1.43590e+01	-1.03651e+00	-8.19436e+00	
76	6.928000e-03	-1.43590e+01	-1.03652e+00	-8.01508e+00	
77	7.028000e-03	-1.43590e+01	-1.03654e+00	-7.82747e+00	
78	7.128000e-03	-1.43590e+01	-1.03655e+00	-7.63170e+00	
79	7.228000e-03	-1.43590e+01	-1.03656e+00	-7.42796e+00	
80	7.328000e-03	-1.43590e+01	-1.03658e+00	-7.21646e+00	
81	7.428000e-03	-1.43590e+01	-1.03659e+00	-6.99740e+00	
82	7.528000e-03	-1.43590e+01	-1.03660e+00	-6.77100e+00	
83	7.628000e-03	-1.43590e+01	-1.03661e+00	-6.53747e+00	
84	7.728000e-03	-1.43590e+01	-1.03663e+00	-6.29704e+00	
85	7.828000e-03	-1.43590e+01	-1.03664e+00	-6.04994e+00	
86	7.928000e-03	-1.43590e+01	-1.03665e+00	-5.79642e+00	
87	8.028000e-03	-1.43590e+01	-1.03666e+00	-5.53671e+00	
88	8.128000e-03	-1.43590e+01	-1.03668e+00	-5.27107e+00	
89	8.228000e-03	-1.43590e+01	-1.03669e+00	-4.99975e+00	
90	8.328000e-03	-1.43590e+01	-1.03670e+00	-4.72300e+00	
91	8.428000e-03	-1.43590e+01	-1.03671e+00	-4.44110e+00	
92	8.528000e-03	-1.43590e+01	-1.03672e+00	-4.15430e+00	
93	8.628000e-03	-1.43590e+01	-1.03673e+00	-3.86287e+00	
94	8.728000e-03	-1.43590e+01	-1.03674e+00	-3.56709e+00	
95	8.828000e-03	-1.43590e+01	-1.03675e+00	-3.26721e+00	
96	8.928000e-03	-1.43590e+01	-1.03677e+00	-2.96350e+00	
97	9.028000e-03	-1.43590e+01	-1.03678e+00	-2.65623e+00	
98	9.128000e-03	-1.43590e+01	-1.03679e+00	-2.34565e+00	
99	9.228000e-03	-1.43590e+01	-1.03680e+00	-2.03198e+00	
100	9.328000e-03	-1.43590e+01	-1.03680e+00	-1.71546e+00	
101	9.428000e-03	-1.43590e+01	-1.03681e+00	-1.39623e+00	
102	9.528000e-03	-1.43590e+01	-1.03682e+00	-1.07440e+00	
103	9.628000e-03	-1.43590e+01	-1.03683e+00	-7.49899e-01	
104	9.728000e-03	-1.43590e+01	-1.03684e+00	-4.22318e-01	
105	9.828000e-03	-1.43590e+01	-1.03686e+00	-9.00471e-02	
106	9.928000e-03	-1.43590e+01	-1.03688e+00	2.528811e-01	
107	1.002800e-02	-1.43590e+01	-1.03697e+00	6.480989e-01	
108	1.012800e-02	-1.43590e+01	-1.03682e+00	1.003835e+00	
109	1.022800e-02	-1.43590e+01	-1.03693e+00	1.334590e+00	
110	1.032800e-02	-1.43590e+01	-1.03682e+00	1.662056e+00	
111	1.042800e-02	-1.43590e+01	-1.03693e+00	1.983379e+00	
112	1.052800e-02	-1.43590e+01	-1.03683e+00	2.304309e+00	

Index   time            q.x1.q12#collCX q.x1.q13#collCX q.x1.q14#collCX 
--------------------------------------------------------------------------------
113	1.062800e-02	-1.43590e+01	-1.03693e+00	2.620205e+00	
114	1.072800e-02	-1.43590e+01	-1.03684e+00	2.935858e+00	
115	1.082800e-02	-1.43590e+01	-1.03693e+00	3.246506e+00	
116	1.092800e-02	-1.43590e+01	-1.03685e+00	3.556351e+00	
117	1.102800e-02	-1.43590e+01	-1.03693e+00	3.860969e+00	
118	1.112800e-02	-1.43590e+01	-1.03685e+00	4.164130e+00	
119	1.122800e-02	-1.43590e+01	-1.03693e+00	4.461745e+00	
120	1.132800e-02	-1.43590e+01	-1.03686e+00	4.757217e+00	
121	1.142800e-02	-1.43590e+01	-1.03693e+00	5.046782e+00	
122	1.152800e-02	-1.43590e+01	-1.03686e+00	5.333520e+00	
123	1.162800e-02	-1.43590e+01	-1.03692e+00	5.613968e+00	
124	1.172800e-02	-1.43590e+01	-1.03686e+00	5.890923e+00	
125	1.182800e-02	-1.43590e+01	-1.03692e+00	6.161199e+00	
126	1.192800e-02	-1.43590e+01	-1.03686e+00	6.427334e+00	
127	1.202800e-02	-1.43590e+01	-1.03691e+00	6.686404e+00	
128	1.212800e-02	-1.43590e+01	-1.03686e+00	6.940714e+00	
129	1.222800e-02	-1.43590e+01	-1.03691e+00	7.187578e+00	
130	1.232800e-02	-1.43590e+01	-1.03686e+00	7.429094e+00	
131	1.242800e-02	-1.43590e+01	-1.03690e+00	7.662794e+00	
132	1.252800e-02	-1.43590e+01	-1.03685e+00	7.890589e+00	
133	1.262800e-02	-1.43590e+01	-1.03689e+00	8.110215e+00	
134	1.272800e-02	-1.43590e+01	-1.03685e+00	8.323412e+00	
135	1.282800e-02	-1.43590e+01	-1.03688e+00	8.528105e+00	
136	1.292800e-02	-1.43590e+01	-1.03684e+00	8.725880e+00	
137	1.302800e-02	-1.43590e+01	-1.03687e+00	8.914838e+00	
138	1.312800e-02	-1.43590e+01	-1.03683e+00	9.096427e+00	
139	1.322800e-02	-1.43590e+01	-1.03686e+00	9.268907e+00	
140	1.332800e-02	-1.43590e+01	-1.03682e+00	9.433605e+00	
141	1.342800e-02	-1.43590e+01	-1.03684e+00	9.588931e+00	
142	1.352800e-02	-1.43590e+01	-1.03681e+00	9.736098e+00	
143	1.362800e-02	-1.43590e+01	-1.03683e+00	9.873658e+00	
144	1.372800e-02	-1.43590e+01	-1.03680e+00	1.000272e+01	
145	1.382800e-02	-1.43590e+01	-1.03681e+00	1.012197e+01	
146	1.392800e-02	-1.43590e+01	-1.03678e+00	1.023244e+01	
147	1.402800e-02	-1.43590e+01	-1.03680e+00	1.033291e+01	
148	1.412800e-02	-1.43590e+01	-1.03677e+00	1.042434e+01	
149	1.422800e-02	-1.43590e+01	-1.03678e+00	1.050563e+01	
150	1.432800e-02	-1.43590e+01	-1.03676e+00	1.057767e+01	
151	1.442800e-02	-1.43590e+01	-1.03676e+00	1.063947e+01	
152	1.452800e-02	-1.43590e+01	-1.03674e+00	1.069184e+01	
153	1.462800e-02	-1.43590e+01	-1.03675e+00	1.073390e+01	
154	1.472800e-02	-1.43590e+01	-1.03672e+00	1.076640e+01	
155	1.482800e-02	-1.43590e+01	-1.03673e+00	1.078855e+01	
156	1.492800e-02	-1.43590e+01	-1.03671e+00	1.080105e+01	
157	1.502800e-02	-1.43590e+01	-1.03671e+00	1.080320e+01	
158	1.512800e-02	-1.43590e+01	-1.03669e+00	1.079566e+01	
159	1.522800e-02	-1.43590e+01	-1.03669e+00	1.077780e+01	
160	1.532800e-02	-1.43590e+01	-1.03667e+00	1.075025e+01	
161	1.542800e-02	-1.43590e+01	-1.03667e+00	1.071245e+01	
162	1.552800e-02	-1.43590e+01	-1.03665e+00	1.066500e+01	
163	1.562800e-02	-1.43590e+01	-1.03665e+00	1.060740e+01	
164	1.572800e-02	-1.43590e+01	-1.03663e+00	1.054023e+01	
165	1.582800e-02	-1.43590e+01	-1.03663e+00	1.046307e+01	
166	1.592800e-02	-1.43590e+01	-1.03661e+00	1.037645e+01	
167	1.602800e-02	-1.43590e+01	-1.03661e+00	1.028002e+01	
168	1.612800e-02	-1.43590e+01	-1.03659e+00	1.017429e+01	
169	1.622800e-02	-1.43590e+01	-1.03659e+00	1.005897e+01	
170	1.632800e-02	-1.43590e+01	-1.03657e+00	9.934548e+00	

Index   time            q.x1.q12#collCX q.x1.q13#collCX q.x1.q14#collCX 
--------------------------------------------------------------------------------
171	1.642800e-02	-1.43590e+01	-1.03657e+00	9.800782e+00	
172	1.652800e-02	-1.43590e+01	-1.03655e+00	9.658157e+00	
173	1.662800e-02	-1.43590e+01	-1.03655e+00	9.506472e+00	
174	1.672800e-02	-1.43590e+01	-1.03653e+00	9.346201e+00	
175	1.682800e-02	-1.43590e+01	-1.03653e+00	9.177190e+00	
176	1.692800e-02	-1.43590e+01	-1.03651e+00	8.999901e+00	
177	1.702800e-02	-1.43590e+01	-1.03650e+00	8.814222e+00	
178	1.712800e-02	-1.43590e+01	-1.03649e+00	8.620607e+00	
179	1.722800e-02	-1.43590e+01	-1.03648e+00	8.418984e+00	
180	1.732800e-02	-1.43590e+01	-1.03647e+00	8.209800e+00	
181	1.742800e-02	-1.43590e+01	-1.03646e+00	7.993018e+00	
182	1.752800e-02	-1.43590e+01	-1.03645e+00	7.769078e+00	
183	1.762800e-02	-1.43590e+01	-1.03644e+00	7.537979e+00	
184	1.772800e-02	-1.43590e+01	-1.03643e+00	7.300153e+00	
185	1.782800e-02	-1.43590e+01	-1.03643e+00	7.055631e+00	
186	1.792800e-02	-1.43590e+01	-1.03641e+00	6.804839e+00	
187	1.802800e-02	-1.43590e+01	-1.03641e+00	6.547837e+00	
188	1.812800e-02	-1.43590e+01	-1.03640e+00	6.285045e+00	
189	1.822800e-02	-1.43590e+01	-1.03639e+00	6.016547e+00	
190	1.832800e-02	-1.43590e+01	-1.03638e+00	5.742759e+00	
191	1.842800e-02	-1.43590e+01	-1.03637e+00	5.463786e+00	
192	1.852800e-02	-1.43590e+01	-1.03636e+00	5.180038e+00	
193	1.862800e-02	-1.43590e+01	-1.03635e+00	4.891637e+00	
194	1.872800e-02	-1.43590e+01	-1.03634e+00	4.598982e+00	
195	1.882800e-02	-1.43590e+01	-1.03634e+00	4.302211e+00	
196	1.892800e-02	-1.43590e+01	-1.03633e+00	4.001708e+00	
197	1.902800e-02	-1.43590e+01	-1.03632e+00	3.697614e+00	
198	1.912800e-02	-1.43590e+01	-1.03631e+00	3.390290e+00	
199	1.922800e-02	-1.43590e+01	-1.03631e+00	3.079862e+00	
200	1.932800e-02	-1.43590e+01	-1.03630e+00	2.766644e+00	
201	1.942800e-02	-1.43590e+01	-1.03629e+00	2.450703e+00	
202	1.952800e-02	-1.43590e+01	-1.03628e+00	2.132224e+00	
203	1.962800e-02	-1.43590e+01	-1.03628e+00	1.811057e+00	
204	1.972800e-02	-1.43590e+01	-1.03627e+00	1.486893e+00	
205	1.982800e-02	-1.43590e+01	-1.03626e+00	1.158103e+00	
206	1.992800e-02	-1.43590e+01	-1.03624e+00	8.191681e-01	
207	2.002800e-02	-1.43590e+01	-1.03614e+00	4.270525e-01	
208	2.012800e-02	-1.43590e+01	-1.03628e+00	6.618927e-02	
209	2.022800e-02	-1.43590e+01	-1.03618e+00	-2.68417e-01	
210	2.032800e-02	-1.43590e+01	-1.03627e+00	-5.99663e-01	
211	2.042800e-02	-1.43590e+01	-1.03618e+00	-9.24148e-01	
212	2.052800e-02	-1.43590e+01	-1.03626e+00	-1.24807e+00	
213	2.062800e-02	-1.43590e+01	-1.03617e+00	-1.56749e+00	
214	2.072800e-02	-1.43590e+01	-1.03625e+00	-1.88625e+00	
215	2.082800e-02	-1.43590e+01	-1.03617e+00	-2.20035e+00	
216	2.092800e-02	-1.43590e+01	-1.03624e+00	-2.51327e+00	
217	2.102800e-02	-1.43590e+01	-1.03616e+00	-2.82127e+00	
218	2.112800e-02	-1.43590e+01	-1.03622e+00	-3.12747e+00	
219	2.122800e-02	-1.43590e+01	-1.03616e+00	-3.42839e+00	
220	2.132800e-02	-1.43590e+01	-1.03621e+00	-3.72683e+00	
221	2.142800e-02	-1.43590e+01	-1.03615e+00	-4.01962e+00	
222	2.152800e-02	-1.43590e+01	-1.03621e+00	-4.30926e+00	
223	2.162800e-02	-1.43590e+01	-1.03615e+00	-4.59283e+00	
224	2.172800e-02	-1.43590e+01	-1.03620e+00	-4.87260e+00	
225	2.182800e-02	-1.43590e+01	-1.03615e+00	-5.14589e+00	
226	2.192800e-02	-1.43590e+01	-1.03619e+00	-5.41474e+00	
227	2.202800e-02	-1.43590e+01	-1.03615e+00	-5.67670e+00	
228	2.212800e-02	-1.43590e+01	-1.03619e+00	-5.93362e+00	

Index   time            q.x1.q12#collCX q.x1.q13#collCX q.x1.q14#collCX 
--------------------------------------------------------------------------------
229	2.222800e-02	-1.43590e+01	-1.03615e+00	-6.18324e+00	
230	2.232800e-02	-1.43590e+01	-1.03619e+00	-6.42725e+00	
231	2.242800e-02	-1.43590e+01	-1.03615e+00	-6.66356e+00	
232	2.252800e-02	-1.43590e+01	-1.03619e+00	-6.89371e+00	
233	2.262800e-02	-1.43590e+01	-1.03615e+00	-7.11579e+00	
234	2.272800e-02	-1.43590e+01	-1.03619e+00	-7.33120e+00	
235	2.282800e-02	-1.43590e+01	-1.03616e+00	-7.53819e+00	
236	2.292800e-02	-1.43590e+01	-1.03619e+00	-7.73802e+00	
237	2.302800e-02	-1.43590e+01	-1.03616e+00	-7.92910e+00	
238	2.312800e-02	-1.43590e+01	-1.03619e+00	-8.11258e+00	
239	2.322800e-02	-1.43590e+01	-1.03617e+00	-8.28700e+00	
240	2.332800e-02	-1.43590e+01	-1.03620e+00	-8.45342e+00	
241	2.342800e-02	-1.43590e+01	-1.03618e+00	-8.61050e+00	
242	2.352800e-02	-1.43590e+01	-1.03621e+00	-8.75920e+00	
243	2.362800e-02	-1.43590e+01	-1.03619e+00	-8.89832e+00	
244	2.372800e-02	-1.43590e+01	-1.03621e+00	-9.02873e+00	
245	2.382800e-02	-1.43590e+01	-1.03620e+00	-9.14934e+00	
246	2.392800e-02	-1.43590e+01	-1.03622e+00	-9.26095e+00	
247	2.402800e-02	-1.43590e+01	-1.03621e+00	-9.36257e+00	
248	2.412800e-02	-1.43590e+01	-1.03624e+00	-9.45494e+00	
249	2.422800e-02	-1.43590e+01	-1.03623e+00	-9.53718e+00	
250	2.432800e-02	-1.43590e+01	-1.03625e+00	-9.60996e+00	
251	2.442800e-02	-1.43590e+01	-1.03624e+00	-9.67248e+00	
252	2.452800e-02	-1.43590e+01	-1.03626e+00	-9.72538e+00	
253	2.462800e-02	-1.43590e+01	-1.03626e+00	-9.76794e+00	
254	2.472800e-02	-1.43590e+01	-1.03628e+00	-9.80076e+00	
255	2.482800e-02	-1.43590e+01	-1.03628e+00	-9.82319e+00	
256	2.492800e-02	-1.43590e+01	-1.03630e+00	-9.83579e+00	
257	2.502800e-02	-1.43590e+01	-1.03630e+00	-9.83800e+00	
258	2.512800e-02	-1.43590e+01	-1.03632e+00	-9.83035e+00	
259	2.522800e-02	-1.43590e+01	-1.03632e+00	-9.81233e+00	
260	2.532800e-02	-1.43590e+01	-1.03634e+00	-9.78445e+00	
261	2.542800e-02	-1.43590e+01	-1.03634e+00	-9.74627e+00	
262	2.552800e-02	-1.43590e+01	-1.03636e+00	-9.69827e+00	
263	2.562800e-02	-1.43590e+01	-1.03636e+00	-9.64007e+00	
264	2.572800e-02	-1.43590e+01	-1.03638e+00	-9.57215e+00	
265	2.582800e-02	-1.43590e+01	-1.03638e+00	-9.49417e+00	
266	2.592800e-02	-1.43590e+01	-1.03640e+00	-9.40659e+00	
267	2.602800e-02	-1.43590e+01	-1.03641e+00	-9.30913e+00	
268	2.612800e-02	-1.43590e+01	-1.03643e+00	-9.20223e+00	
269	2.622800e-02	-1.43590e+01	-1.03643e+00	-9.08568e+00	
270	2.632800e-02	-1.43590e+01	-1.03645e+00	-8.95988e+00	
271	2.642800e-02	-1.43590e+01	-1.03646e+00	-8.82469e+00	
272	2.652800e-02	-1.43590e+01	-1.03648e+00	-8.68050e+00	
273	2.662800e-02	-1.43590e+01	-1.03648e+00	-8.52718e+00	
274	2.672800e-02	-1.43590e+01	-1.03650e+00	-8.36516e+00	
275	2.682800e-02	-1.43590e+01	-1.03651e+00	-8.19433e+00	
276	2.692800e-02	-1.43590e+01	-1.03653e+00	-8.01511e+00	
277	2.702800e-02	-1.43590e+01	-1.03653e+00	-7.82744e+00	
278	2.712800e-02	-1.43590e+01	-1.03655e+00	-7.63172e+00	
279	2.722800e-02	-1.43590e+01	-1.03656e+00	-7.42794e+00	
280	2.732800e-02	-1.43590e+01	-1.03658e+00	-7.21648e+00	
281	2.742800e-02	-1.43590e+01	-1.03659e+00	-6.99738e+00	
282	2.752800e-02	-1.43590e+01	-1.03660e+00	-6.77102e+00	
283	2.762800e-02	-1.43590e+01	-1.03661e+00	-6.53745e+00	
284	2.772800e-02	-1.43590e+01	-1.03663e+00	-6.29706e+00	
285	2.782800e-02	-1.43590e+01	-1.03664e+00	-6.04992e+00	
286	2.792800e-02	-1.43590e+01	-1.03665e+00	-5.79644e+00	

Index   time            q.x1.q12#collCX q.x1.q13#collCX q.x1.q14#collCX 
--------------------------------------------------------------------------------
287	2.802800e-02	-1.43590e+01	-1.03666e+00	-5.53669e+00	
288	2.812800e-02	-1.43590e+01	-1.03668e+00	-5.27109e+00	
289	2.822800e-02	-1.43590e+01	-1.03669e+00	-4.99973e+00	
290	2.832800e-02	-1.43590e+01	-1.03670e+00	-4.72302e+00	
291	2.842800e-02	-1.43590e+01	-1.03671e+00	-4.44109e+00	
292	2.852800e-02	-1.43590e+01	-1.03672e+00	-4.15431e+00	
293	2.862800e-02	-1.43590e+01	-1.03673e+00	-3.86286e+00	
294	2.872800e-02	-1.43590e+01	-1.03675e+00	-3.56710e+00	
295	2.882800e-02	-1.43590e+01	-1.03675e+00	-3.26720e+00	
296	2.892800e-02	-1.43590e+01	-1.03677e+00	-2.96351e+00	
297	2.902800e-02	-1.43590e+01	-1.03677e+00	-2.65622e+00	
298	2.912800e-02	-1.43590e+01	-1.03679e+00	-2.34566e+00	
299	2.922800e-02	-1.43590e+01	-1.03679e+00	-2.03197e+00	
300	2.932800e-02	-1.43590e+01	-1.03681e+00	-1.71547e+00	
301	2.942800e-02	-1.43590e+01	-1.03681e+00	-1.39622e+00	
302	2.952800e-02	-1.43590e+01	-1.03682e+00	-1.07441e+00	
303	2.962800e-02	-1.43590e+01	-1.03683e+00	-7.49891e-01	
304	2.972800e-02	-1.43590e+01	-1.03684e+00	-4.22326e-01	
305	2.982800e-02	-1.43590e+01	-1.03685e+00	-9.00394e-02	
306	2.992800e-02	-1.43590e+01	-1.03688e+00	2.528734e-01	
307	3.002800e-02	-1.43590e+01	-1.03697e+00	6.481063e-01	
308	3.012800e-02	-1.43590e+01	-1.03682e+00	1.003829e+00	
309	3.022800e-02	-1.43590e+01	-1.03693e+00	1.334595e+00	
310	3.032800e-02	-1.43590e+01	-1.03682e+00	1.662050e+00	
311	3.042800e-02	-1.43590e+01	-1.03693e+00	1.983384e+00	
312	3.052800e-02	-1.43590e+01	-1.03683e+00	2.304304e+00	
313	3.062800e-02	-1.43590e+01	-1.03693e+00	2.620210e+00	
314	3.072800e-02	-1.43590e+01	-1.03684e+00	2.935853e+00	
315	3.082800e-02	-1.43590e+01	-1.03693e+00	3.246510e+00	
316	3.092800e-02	-1.43590e+01	-1.03685e+00	3.556347e+00	
317	3.102800e-02	-1.43590e+01	-1.03693e+00	3.860973e+00	
318	3.112800e-02	-1.43590e+01	-1.03685e+00	4.164127e+00	
319	3.122800e-02	-1.43590e+01	-1.03693e+00	4.461748e+00	
320	3.132800e-02	-1.43590e+01	-1.03686e+00	4.757214e+00	
321	3.142800e-02	-1.43590e+01	-1.03693e+00	5.046785e+00	
322	3.152800e-02	-1.43590e+01	-1.03686e+00	5.333517e+00	
323	3.162800e-02	-1.43590e+01	-1.03692e+00	5.613971e+00	
324	3.172800e-02	-1.43590e+01	-1.03686e+00	5.890920e+00	
325	3.182800e-02	-1.43590e+01	-1.03692e+00	6.161201e+00	
326	3.192800e-02	-1.43590e+01	-1.03686e+00	6.427332e+00	
327	3.202800e-02	-1.43590e+01	-1.03691e+00	6.686406e+00	
328	3.212800e-02	-1.43590e+01	-1.03686e+00	6.940712e+00	
329	3.222800e-02	-1.43590e+01	-1.03691e+00	7.187581e+00	
330	3.232800e-02	-1.43590e+01	-1.03686e+00	7.429092e+00	
331	3.242800e-02	-1.43590e+01	-1.03690e+00	7.662796e+00	
332	3.252800e-02	-1.43590e+01	-1.03685e+00	7.890587e+00	
333	3.262800e-02	-1.43590e+01	-1.03689e+00	8.110217e+00	
334	3.272800e-02	-1.43590e+01	-1.03685e+00	8.323410e+00	
335	3.282800e-02	-1.43590e+01	-1.03688e+00	8.528107e+00	
336	3.292800e-02	-1.43590e+01	-1.03684e+00	8.725879e+00	
337	3.302800e-02	-1.43590e+01	-1.03687e+00	8.914840e+00	
338	3.312800e-02	-1.43590e+01	-1.03683e+00	9.096425e+00	
339	3.322800e-02	-1.43590e+01	-1.03686e+00	9.268909e+00	
340	3.332800e-02	-1.43590e+01	-1.03682e+00	9.433604e+00	
341	3.342800e-02	-1.43590e+01	-1.03684e+00	9.588932e+00	
342	3.352800e-02	-1.43590e+01	-1.03681e+00	9.736097e+00	
343	3.362800e-02	-1.43590e+01	-1.03683e+00	9.873659e+00	
344	3.372800e-02	-1.43590e+01	-1.03680e+00	1.000272e+01	

Index   time            q.x1.q12#collCX q.x1.q13#collCX q.x1.q14#collCX 
--------------------------------------------------------------------------------
345	3.382800e-02	-1.43590e+01	-1.03681e+00	1.012198e+01	
346	3.392800e-02	-1.43590e+01	-1.03679e+00	1.023244e+01	
347	3.402800e-02	-1.43590e+01	-1.03680e+00	1.033291e+01	
348	3.412800e-02	-1.43590e+01	-1.03677e+00	1.042434e+01	
349	3.422800e-02	-1.43590e+01	-1.03678e+00	1.050563e+01	
350	3.432800e-02	-1.43590e+01	-1.03676e+00	1.057767e+01	
351	3.442800e-02	-1.43590e+01	-1.03676e+00	1.063947e+01	
352	3.452800e-02	-1.43590e+01	-1.03674e+00	1.069184e+01	
353	3.462800e-02	-1.43590e+01	-1.03675e+00	1.073390e+01	
354	3.472800e-02	-1.43590e+01	-1.03672e+00	1.076640e+01	
355	3.482800e-02	-1.43590e+01	-1.03673e+00	1.078855e+01	
356	3.492800e-02	-1.43590e+01	-1.03671e+00	1.080105e+01	
357	3.502800e-02	-1.43590e+01	-1.03671e+00	1.080320e+01	
358	3.512800e-02	-1.43590e+01	-1.03669e+00	1.079566e+01	
359	3.522800e-02	-1.43590e+01	-1.03669e+00	1.077780e+01	
360	3.532800e-02	-1.43590e+01	-1.03667e+00	1.075025e+01	
361	3.542800e-02	-1.43590e+01	-1.03667e+00	1.071245e+01	
362	3.552800e-02	-1.43590e+01	-1.03665e+00	1.066500e+01	
363	3.562800e-02	-1.43590e+01	-1.03665e+00	1.060740e+01	
364	3.572800e-02	-1.43590e+01	-1.03663e+00	1.054023e+01	
365	3.582800e-02	-1.43590e+01	-1.03663e+00	1.046307e+01	
366	3.592800e-02	-1.43590e+01	-1.03661e+00	1.037645e+01	
367	3.602800e-02	-1.43590e+01	-1.03661e+00	1.028002e+01	
368	3.612800e-02	-1.43590e+01	-1.03659e+00	1.017429e+01	
369	3.622800e-02	-1.43590e+01	-1.03659e+00	1.005897e+01	
370	3.632800e-02	-1.43590e+01	-1.03657e+00	9.934548e+00	
371	3.642800e-02	-1.43590e+01	-1.03657e+00	9.800782e+00	
372	3.652800e-02	-1.43590e+01	-1.03655e+00	9.658157e+00	
373	3.662800e-02	-1.43590e+01	-1.03655e+00	9.506472e+00	
374	3.672800e-02	-1.43590e+01	-1.03653e+00	9.346201e+00	
375	3.682800e-02	-1.43590e+01	-1.03653e+00	9.177190e+00	
376	3.692800e-02	-1.43590e+01	-1.03651e+00	8.999900e+00	
377	3.702800e-02	-1.43590e+01	-1.03650e+00	8.814222e+00	
378	3.712800e-02	-1.43590e+01	-1.03649e+00	8.620607e+00	
379	3.722800e-02	-1.43590e+01	-1.03648e+00	8.418985e+00	
380	3.732800e-02	-1.43590e+01	-1.03647e+00	8.209800e+00	
381	3.742800e-02	-1.43590e+01	-1.03646e+00	7.993018e+00	
382	3.752800e-02	-1.43590e+01	-1.03645e+00	7.769078e+00	
383	3.762800e-02	-1.43590e+01	-1.03644e+00	7.537979e+00	
384	3.772800e-02	-1.43590e+01	-1.03643e+00	7.300153e+00	
385	3.782800e-02	-1.43590e+01	-1.03643e+00	7.055631e+00	
386	3.792800e-02	-1.43590e+01	-1.03641e+00	6.804839e+00	
387	3.802800e-02	-1.43590e+01	-1.03641e+00	6.547837e+00	
388	3.812800e-02	-1.43590e+01	-1.03640e+00	6.285045e+00	
389	3.822800e-02	-1.43590e+01	-1.03639e+00	6.016547e+00	
390	3.832800e-02	-1.43590e+01	-1.03638e+00	5.742759e+00	
391	3.842800e-02	-1.43590e+01	-1.03637e+00	5.463786e+00	
392	3.852800e-02	-1.43590e+01	-1.03636e+00	5.180038e+00	
393	3.862800e-02	-1.43590e+01	-1.03635e+00	4.891637e+00	
394	3.872800e-02	-1.43590e+01	-1.03634e+00	4.598982e+00	
395	3.882800e-02	-1.43590e+01	-1.03634e+00	4.302211e+00	
396	3.892800e-02	-1.43590e+01	-1.03633e+00	4.001708e+00	
397	3.902800e-02	-1.43590e+01	-1.03632e+00	3.697614e+00	
398	3.912800e-02	-1.43590e+01	-1.03631e+00	3.390290e+00	
399	3.922800e-02	-1.43590e+01	-1.03631e+00	3.079862e+00	
400	3.932800e-02	-1.43590e+01	-1.03630e+00	2.766644e+00	
401	3.942800e-02	-1.43590e+01	-1.03629e+00	2.450703e+00	
402	3.952800e-02	-1.43590e+01	-1.03628e+00	2.132224e+00	

Index   time            q.x1.q12#collCX q.x1.q13#collCX q.x1.q14#collCX 
--------------------------------------------------------------------------------
403	3.962800e-02	-1.43590e+01	-1.03628e+00	1.811057e+00	
404	3.972800e-02	-1.43590e+01	-1.03627e+00	1.486893e+00	
405	3.982800e-02	-1.43590e+01	-1.03626e+00	1.158103e+00	
406	3.992800e-02	-1.43590e+01	-1.03624e+00	8.191681e-01	
407	4.002800e-02	-1.43590e+01	-1.03614e+00	4.270530e-01	
408	4.012800e-02	-1.43590e+01	-1.03628e+00	6.618872e-02	
409	4.022800e-02	-1.43590e+01	-1.03618e+00	-2.68417e-01	
410	4.032800e-02	-1.43590e+01	-1.03627e+00	-5.99663e-01	
411	4.042800e-02	-1.43590e+01	-1.03618e+00	-9.24148e-01	
412	4.052800e-02	-1.43590e+01	-1.03626e+00	-1.24807e+00	
413	4.062800e-02	-1.43590e+01	-1.03617e+00	-1.56749e+00	
414	4.072800e-02	-1.43590e+01	-1.03625e+00	-1.88625e+00	
415	4.082800e-02	-1.43590e+01	-1.03617e+00	-2.20035e+00	
416	4.092800e-02	-1.43590e+01	-1.03624e+00	-2.51327e+00	
417	4.102800e-02	-1.43590e+01	-1.03616e+00	-2.82127e+00	
418	4.112800e-02	-1.43590e+01	-1.03622e+00	-3.12747e+00	
419	4.122800e-02	-1.43590e+01	-1.03616e+00	-3.42839e+00	
420	4.132800e-02	-1.43590e+01	-1.03622e+00	-3.72684e+00	
421	4.142800e-02	-1.43590e+01	-1.03615e+00	-4.01962e+00	
422	4.152800e-02	-1.43590e+01	-1.03621e+00	-4.30926e+00	
423	4.162800e-02	-1.43590e+01	-1.03615e+00	-4.59283e+00	
424	4.172800e-02	-1.43590e+01	-1.03620e+00	-4.87260e+00	
425	4.182800e-02	-1.43590e+01	-1.03615e+00	-5.14589e+00	
426	4.192800e-02	-1.43590e+01	-1.03619e+00	-5.41474e+00	
427	4.202800e-02	-1.43590e+01	-1.03615e+00	-5.67670e+00	
428	4.212800e-02	-1.43590e+01	-1.03619e+00	-5.93362e+00	
429	4.222800e-02	-1.43590e+01	-1.03615e+00	-6.18324e+00	
430	4.232800e-02	-1.43590e+01	-1.03619e+00	-6.42725e+00	
431	4.242800e-02	-1.43590e+01	-1.03615e+00	-6.66356e+00	
432	4.252800e-02	-1.43590e+01	-1.03619e+00	-6.89371e+00	
433	4.262800e-02	-1.43590e+01	-1.03615e+00	-7.11579e+00	
434	4.272800e-02	-1.43590e+01	-1.03619e+00	-7.33120e+00	
435	4.282800e-02	-1.43590e+01	-1.03616e+00	-7.53819e+00	
436	4.292800e-02	-1.43590e+01	-1.03619e+00	-7.73802e+00	
437	4.302800e-02	-1.43590e+01	-1.03616e+00	-7.92910e+00	
438	4.312800e-02	-1.43590e+01	-1.03619e+00	-8.11258e+00	
439	4.322800e-02	-1.43590e+01	-1.03617e+00	-8.28700e+00	
440	4.332800e-02	-1.43590e+01	-1.03620e+00	-8.45342e+00	
441	4.342800e-02	-1.43590e+01	-1.03618e+00	-8.61050e+00	
442	4.352800e-02	-1.43590e+01	-1.03621e+00	-8.75920e+00	
443	4.362800e-02	-1.43590e+01	-1.03619e+00	-8.89832e+00	
444	4.372800e-02	-1.43590e+01	-1.03621e+00	-9.02873e+00	
445	4.382800e-02	-1.43590e+01	-1.03620e+00	-9.14933e+00	
446	4.392800e-02	-1.43590e+01	-1.03622e+00	-9.26095e+00	
447	4.402800e-02	-1.43590e+01	-1.03621e+00	-9.36257e+00	
448	4.412800e-02	-1.43590e+01	-1.03624e+00	-9.45494e+00	
449	4.422800e-02	-1.43590e+01	-1.03623e+00	-9.53718e+00	
450	4.432800e-02	-1.43590e+01	-1.03625e+00	-9.60996e+00	
451	4.442800e-02	-1.43590e+01	-1.03624e+00	-9.67248e+00	
452	4.452800e-02	-1.43590e+01	-1.03626e+00	-9.72538e+00	
453	4.462800e-02	-1.43590e+01	-1.03626e+00	-9.76794e+00	
454	4.472800e-02	-1.43590e+01	-1.03628e+00	-9.80076e+00	
455	4.482800e-02	-1.43590e+01	-1.03628e+00	-9.82319e+00	
456	4.492800e-02	-1.43590e+01	-1.03630e+00	-9.83579e+00	
457	4.502800e-02	-1.43590e+01	-1.03630e+00	-9.83800e+00	
458	4.512800e-02	-1.43590e+01	-1.03632e+00	-9.83035e+00	
459	4.522800e-02	-1.43590e+01	-1.03632e+00	-9.81233e+00	
460	4.532800e-02	-1.43590e+01	-1.03634e+00	-9.78445e+00	

Index   time            q.x1.q12#collCX q.x1.q13#collCX q.x1.q14#collCX 
--------------------------------------------------------------------------------
461	4.542800e-02	-1.43590e+01	-1.03634e+00	-9.74627e+00	
462	4.552800e-02	-1.43590e+01	-1.03636e+00	-9.69827e+00	
463	4.562800e-02	-1.43590e+01	-1.03636e+00	-9.64007e+00	
464	4.572800e-02	-1.43590e+01	-1.03638e+00	-9.57215e+00	
465	4.582800e-02	-1.43590e+01	-1.03638e+00	-9.49417e+00	
466	4.592800e-02	-1.43590e+01	-1.03640e+00	-9.40659e+00	
467	4.602800e-02	-1.43590e+01	-1.03641e+00	-9.30913e+00	
468	4.612800e-02	-1.43590e+01	-1.03643e+00	-9.20223e+00	
469	4.622800e-02	-1.43590e+01	-1.03643e+00	-9.08568e+00	
470	4.632800e-02	-1.43590e+01	-1.03645e+00	-8.95988e+00	
471	4.642800e-02	-1.43590e+01	-1.03646e+00	-8.82469e+00	
472	4.652800e-02	-1.43590e+01	-1.03648e+00	-8.68050e+00	
473	4.662800e-02	-1.43590e+01	-1.03648e+00	-8.52718e+00	
474	4.672800e-02	-1.43590e+01	-1.03650e+00	-8.36516e+00	
475	4.682800e-02	-1.43590e+01	-1.03651e+00	-8.19433e+00	
476	4.692800e-02	-1.43590e+01	-1.03653e+00	-8.01511e+00	
477	4.702800e-02	-1.43590e+01	-1.03653e+00	-7.82744e+00	
478	4.712800e-02	-1.43590e+01	-1.03655e+00	-7.63172e+00	
479	4.722800e-02	-1.43590e+01	-1.03656e+00	-7.42794e+00	
480	4.732800e-02	-1.43590e+01	-1.03658e+00	-7.21648e+00	
481	4.742800e-02	-1.43590e+01	-1.03659e+00	-6.99738e+00	
482	4.752800e-02	-1.43590e+01	-1.03660e+00	-6.77102e+00	
483	4.762800e-02	-1.43590e+01	-1.03661e+00	-6.53745e+00	
484	4.772800e-02	-1.43590e+01	-1.03663e+00	-6.29706e+00	
485	4.782800e-02	-1.43590e+01	-1.03664e+00	-6.04992e+00	
486	4.792800e-02	-1.43590e+01	-1.03665e+00	-5.79644e+00	
487	4.802800e-02	-1.43590e+01	-1.03666e+00	-5.53669e+00	
488	4.812800e-02	-1.43590e+01	-1.03668e+00	-5.27109e+00	
489	4.822800e-02	-1.43590e+01	-1.03669e+00	-4.99973e+00	
490	4.832800e-02	-1.43590e+01	-1.03670e+00	-4.72302e+00	
491	4.842800e-02	-1.43590e+01	-1.03671e+00	-4.44109e+00	
492	4.852800e-02	-1.43590e+01	-1.03672e+00	-4.15431e+00	
493	4.862800e-02	-1.43590e+01	-1.03673e+00	-3.86286e+00	
494	4.872800e-02	-1.43590e+01	-1.03675e+00	-3.56710e+00	
495	4.882800e-02	-1.43590e+01	-1.03675e+00	-3.26720e+00	
496	4.892800e-02	-1.43590e+01	-1.03677e+00	-2.96351e+00	
497	4.902800e-02	-1.43590e+01	-1.03677e+00	-2.65622e+00	
498	4.912800e-02	-1.43590e+01	-1.03679e+00	-2.34566e+00	
499	4.922800e-02	-1.43590e+01	-1.03679e+00	-2.03197e+00	
500	4.932800e-02	-1.43590e+01	-1.03681e+00	-1.71547e+00	
501	4.942800e-02	-1.43590e+01	-1.03681e+00	-1.39622e+00	
502	4.952800e-02	-1.43590e+01	-1.03682e+00	-1.07441e+00	
503	4.962800e-02	-1.43590e+01	-1.03683e+00	-7.49891e-01	
504	4.972800e-02	-1.43590e+01	-1.03684e+00	-4.22326e-01	
505	4.982800e-02	-1.43590e+01	-1.03685e+00	-9.00394e-02	
506	4.992800e-02	-1.43590e+01	-1.03688e+00	2.528735e-01	
507	5.002800e-02	-1.43590e+01	-1.03697e+00	6.481055e-01	
508	5.012800e-02	-1.43590e+01	-1.03682e+00	1.003830e+00	
509	5.022800e-02	-1.43590e+01	-1.03693e+00	1.334595e+00	
510	5.032800e-02	-1.43590e+01	-1.03682e+00	1.662051e+00	
511	5.042800e-02	-1.43590e+01	-1.03693e+00	1.983383e+00	
512	5.052800e-02	-1.43590e+01	-1.03683e+00	2.304305e+00	
513	5.062800e-02	-1.43590e+01	-1.03693e+00	2.620210e+00	
514	5.072800e-02	-1.43590e+01	-1.03684e+00	2.935854e+00	
515	5.082800e-02	-1.43590e+01	-1.03693e+00	3.246510e+00	
516	5.092800e-02	-1.43590e+01	-1.03685e+00	3.556348e+00	
517	5.102800e-02	-1.43590e+01	-1.03693e+00	3.860973e+00	
518	5.112800e-02	-1.43590e+01	-1.03685e+00	4.164127e+00	

Index   time            q.x1.q12#collCX q.x1.q13#collCX q.x1.q14#collCX 
--------------------------------------------------------------------------------
519	5.122800e-02	-1.43590e+01	-1.03693e+00	4.461748e+00	
520	5.132800e-02	-1.43590e+01	-1.03686e+00	4.757214e+00	
521	5.142800e-02	-1.43590e+01	-1.03693e+00	5.046784e+00	
522	5.152800e-02	-1.43590e+01	-1.03686e+00	5.333517e+00	
523	5.162800e-02	-1.43590e+01	-1.03692e+00	5.613971e+00	
524	5.172800e-02	-1.43590e+01	-1.03686e+00	5.890920e+00	
525	5.182800e-02	-1.43590e+01	-1.03692e+00	6.161201e+00	
526	5.192800e-02	-1.43590e+01	-1.03686e+00	6.427332e+00	
527	5.202800e-02	-1.43590e+01	-1.03691e+00	6.686406e+00	
528	5.212800e-02	-1.43590e+01	-1.03686e+00	6.940712e+00	
529	5.222800e-02	-1.43590e+01	-1.03691e+00	7.187580e+00	
530	5.232800e-02	-1.43590e+01	-1.03686e+00	7.429092e+00	
531	5.242800e-02	-1.43590e+01	-1.03690e+00	7.662796e+00	
532	5.252800e-02	-1.43590e+01	-1.03685e+00	7.890587e+00	
533	5.262800e-02	-1.43590e+01	-1.03689e+00	8.110217e+00	
534	5.272800e-02	-1.43590e+01	-1.03685e+00	8.323410e+00	
535	5.282800e-02	-1.43590e+01	-1.03688e+00	8.528106e+00	
536	5.292800e-02	-1.43590e+01	-1.03684e+00	8.725879e+00	
537	5.302800e-02	-1.43590e+01	-1.03687e+00	8.914839e+00	
538	5.312800e-02	-1.43590e+01	-1.03683e+00	9.096425e+00	
539	5.322800e-02	-1.43590e+01	-1.03686e+00	9.268909e+00	
540	5.332800e-02	-1.43590e+01	-1.03682e+00	9.433604e+00	
541	5.342800e-02	-1.43590e+01	-1.03684e+00	9.588932e+00	
542	5.352800e-02	-1.43590e+01	-1.03681e+00	9.736097e+00	
543	5.362800e-02	-1.43590e+01	-1.03683e+00	9.873659e+00	
544	5.372800e-02	-1.43590e+01	-1.03680e+00	1.000272e+01	
545	5.382800e-02	-1.43590e+01	-1.03681e+00	1.012198e+01	
546	5.392800e-02	-1.43590e+01	-1.03679e+00	1.023244e+01	
547	5.402800e-02	-1.43590e+01	-1.03680e+00	1.033291e+01	
548	5.412800e-02	-1.43590e+01	-1.03677e+00	1.042434e+01	
549	5.422800e-02	-1.43590e+01	-1.03678e+00	1.050563e+01	
550	5.432800e-02	-1.43590e+01	-1.03676e+00	1.057767e+01	
551	5.442800e-02	-1.43590e+01	-1.03676e+00	1.063947e+01	
552	5.452800e-02	-1.43590e+01	-1.03674e+00	1.069184e+01	
553	5.462800e-02	-1.43590e+01	-1.03675e+00	1.073390e+01	
554	5.472800e-02	-1.43590e+01	-1.03672e+00	1.076640e+01	
555	5.482800e-02	-1.43590e+01	-1.03673e+00	1.078855e+01	
556	5.492800e-02	-1.43590e+01	-1.03671e+00	1.080105e+01	
557	5.502800e-02	-1.43590e+01	-1.03671e+00	1.080320e+01	
558	5.512800e-02	-1.43590e+01	-1.03669e+00	1.079566e+01	
559	5.522800e-02	-1.43590e+01	-1.03669e+00	1.077780e+01	
560	5.532800e-02	-1.43590e+01	-1.03667e+00	1.075025e+01	
561	5.542800e-02	-1.43590e+01	-1.03667e+00	1.071245e+01	
562	5.552800e-02	-1.43590e+01	-1.03665e+00	1.066500e+01	
563	5.562800e-02	-1.43590e+01	-1.03665e+00	1.060740e+01	
564	5.572800e-02	-1.43590e+01	-1.03663e+00	1.054023e+01	
565	5.582800e-02	-1.43590e+01	-1.03663e+00	1.046307e+01	
566	5.592800e-02	-1.43590e+01	-1.03661e+00	1.037645e+01	
567	5.602800e-02	-1.43590e+01	-1.03661e+00	1.028002e+01	
568	5.612800e-02	-1.43590e+01	-1.03659e+00	1.017429e+01	
569	5.622800e-02	-1.43590e+01	-1.03659e+00	1.005897e+01	
570	5.632800e-02	-1.43590e+01	-1.03657e+00	9.934548e+00	
571	5.642800e-02	-1.43590e+01	-1.03657e+00	9.800782e+00	
572	5.652800e-02	-1.43590e+01	-1.03655e+00	9.658157e+00	
573	5.662800e-02	-1.43590e+01	-1.03655e+00	9.506472e+00	
574	5.672800e-02	-1.43590e+01	-1.03653e+00	9.346201e+00	
575	5.682800e-02	-1.43590e+01	-1.03653e+00	9.177190e+00	
576	5.692800e-02	-1.43590e+01	-1.03651e+00	8.999901e+00	

Index   time            q.x1.q12#collCX q.x1.q13#collCX q.x1.q14#collCX 
--------------------------------------------------------------------------------
577	5.702800e-02	-1.43590e+01	-1.03650e+00	8.814222e+00	
578	5.712800e-02	-1.43590e+01	-1.03649e+00	8.620607e+00	
579	5.722800e-02	-1.43590e+01	-1.03648e+00	8.418985e+00	
580	5.732800e-02	-1.43590e+01	-1.03647e+00	8.209800e+00	
581	5.742800e-02	-1.43590e+01	-1.03646e+00	7.993018e+00	
582	5.752800e-02	-1.43590e+01	-1.03645e+00	7.769078e+00	
583	5.762800e-02	-1.43590e+01	-1.03644e+00	7.537979e+00	
584	5.772800e-02	-1.43590e+01	-1.03643e+00	7.300153e+00	
585	5.782800e-02	-1.43590e+01	-1.03643e+00	7.055631e+00	
586	5.792800e-02	-1.43590e+01	-1.03641e+00	6.804839e+00	
587	5.802800e-02	-1.43590e+01	-1.03641e+00	6.547837e+00	
588	5.812800e-02	-1.43590e+01	-1.03640e+00	6.285045e+00	
589	5.822800e-02	-1.43590e+01	-1.03639e+00	6.016547e+00	
590	5.832800e-02	-1.43590e+01	-1.03638e+00	5.742759e+00	
591	5.842800e-02	-1.43590e+01	-1.03637e+00	5.463786e+00	
592	5.852800e-02	-1.43590e+01	-1.03636e+00	5.180038e+00	
593	5.862800e-02	-1.43590e+01	-1.03635e+00	4.891637e+00	
594	5.872800e-02	-1.43590e+01	-1.03634e+00	4.598982e+00	
595	5.882800e-02	-1.43590e+01	-1.03634e+00	4.302211e+00	
596	5.892800e-02	-1.43590e+01	-1.03633e+00	4.001708e+00	
597	5.902800e-02	-1.43590e+01	-1.03632e+00	3.697614e+00	
598	5.912800e-02	-1.43590e+01	-1.03631e+00	3.390290e+00	
599	5.922800e-02	-1.43590e+01	-1.03631e+00	3.079862e+00	
600	5.932800e-02	-1.43590e+01	-1.03630e+00	2.766644e+00	
601	5.942800e-02	-1.43590e+01	-1.03629e+00	2.450703e+00	
602	5.952800e-02	-1.43590e+01	-1.03628e+00	2.132224e+00	
603	5.962800e-02	-1.43590e+01	-1.03628e+00	1.811057e+00	
604	5.972800e-02	-1.43590e+01	-1.03627e+00	1.486893e+00	
605	5.982800e-02	-1.43590e+01	-1.03626e+00	1.158103e+00	
606	5.992800e-02	-1.43590e+01	-1.03624e+00	8.191682e-01	
607	6.002800e-02	-1.43590e+01	-1.03614e+00	4.270533e-01	
608	6.012800e-02	-1.43590e+01	-1.03628e+00	6.618822e-02	
609	6.022800e-02	-1.43590e+01	-1.03618e+00	-2.68416e-01	
610	6.032800e-02	-1.43590e+01	-1.03627e+00	-5.99664e-01	
611	6.042800e-02	-1.43590e+01	-1.03618e+00	-9.24148e-01	
612	6.052800e-02	-1.43590e+01	-1.03626e+00	-1.24807e+00	
613	6.062800e-02	-1.43590e+01	-1.03617e+00	-1.56749e+00	
614	6.072800e-02	-1.43590e+01	-1.03625e+00	-1.88625e+00	
615	6.082800e-02	-1.43590e+01	-1.03617e+00	-2.20035e+00	
616	6.092800e-02	-1.43590e+01	-1.03624e+00	-2.51327e+00	
617	6.102800e-02	-1.43590e+01	-1.03616e+00	-2.82127e+00	
618	6.112800e-02	-1.43590e+01	-1.03622e+00	-3.12747e+00	
619	6.122800e-02	-1.43590e+01	-1.03616e+00	-3.42839e+00	
620	6.132800e-02	-1.43590e+01	-1.03622e+00	-3.72684e+00	
621	6.142800e-02	-1.43590e+01	-1.03615e+00	-4.01962e+00	
622	6.152800e-02	-1.43590e+01	-1.03621e+00	-4.30926e+00	
623	6.162800e-02	-1.43590e+01	-1.03615e+00	-4.59283e+00	
624	6.172800e-02	-1.43590e+01	-1.03620e+00	-4.87260e+00	
625	6.182800e-02	-1.43590e+01	-1.03615e+00	-5.14588e+00	
626	6.192800e-02	-1.43590e+01	-1.03619e+00	-5.41474e+00	
627	6.202800e-02	-1.43590e+01	-1.03615e+00	-5.67670e+00	
628	6.212800e-02	-1.43590e+01	-1.03619e+00	-5.93362e+00	
629	6.222800e-02	-1.43590e+01	-1.03615e+00	-6.18324e+00	
630	6.232800e-02	-1.43590e+01	-1.03619e+00	-6.42725e+00	
631	6.242800e-02	-1.43590e+01	-1.03615e+00	-6.66356e+00	
632	6.252800e-02	-1.43590e+01	-1.03619e+00	-6.89371e+00	
633	6.262800e-02	-1.43590e+01	-1.03615e+00	-7.11579e+00	
634	6.272800e-02	-1.43590e+01	-1.03619e+00	-7.33120e+00	

Index   time            q.x1.q12#collCX q.x1.q13#collCX q.x1.q14#collCX 
--------------------------------------------------------------------------------
635	6.282800e-02	-1.43590e+01	-1.03616e+00	-7.53819e+00	
636	6.292800e-02	-1.43590e+01	-1.03619e+00	-7.73802e+00	
637	6.302800e-02	-1.43590e+01	-1.03616e+00	-7.92910e+00	
638	6.312800e-02	-1.43590e+01	-1.03619e+00	-8.11258e+00	
639	6.322800e-02	-1.43590e+01	-1.03617e+00	-8.28700e+00	
640	6.332800e-02	-1.43590e+01	-1.03620e+00	-8.45342e+00	
641	6.342800e-02	-1.43590e+01	-1.03618e+00	-8.61050e+00	
642	6.352800e-02	-1.43590e+01	-1.03621e+00	-8.75920e+00	
643	6.362800e-02	-1.43590e+01	-1.03619e+00	-8.89832e+00	
644	6.372800e-02	-1.43590e+01	-1.03621e+00	-9.02873e+00	
645	6.382800e-02	-1.43590e+01	-1.03620e+00	-9.14933e+00	
646	6.392800e-02	-1.43590e+01	-1.03622e+00	-9.26095e+00	
647	6.402800e-02	-1.43590e+01	-1.03621e+00	-9.36257e+00	
648	6.412800e-02	-1.43590e+01	-1.03624e+00	-9.45494e+00	
649	6.422800e-02	-1.43590e+01	-1.03623e+00	-9.53718e+00	
650	6.432800e-02	-1.43590e+01	-1.03625e+00	-9.60996e+00	
651	6.442800e-02	-1.43590e+01	-1.03624e+00	-9.67248e+00	
652	6.452800e-02	-1.43590e+01	-1.03626e+00	-9.72538e+00	
653	6.462800e-02	-1.43590e+01	-1.03626e+00	-9.76794e+00	
654	6.472800e-02	-1.43590e+01	-1.03628e+00	-9.80076e+00	
655	6.482800e-02	-1.43590e+01	-1.03628e+00	-9.82319e+00	
656	6.492800e-02	-1.43590e+01	-1.03630e+00	-9.83579e+00	
657	6.502800e-02	-1.43590e+01	-1.03630e+00	-9.83800e+00	
658	6.512800e-02	-1.43590e+01	-1.03632e+00	-9.83035e+00	
659	6.522800e-02	-1.43590e+01	-1.03632e+00	-9.81233e+00	
660	6.532800e-02	-1.43590e+01	-1.03634e+00	-9.78445e+00	
661	6.542800e-02	-1.43590e+01	-1.03634e+00	-9.74627e+00	
662	6.552800e-02	-1.43590e+01	-1.03636e+00	-9.69827e+00	
663	6.562800e-02	-1.43590e+01	-1.03636e+00	-9.64007e+00	
664	6.572800e-02	-1.43590e+01	-1.03638e+00	-9.57215e+00	
665	6.582800e-02	-1.43590e+01	-1.03638e+00	-9.49417e+00	
666	6.592800e-02	-1.43590e+01	-1.03640e+00	-9.40659e+00	
667	6.602800e-02	-1.43590e+01	-1.03641e+00	-9.30913e+00	
668	6.612800e-02	-1.43590e+01	-1.03643e+00	-9.20223e+00	
669	6.622800e-02	-1.43590e+01	-1.03643e+00	-9.08568e+00	
670	6.632800e-02	-1.43590e+01	-1.03645e+00	-8.95988e+00	
671	6.642800e-02	-1.43590e+01	-1.03646e+00	-8.82469e+00	
672	6.652800e-02	-1.43590e+01	-1.03648e+00	-8.68050e+00	
673	6.662800e-02	-1.43590e+01	-1.03648e+00	-8.52718e+00	
674	6.672800e-02	-1.43590e+01	-1.03650e+00	-8.36516e+00	
675	6.682800e-02	-1.43590e+01	-1.03651e+00	-8.19433e+00	
676	6.692800e-02	-1.43590e+01	-1.03653e+00	-8.01511e+00	
677	6.702800e-02	-1.43590e+01	-1.03653e+00	-7.82744e+00	
678	6.712800e-02	-1.43590e+01	-1.03655e+00	-7.63172e+00	
679	6.722800e-02	-1.43590e+01	-1.03656e+00	-7.42794e+00	
680	6.732800e-02	-1.43590e+01	-1.03658e+00	-7.21648e+00	
681	6.742800e-02	-1.43590e+01	-1.03659e+00	-6.99738e+00	
682	6.752800e-02	-1.43590e+01	-1.03660e+00	-6.77102e+00	
683	6.762800e-02	-1.43590e+01	-1.03661e+00	-6.53745e+00	
684	6.772800e-02	-1.43590e+01	-1.03663e+00	-6.29706e+00	
685	6.782800e-02	-1.43590e+01	-1.03664e+00	-6.04992e+00	
686	6.792800e-02	-1.43590e+01	-1.03665e+00	-5.79644e+00	
687	6.802800e-02	-1.43590e+01	-1.03666e+00	-5.53669e+00	
688	6.812800e-02	-1.43590e+01	-1.03668e+00	-5.27109e+00	
689	6.822800e-02	-1.43590e+01	-1.03669e+00	-4.99973e+00	
690	6.832800e-02	-1.43590e+01	-1.03670e+00	-4.72302e+00	
691	6.842800e-02	-1.43590e+01	-1.03671e+00	-4.44109e+00	
692	6.852800e-02	-1.43590e+01	-1.03672e+00	-4.15431e+00	

Index   time            q.x1.q12#collCX q.x1.q13#collCX q.x1.q14#collCX 
--------------------------------------------------------------------------------
693	6.862800e-02	-1.43590e+01	-1.03673e+00	-3.86286e+00	
694	6.872800e-02	-1.43590e+01	-1.03675e+00	-3.56710e+00	
695	6.882800e-02	-1.43590e+01	-1.03675e+00	-3.26720e+00	
696	6.892800e-02	-1.43590e+01	-1.03677e+00	-2.96351e+00	
697	6.902800e-02	-1.43590e+01	-1.03677e+00	-2.65622e+00	
698	6.912800e-02	-1.43590e+01	-1.03679e+00	-2.34566e+00	
699	6.922800e-02	-1.43590e+01	-1.03679e+00	-2.03197e+00	
700	6.932800e-02	-1.43590e+01	-1.03681e+00	-1.71546e+00	
701	6.942800e-02	-1.43590e+01	-1.03681e+00	-1.39622e+00	
702	6.952800e-02	-1.43590e+01	-1.03682e+00	-1.07441e+00	
703	6.962800e-02	-1.43590e+01	-1.03683e+00	-7.49891e-01	
704	6.972800e-02	-1.43590e+01	-1.03684e+00	-4.22326e-01	
705	6.982800e-02	-1.43590e+01	-1.03685e+00	-9.00395e-02	
706	6.992800e-02	-1.43590e+01	-1.03688e+00	2.528737e-01	
707	7.002800e-02	-1.43590e+01	-1.03697e+00	6.481047e-01	
708	7.012800e-02	-1.43590e+01	-1.03682e+00	1.003831e+00	
709	7.022800e-02	-1.43590e+01	-1.03693e+00	1.334594e+00	
710	7.032800e-02	-1.43590e+01	-1.03682e+00	1.662051e+00	
711	7.042800e-02	-1.43590e+01	-1.03693e+00	1.983383e+00	
712	7.052800e-02	-1.43590e+01	-1.03683e+00	2.304305e+00	
713	7.062800e-02	-1.43590e+01	-1.03693e+00	2.620209e+00	
714	7.072800e-02	-1.43590e+01	-1.03684e+00	2.935854e+00	
715	7.082800e-02	-1.43590e+01	-1.03693e+00	3.246509e+00	
716	7.092800e-02	-1.43590e+01	-1.03685e+00	3.556348e+00	
717	7.102800e-02	-1.43590e+01	-1.03693e+00	3.860973e+00	
718	7.112800e-02	-1.43590e+01	-1.03685e+00	4.164127e+00	
719	7.122800e-02	-1.43590e+01	-1.03693e+00	4.461748e+00	
720	7.132800e-02	-1.43590e+01	-1.03686e+00	4.757215e+00	
721	7.142800e-02	-1.43590e+01	-1.03693e+00	5.046784e+00	
722	7.152800e-02	-1.43590e+01	-1.03686e+00	5.333518e+00	
723	7.162800e-02	-1.43590e+01	-1.03692e+00	5.613971e+00	
724	7.172800e-02	-1.43590e+01	-1.03686e+00	5.890921e+00	
725	7.182800e-02	-1.43590e+01	-1.03692e+00	6.161201e+00	
726	7.192800e-02	-1.43590e+01	-1.03686e+00	6.427332e+00	
727	7.202800e-02	-1.43590e+01	-1.03691e+00	6.686406e+00	
728	7.212800e-02	-1.43590e+01	-1.03686e+00	6.940712e+00	
729	7.222800e-02	-1.43590e+01	-1.03691e+00	7.187580e+00	
730	7.232800e-02	-1.43590e+01	-1.03686e+00	7.429092e+00	
731	7.242800e-02	-1.43590e+01	-1.03690e+00	7.662796e+00	
732	7.252800e-02	-1.43590e+01	-1.03685e+00	7.890588e+00	
733	7.262800e-02	-1.43590e+01	-1.03689e+00	8.110217e+00	
734	7.272800e-02	-1.43590e+01	-1.03685e+00	8.323411e+00	
735	7.282800e-02	-1.43590e+01	-1.03688e+00	8.528106e+00	
736	7.292800e-02	-1.43590e+01	-1.03684e+00	8.725879e+00	
737	7.302800e-02	-1.43590e+01	-1.03687e+00	8.914839e+00	
738	7.312800e-02	-1.43590e+01	-1.03683e+00	9.096426e+00	
739	7.322800e-02	-1.43590e+01	-1.03686e+00	9.268909e+00	
740	7.332800e-02	-1.43590e+01	-1.03682e+00	9.433604e+00	
741	7.342800e-02	-1.43590e+01	-1.03684e+00	9.588932e+00	
742	7.352800e-02	-1.43590e+01	-1.03681e+00	9.736098e+00	
743	7.362800e-02	-1.43590e+01	-1.03683e+00	9.873659e+00	
744	7.372800e-02	-1.43590e+01	-1.03680e+00	1.000272e+01	
745	7.382800e-02	-1.43590e+01	-1.03681e+00	1.012198e+01	
746	7.392800e-02	-1.43590e+01	-1.03679e+00	1.023244e+01	
747	7.402800e-02	-1.43590e+01	-1.03680e+00	1.033291e+01	
748	7.412800e-02	-1.43590e+01	-1.03677e+00	1.042434e+01	
749	7.422800e-02	-1.43590e+01	-1.03678e+00	1.050563e+01	
750	7.432800e-02	-1.43590e+01	-1.03676e+00	1.057767e+01	

Index   time            q.x1.q12#collCX q.x1.q13#collCX q.x1.q14#collCX 
--------------------------------------------------------------------------------
751	7.442800e-02	-1.43590e+01	-1.03676e+00	1.063947e+01	
752	7.452800e-02	-1.43590e+01	-1.03674e+00	1.069184e+01	
753	7.462800e-02	-1.43590e+01	-1.03675e+00	1.073390e+01	
754	7.472800e-02	-1.43590e+01	-1.03672e+00	1.076640e+01	
755	7.482800e-02	-1.43590e+01	-1.03673e+00	1.078855e+01	
756	7.492800e-02	-1.43590e+01	-1.03671e+00	1.080105e+01	
757	7.502800e-02	-1.43590e+01	-1.03671e+00	1.080320e+01	
758	7.512800e-02	-1.43590e+01	-1.03669e+00	1.079566e+01	
759	7.522800e-02	-1.43590e+01	-1.03669e+00	1.077780e+01	
760	7.532800e-02	-1.43590e+01	-1.03667e+00	1.075025e+01	
761	7.542800e-02	-1.43590e+01	-1.03667e+00	1.071245e+01	
762	7.552800e-02	-1.43590e+01	-1.03665e+00	1.066500e+01	
763	7.562800e-02	-1.43590e+01	-1.03665e+00	1.060740e+01	
764	7.572800e-02	-1.43590e+01	-1.03663e+00	1.054023e+01	
765	7.582800e-02	-1.43590e+01	-1.03663e+00	1.046307e+01	
766	7.592800e-02	-1.43590e+01	-1.03661e+00	1.037645e+01	
767	7.602800e-02	-1.43590e+01	-1.03661e+00	1.028002e+01	
768	7.612800e-02	-1.43590e+01	-1.03659e+00	1.017429e+01	
769	7.622800e-02	-1.43590e+01	-1.03659e+00	1.005897e+01	
770	7.632800e-02	-1.43590e+01	-1.03657e+00	9.934548e+00	
771	7.642800e-02	-1.43590e+01	-1.03657e+00	9.800782e+00	
772	7.652800e-02	-1.43590e+01	-1.03655e+00	9.658157e+00	
773	7.662800e-02	-1.43590e+01	-1.03655e+00	9.506472e+00	
774	7.672800e-02	-1.43590e+01	-1.03653e+00	9.346201e+00	
775	7.682800e-02	-1.43590e+01	-1.03653e+00	9.177190e+00	
776	7.692800e-02	-1.43590e+01	-1.03651e+00	8.999901e+00	
777	7.702800e-02	-1.43590e+01	-1.03650e+00	8.814222e+00	
778	7.712800e-02	-1.43590e+01	-1.03649e+00	8.620607e+00	
779	7.722800e-02	-1.43590e+01	-1.03648e+00	8.418984e+00	
780	7.732800e-02	-1.43590e+01	-1.03647e+00	8.209800e+00	
781	7.742800e-02	-1.43590e+01	-1.03646e+00	7.993018e+00	
782	7.752800e-02	-1.43590e+01	-1.03645e+00	7.769078e+00	
783	7.762800e-02	-1.43590e+01	-1.03644e+00	7.537979e+00	
784	7.772800e-02	-1.43590e+01	-1.03643e+00	7.300153e+00	
785	7.782800e-02	-1.43590e+01	-1.03643e+00	7.055631e+00	
786	7.792800e-02	-1.43590e+01	-1.03641e+00	6.804839e+00	
787	7.802800e-02	-1.43590e+01	-1.03641e+00	6.547837e+00	
788	7.812800e-02	-1.43590e+01	-1.03640e+00	6.285045e+00	
789	7.822800e-02	-1.43590e+01	-1.03639e+00	6.016547e+00	
790	7.832800e-02	-1.43590e+01	-1.03638e+00	5.742759e+00	
791	7.842800e-02	-1.43590e+01	-1.03637e+00	5.463786e+00	
792	7.852800e-02	-1.43590e+01	-1.03636e+00	5.180038e+00	
793	7.862800e-02	-1.43590e+01	-1.03635e+00	4.891637e+00	
794	7.872800e-02	-1.43590e+01	-1.03634e+00	4.598982e+00	
795	7.882800e-02	-1.43590e+01	-1.03634e+00	4.302211e+00	
796	7.892800e-02	-1.43590e+01	-1.03633e+00	4.001708e+00	
797	7.902800e-02	-1.43590e+01	-1.03632e+00	3.697614e+00	
798	7.912800e-02	-1.43590e+01	-1.03631e+00	3.390290e+00	
799	7.922800e-02	-1.43590e+01	-1.03631e+00	3.079862e+00	
800	7.932800e-02	-1.43590e+01	-1.03630e+00	2.766644e+00	
801	7.942800e-02	-1.43590e+01	-1.03629e+00	2.450703e+00	
802	7.952800e-02	-1.43590e+01	-1.03628e+00	2.132224e+00	
803	7.962800e-02	-1.43590e+01	-1.03628e+00	1.811057e+00	
804	7.972800e-02	-1.43590e+01	-1.03627e+00	1.486893e+00	
805	7.982800e-02	-1.43590e+01	-1.03626e+00	1.158103e+00	
806	7.992800e-02	-1.43590e+01	-1.03624e+00	8.191682e-01	
807	8.002800e-02	-1.43590e+01	-1.03614e+00	4.270537e-01	
808	8.012800e-02	-1.43590e+01	-1.03628e+00	6.618771e-02	

Index   time            q.x1.q12#collCX q.x1.q13#collCX q.x1.q14#collCX 
--------------------------------------------------------------------------------
809	8.022800e-02	-1.43590e+01	-1.03618e+00	-2.68416e-01	
810	8.032800e-02	-1.43590e+01	-1.03627e+00	-5.99664e-01	
811	8.042800e-02	-1.43590e+01	-1.03618e+00	-9.24147e-01	
812	8.052800e-02	-1.43590e+01	-1.03626e+00	-1.24807e+00	
813	8.062800e-02	-1.43590e+01	-1.03617e+00	-1.56748e+00	
814	8.072800e-02	-1.43590e+01	-1.03625e+00	-1.88625e+00	
815	8.082800e-02	-1.43590e+01	-1.03617e+00	-2.20035e+00	
816	8.092800e-02	-1.43590e+01	-1.03624e+00	-2.51327e+00	
817	8.102800e-02	-1.43590e+01	-1.03616e+00	-2.82127e+00	
818	8.112800e-02	-1.43590e+01	-1.03622e+00	-3.12747e+00	
819	8.122800e-02	-1.43590e+01	-1.03616e+00	-3.42839e+00	
820	8.132800e-02	-1.43590e+01	-1.03622e+00	-3.72684e+00	
821	8.142800e-02	-1.43590e+01	-1.03615e+00	-4.01962e+00	
822	8.152800e-02	-1.43590e+01	-1.03621e+00	-4.30926e+00	
823	8.162800e-02	-1.43590e+01	-1.03615e+00	-4.59283e+00	
824	8.172800e-02	-1.43590e+01	-1.03620e+00	-4.87260e+00	
825	8.182800e-02	-1.43590e+01	-1.03615e+00	-5.14588e+00	
826	8.192800e-02	-1.43590e+01	-1.03619e+00	-5.41474e+00	
827	8.202800e-02	-1.43590e+01	-1.03615e+00	-5.67670e+00	
828	8.212800e-02	-1.43590e+01	-1.03619e+00	-5.93362e+00	
829	8.222800e-02	-1.43590e+01	-1.03615e+00	-6.18324e+00	
830	8.232800e-02	-1.43590e+01	-1.03619e+00	-6.42725e+00	
831	8.242800e-02	-1.43590e+01	-1.03615e+00	-6.66356e+00	
832	8.252800e-02	-1.43590e+01	-1.03619e+00	-6.89371e+00	
833	8.262800e-02	-1.43590e+01	-1.03615e+00	-7.11579e+00	
834	8.272800e-02	-1.43590e+01	-1.03619e+00	-7.33120e+00	
835	8.282800e-02	-1.43590e+01	-1.03616e+00	-7.53819e+00	
836	8.292800e-02	-1.43590e+01	-1.03619e+00	-7.73802e+00	
837	8.302800e-02	-1.43590e+01	-1.03616e+00	-7.92910e+00	
838	8.312800e-02	-1.43590e+01	-1.03619e+00	-8.11258e+00	
839	8.322800e-02	-1.43590e+01	-1.03617e+00	-8.28700e+00	
840	8.332800e-02	-1.43590e+01	-1.03620e+00	-8.45342e+00	
841	8.342800e-02	-1.43590e+01	-1.03618e+00	-8.61050e+00	
842	8.352800e-02	-1.43590e+01	-1.03621e+00	-8.75920e+00	
843	8.362800e-02	-1.43590e+01	-1.03619e+00	-8.89832e+00	
844	8.372800e-02	-1.43590e+01	-1.03621e+00	-9.02873e+00	
845	8.382800e-02	-1.43590e+01	-1.03620e+00	-9.14933e+00	
846	8.392800e-02	-1.43590e+01	-1.03622e+00	-9.26095e+00	
847	8.402800e-02	-1.43590e+01	-1.03621e+00	-9.36257e+00	
848	8.412800e-02	-1.43590e+01	-1.03624e+00	-9.45494e+00	
849	8.422800e-02	-1.43590e+01	-1.03623e+00	-9.53718e+00	
850	8.432800e-02	-1.43590e+01	-1.03625e+00	-9.60996e+00	
851	8.442800e-02	-1.43590e+01	-1.03624e+00	-9.67248e+00	
852	8.452800e-02	-1.43590e+01	-1.03626e+00	-9.72538e+00	
853	8.462800e-02	-1.43590e+01	-1.03626e+00	-9.76794e+00	
854	8.472800e-02	-1.43590e+01	-1.03628e+00	-9.80076e+00	
855	8.482800e-02	-1.43590e+01	-1.03628e+00	-9.82319e+00	
856	8.492800e-02	-1.43590e+01	-1.03630e+00	-9.83579e+00	
857	8.502800e-02	-1.43590e+01	-1.03630e+00	-9.83800e+00	
858	8.512800e-02	-1.43590e+01	-1.03632e+00	-9.83035e+00	
859	8.522800e-02	-1.43590e+01	-1.03632e+00	-9.81233e+00	
860	8.532800e-02	-1.43590e+01	-1.03634e+00	-9.78445e+00	
861	8.542800e-02	-1.43590e+01	-1.03634e+00	-9.74627e+00	
862	8.552800e-02	-1.43590e+01	-1.03636e+00	-9.69827e+00	
863	8.562800e-02	-1.43590e+01	-1.03636e+00	-9.64007e+00	
864	8.572800e-02	-1.43590e+01	-1.03638e+00	-9.57215e+00	
865	8.582800e-02	-1.43590e+01	-1.03638e+00	-9.49417e+00	
866	8.592800e-02	-1.43590e+01	-1.03640e+00	-9.40659e+00	

Index   time            q.x1.q12#collCX q.x1.q13#collCX q.x1.q14#collCX 
--------------------------------------------------------------------------------
867	8.602800e-02	-1.43590e+01	-1.03641e+00	-9.30913e+00	
868	8.612800e-02	-1.43590e+01	-1.03643e+00	-9.20223e+00	
869	8.622800e-02	-1.43590e+01	-1.03643e+00	-9.08568e+00	
870	8.632800e-02	-1.43590e+01	-1.03645e+00	-8.95988e+00	
871	8.642800e-02	-1.43590e+01	-1.03646e+00	-8.82469e+00	
872	8.652800e-02	-1.43590e+01	-1.03648e+00	-8.68050e+00	
873	8.662800e-02	-1.43590e+01	-1.03648e+00	-8.52718e+00	
874	8.672800e-02	-1.43590e+01	-1.03650e+00	-8.36516e+00	
875	8.682800e-02	-1.43590e+01	-1.03651e+00	-8.19433e+00	
876	8.692800e-02	-1.43590e+01	-1.03653e+00	-8.01511e+00	
877	8.702800e-02	-1.43590e+01	-1.03653e+00	-7.82744e+00	
878	8.712800e-02	-1.43590e+01	-1.03655e+00	-7.63172e+00	
879	8.722800e-02	-1.43590e+01	-1.03656e+00	-7.42794e+00	
880	8.732800e-02	-1.43590e+01	-1.03658e+00	-7.21648e+00	
881	8.742800e-02	-1.43590e+01	-1.03659e+00	-6.99738e+00	
882	8.752800e-02	-1.43590e+01	-1.03660e+00	-6.77102e+00	
883	8.762800e-02	-1.43590e+01	-1.03661e+00	-6.53745e+00	
884	8.772800e-02	-1.43590e+01	-1.03663e+00	-6.29706e+00	
885	8.782800e-02	-1.43590e+01	-1.03664e+00	-6.04992e+00	
886	8.792800e-02	-1.43590e+01	-1.03665e+00	-5.79644e+00	
887	8.802800e-02	-1.43590e+01	-1.03666e+00	-5.53669e+00	
888	8.812800e-02	-1.43590e+01	-1.03668e+00	-5.27109e+00	
889	8.822800e-02	-1.43590e+01	-1.03669e+00	-4.99973e+00	
890	8.832800e-02	-1.43590e+01	-1.03670e+00	-4.72302e+00	
891	8.842800e-02	-1.43590e+01	-1.03671e+00	-4.44109e+00	
892	8.852800e-02	-1.43590e+01	-1.03672e+00	-4.15431e+00	
893	8.862800e-02	-1.43590e+01	-1.03673e+00	-3.86286e+00	
894	8.872800e-02	-1.43590e+01	-1.03675e+00	-3.56710e+00	
895	8.882800e-02	-1.43590e+01	-1.03675e+00	-3.26720e+00	
896	8.892800e-02	-1.43590e+01	-1.03677e+00	-2.96351e+00	
897	8.902800e-02	-1.43590e+01	-1.03677e+00	-2.65622e+00	
898	8.912800e-02	-1.43590e+01	-1.03679e+00	-2.34566e+00	
899	8.922800e-02	-1.43590e+01	-1.03679e+00	-2.03197e+00	
900	8.932800e-02	-1.43590e+01	-1.03681e+00	-1.71546e+00	
901	8.942800e-02	-1.43590e+01	-1.03681e+00	-1.39622e+00	
902	8.952800e-02	-1.43590e+01	-1.03682e+00	-1.07441e+00	
903	8.962800e-02	-1.43590e+01	-1.03683e+00	-7.49891e-01	
904	8.972800e-02	-1.43590e+01	-1.03684e+00	-4.22326e-01	
905	8.982800e-02	-1.43590e+01	-1.03685e+00	-9.00396e-02	
906	8.992800e-02	-1.43590e+01	-1.03688e+00	2.528738e-01	
907	9.002800e-02	-1.43590e+01	-1.03697e+00	6.481040e-01	
908	9.012800e-02	-1.43590e+01	-1.03682e+00	1.003831e+00	
909	9.022800e-02	-1.43590e+01	-1.03693e+00	1.334594e+00	
910	9.032800e-02	-1.43590e+01	-1.03682e+00	1.662052e+00	
911	9.042800e-02	-1.43590e+01	-1.03693e+00	1.983382e+00	
912	9.052800e-02	-1.43590e+01	-1.03683e+00	2.304306e+00	
913	9.062800e-02	-1.43590e+01	-1.03693e+00	2.620209e+00	
914	9.072800e-02	-1.43590e+01	-1.03684e+00	2.935855e+00	
915	9.082800e-02	-1.43590e+01	-1.03693e+00	3.246509e+00	
916	9.092800e-02	-1.43590e+01	-1.03685e+00	3.556349e+00	
917	9.102800e-02	-1.43590e+01	-1.03693e+00	3.860972e+00	
918	9.112800e-02	-1.43590e+01	-1.03685e+00	4.164128e+00	
919	9.122800e-02	-1.43590e+01	-1.03693e+00	4.461747e+00	
920	9.132800e-02	-1.43590e+01	-1.03686e+00	4.757215e+00	
921	9.142800e-02	-1.43590e+01	-1.03693e+00	5.046784e+00	
922	9.152800e-02	-1.43590e+01	-1.03686e+00	5.333518e+00	
923	9.162800e-02	-1.43590e+01	-1.03692e+00	5.613971e+00	
924	9.172800e-02	-1.43590e+01	-1.03686e+00	5.890921e+00	

Index   time            q.x1.q12#collCX q.x1.q13#collCX q.x1.q14#collCX 
--------------------------------------------------------------------------------
925	9.182800e-02	-1.43590e+01	-1.03692e+00	6.161200e+00	
926	9.192800e-02	-1.43590e+01	-1.03686e+00	6.427333e+00	
927	9.202800e-02	-1.43590e+01	-1.03691e+00	6.686405e+00	
928	9.212800e-02	-1.43590e+01	-1.03686e+00	6.940713e+00	
929	9.222800e-02	-1.43590e+01	-1.03691e+00	7.187580e+00	
930	9.232800e-02	-1.43590e+01	-1.03686e+00	7.429093e+00	
931	9.242800e-02	-1.43590e+01	-1.03690e+00	7.662796e+00	
932	9.252800e-02	-1.43590e+01	-1.03685e+00	7.890588e+00	
933	9.262800e-02	-1.43590e+01	-1.03689e+00	8.110216e+00	
934	9.272800e-02	-1.43590e+01	-1.03685e+00	8.323411e+00	
935	9.282800e-02	-1.43590e+01	-1.03688e+00	8.528106e+00	
936	9.292800e-02	-1.43590e+01	-1.03684e+00	8.725879e+00	
937	9.302800e-02	-1.43590e+01	-1.03687e+00	8.914839e+00	
938	9.312800e-02	-1.43590e+01	-1.03683e+00	9.096426e+00	
939	9.322800e-02	-1.43590e+01	-1.03686e+00	9.268908e+00	
940	9.332800e-02	-1.43590e+01	-1.03682e+00	9.433604e+00	
941	9.342800e-02	-1.43590e+01	-1.03684e+00	9.588932e+00	
942	9.352800e-02	-1.43590e+01	-1.03681e+00	9.736098e+00	
943	9.362800e-02	-1.43590e+01	-1.03683e+00	9.873659e+00	
944	9.372800e-02	-1.43590e+01	-1.03680e+00	1.000272e+01	
945	9.382800e-02	-1.43590e+01	-1.03681e+00	1.012198e+01	
946	9.392800e-02	-1.43590e+01	-1.03679e+00	1.023244e+01	
947	9.402800e-02	-1.43590e+01	-1.03680e+00	1.033291e+01	
948	9.412800e-02	-1.43590e+01	-1.03677e+00	1.042434e+01	
949	9.422800e-02	-1.43590e+01	-1.03678e+00	1.050563e+01	
950	9.432800e-02	-1.43590e+01	-1.03676e+00	1.057767e+01	
951	9.442800e-02	-1.43590e+01	-1.03676e+00	1.063947e+01	
952	9.452800e-02	-1.43590e+01	-1.03674e+00	1.069184e+01	
953	9.462800e-02	-1.43590e+01	-1.03675e+00	1.073390e+01	
954	9.472800e-02	-1.43590e+01	-1.03672e+00	1.076640e+01	
955	9.482800e-02	-1.43590e+01	-1.03673e+00	1.078855e+01	
956	9.492800e-02	-1.43590e+01	-1.03671e+00	1.080105e+01	
957	9.502800e-02	-1.43590e+01	-1.03671e+00	1.080320e+01	
958	9.512800e-02	-1.43590e+01	-1.03669e+00	1.079566e+01	
959	9.522800e-02	-1.43590e+01	-1.03669e+00	1.077780e+01	
960	9.532800e-02	-1.43590e+01	-1.03667e+00	1.075025e+01	
961	9.542800e-02	-1.43590e+01	-1.03667e+00	1.071245e+01	
962	9.552800e-02	-1.43590e+01	-1.03665e+00	1.066500e+01	
963	9.562800e-02	-1.43590e+01	-1.03665e+00	1.060740e+01	
964	9.572800e-02	-1.43590e+01	-1.03663e+00	1.054023e+01	
965	9.582800e-02	-1.43590e+01	-1.03663e+00	1.046307e+01	
966	9.592800e-02	-1.43590e+01	-1.03661e+00	1.037645e+01	
967	9.602800e-02	-1.43590e+01	-1.03661e+00	1.028002e+01	
968	9.612800e-02	-1.43590e+01	-1.03659e+00	1.017429e+01	
969	9.622800e-02	-1.43590e+01	-1.03659e+00	1.005897e+01	
970	9.632800e-02	-1.43590e+01	-1.03657e+00	9.934548e+00	
971	9.642800e-02	-1.43590e+01	-1.03657e+00	9.800782e+00	
972	9.652800e-02	-1.43590e+01	-1.03655e+00	9.658157e+00	
973	9.662800e-02	-1.43590e+01	-1.03655e+00	9.506472e+00	
974	9.672800e-02	-1.43590e+01	-1.03653e+00	9.346201e+00	
975	9.682800e-02	-1.43590e+01	-1.03653e+00	9.177190e+00	
976	9.692800e-02	-1.43590e+01	-1.03651e+00	8.999901e+00	
977	9.702800e-02	-1.43590e+01	-1.03650e+00	8.814222e+00	
978	9.712800e-02	-1.43590e+01	-1.03649e+00	8.620607e+00	
979	9.722800e-02	-1.43590e+01	-1.03648e+00	8.418984e+00	
980	9.732800e-02	-1.43590e+01	-1.03647e+00	8.209800e+00	
981	9.742800e-02	-1.43590e+01	-1.03646e+00	7.993018e+00	
982	9.752800e-02	-1.43590e+01	-1.03645e+00	7.769078e+00	

Index   time            q.x1.q12#collCX q.x1.q13#collCX q.x1.q14#collCX 
--------------------------------------------------------------------------------
983	9.762800e-02	-1.43590e+01	-1.03644e+00	7.537979e+00	
984	9.772800e-02	-1.43590e+01	-1.03643e+00	7.300153e+00	
985	9.782800e-02	-1.43590e+01	-1.03643e+00	7.055631e+00	
986	9.792800e-02	-1.43590e+01	-1.03641e+00	6.804839e+00	
987	9.802800e-02	-1.43590e+01	-1.03641e+00	6.547837e+00	
988	9.812800e-02	-1.43590e+01	-1.03640e+00	6.285045e+00	
989	9.822800e-02	-1.43590e+01	-1.03639e+00	6.016547e+00	
990	9.832800e-02	-1.43590e+01	-1.03638e+00	5.742759e+00	
991	9.842800e-02	-1.43590e+01	-1.03637e+00	5.463786e+00	
992	9.852800e-02	-1.43590e+01	-1.03636e+00	5.180038e+00	
993	9.862800e-02	-1.43590e+01	-1.03635e+00	4.891637e+00	
994	9.872800e-02	-1.43590e+01	-1.03634e+00	4.598983e+00	
995	9.882800e-02	-1.43590e+01	-1.03634e+00	4.302211e+00	
996	9.892800e-02	-1.43590e+01	-1.03633e+00	4.001709e+00	
997	9.902800e-02	-1.43590e+01	-1.03632e+00	3.697614e+00	
998	9.912800e-02	-1.43590e+01	-1.03631e+00	3.390290e+00	
999	9.922800e-02	-1.43590e+01	-1.03631e+00	3.079862e+00	
1000	9.932800e-02	-1.43590e+01	-1.03630e+00	2.766644e+00	
1001	9.942800e-02	-1.43590e+01	-1.03629e+00	2.450703e+00	
1002	9.952800e-02	-1.43590e+01	-1.03628e+00	2.132224e+00	
1003	9.962800e-02	-1.43590e+01	-1.03628e+00	1.811056e+00	
1004	9.972800e-02	-1.43590e+01	-1.03627e+00	1.486893e+00	
1005	9.982800e-02	-1.43590e+01	-1.03626e+00	1.158103e+00	
1006	9.992800e-02	-1.43590e+01	-1.03624e+00	8.191683e-01	
1007	1.000000e-01	-1.43590e+01	-1.03617e+00	5.448164e-01	

                                kicad schematic
                                Transient Analysis  Mon Feb 10 01:04:19  2025
--------------------------------------------------------------------------------
Index   time            q.x1.q15#collCX q.x1.q16#collCX q.x1.q17#collCX 
--------------------------------------------------------------------------------
0	0.000000e+00	-5.22082e-01	-5.21319e-01	-1.37803e+01	
1	1.000000e-06	-5.23819e-01	-5.23056e-01	-1.37803e+01	
2	2.000000e-06	-5.26604e-01	-5.25841e-01	-1.37803e+01	
3	4.000000e-06	-5.33430e-01	-5.32667e-01	-1.37802e+01	
4	8.000000e-06	-5.50294e-01	-5.49531e-01	-1.37802e+01	
5	1.600000e-05	-5.84772e-01	-5.84008e-01	-1.37801e+01	
6	3.200000e-05	-6.50177e-01	-6.49411e-01	-1.37799e+01	
7	6.400000e-05	-7.70516e-01	-7.69748e-01	-1.37796e+01	
8	1.280000e-04	-9.94312e-01	-9.93540e-01	-1.37790e+01	
9	2.280000e-04	-1.33071e+00	-1.32993e+00	-1.37780e+01	
10	3.280000e-04	-1.66040e+00	-1.65961e+00	-1.37770e+01	
11	4.280000e-04	-1.98676e+00	-1.98596e+00	-1.37760e+01	
12	5.280000e-04	-2.31010e+00	-2.30930e+00	-1.37750e+01	
13	6.280000e-04	-2.63085e+00	-2.63005e+00	-1.37741e+01	
14	7.280000e-04	-2.94896e+00	-2.94815e+00	-1.37731e+01	
15	8.280000e-04	-3.26431e+00	-3.26349e+00	-1.37722e+01	
16	9.280000e-04	-3.57666e+00	-3.57583e+00	-1.37712e+01	
17	1.028000e-03	-3.88582e+00	-3.88499e+00	-1.37703e+01	
18	1.128000e-03	-4.19152e+00	-4.19067e+00	-1.37693e+01	
19	1.228000e-03	-4.49351e+00	-4.49266e+00	-1.37684e+01	
20	1.328000e-03	-4.79152e+00	-4.79066e+00	-1.37675e+01	
21	1.428000e-03	-5.08530e+00	-5.08444e+00	-1.37666e+01	
22	1.528000e-03	-5.37456e+00	-5.37369e+00	-1.37657e+01	
23	1.628000e-03	-5.65906e+00	-5.65818e+00	-1.37648e+01	
24	1.728000e-03	-5.93850e+00	-5.93761e+00	-1.37640e+01	
25	1.828000e-03	-6.21264e+00	-6.21175e+00	-1.37631e+01	
26	1.928000e-03	-6.48121e+00	-6.48031e+00	-1.37623e+01	
27	2.028000e-03	-6.74396e+00	-6.74306e+00	-1.37614e+01	
28	2.128000e-03	-7.00062e+00	-6.99972e+00	-1.37606e+01	
29	2.228000e-03	-7.25098e+00	-7.25006e+00	-1.37599e+01	
30	2.328000e-03	-7.49476e+00	-7.49384e+00	-1.37591e+01	
31	2.428000e-03	-7.73175e+00	-7.73082e+00	-1.37583e+01	
32	2.528000e-03	-7.96170e+00	-7.96077e+00	-1.37576e+01	
33	2.628000e-03	-8.18441e+00	-8.18347e+00	-1.37569e+01	
34	2.728000e-03	-8.39965e+00	-8.39870e+00	-1.37562e+01	
35	2.828000e-03	-8.60721e+00	-8.60626e+00	-1.37556e+01	
36	2.928000e-03	-8.80688e+00	-8.80593e+00	-1.37549e+01	
37	3.028000e-03	-8.99849e+00	-8.99753e+00	-1.37543e+01	
38	3.128000e-03	-9.18182e+00	-9.18086e+00	-1.37537e+01	
39	3.228000e-03	-9.35673e+00	-9.35576e+00	-1.37532e+01	
40	3.328000e-03	-9.52301e+00	-9.52204e+00	-1.37526e+01	
41	3.428000e-03	-9.68052e+00	-9.67955e+00	-1.37521e+01	
42	3.528000e-03	-9.82910e+00	-9.82812e+00	-1.37517e+01	
43	3.628000e-03	-9.96861e+00	-9.96763e+00	-1.37512e+01	
44	3.728000e-03	-1.00989e+01	-1.00979e+01	-1.37508e+01	
45	3.828000e-03	-1.02199e+01	-1.02189e+01	-1.37504e+01	
46	3.928000e-03	-1.03314e+01	-1.03304e+01	-1.37500e+01	
47	4.028000e-03	-1.04333e+01	-1.04323e+01	-1.37497e+01	
48	4.128000e-03	-1.05256e+01	-1.05246e+01	-1.37494e+01	
49	4.228000e-03	-1.06081e+01	-1.06071e+01	-1.37491e+01	
50	4.328000e-03	-1.06807e+01	-1.06797e+01	-1.37489e+01	
51	4.428000e-03	-1.07435e+01	-1.07425e+01	-1.37487e+01	
52	4.528000e-03	-1.07963e+01	-1.07953e+01	-1.37485e+01	
53	4.628000e-03	-1.08390e+01	-1.08380e+01	-1.37484e+01	
54	4.728000e-03	-1.08717e+01	-1.08707e+01	-1.37483e+01	

Index   time            q.x1.q15#collCX q.x1.q16#collCX q.x1.q17#collCX 
--------------------------------------------------------------------------------
55	4.828000e-03	-1.08943e+01	-1.08933e+01	-1.37482e+01	
56	4.928000e-03	-1.09068e+01	-1.09058e+01	-1.37482e+01	
57	5.028000e-03	-1.09091e+01	-1.09081e+01	-1.37481e+01	
58	5.128000e-03	-1.09014e+01	-1.09004e+01	-1.37482e+01	
59	5.228000e-03	-1.08834e+01	-1.08824e+01	-1.37482e+01	
60	5.328000e-03	-1.08554e+01	-1.08544e+01	-1.37483e+01	
61	5.428000e-03	-1.08173e+01	-1.08163e+01	-1.37484e+01	
62	5.528000e-03	-1.07692e+01	-1.07682e+01	-1.37486e+01	
63	5.628000e-03	-1.07110e+01	-1.07100e+01	-1.37488e+01	
64	5.728000e-03	-1.06429e+01	-1.06419e+01	-1.37490e+01	
65	5.828000e-03	-1.05650e+01	-1.05640e+01	-1.37493e+01	
66	5.928000e-03	-1.04772e+01	-1.04762e+01	-1.37496e+01	
67	6.028000e-03	-1.03797e+01	-1.03787e+01	-1.37499e+01	
68	6.128000e-03	-1.02726e+01	-1.02717e+01	-1.37502e+01	
69	6.228000e-03	-1.01561e+01	-1.01551e+01	-1.37506e+01	
70	6.328000e-03	-1.00301e+01	-1.00291e+01	-1.37510e+01	
71	6.428000e-03	-9.89481e+00	-9.89383e+00	-1.37514e+01	
72	6.528000e-03	-9.75041e+00	-9.74943e+00	-1.37519e+01	
73	6.628000e-03	-9.59701e+00	-9.59604e+00	-1.37524e+01	
74	6.728000e-03	-9.43476e+00	-9.43380e+00	-1.37529e+01	
75	6.828000e-03	-9.26383e+00	-9.26287e+00	-1.37535e+01	
76	6.928000e-03	-9.08438e+00	-9.08342e+00	-1.37541e+01	
77	7.028000e-03	-8.89657e+00	-8.89562e+00	-1.37547e+01	
78	7.128000e-03	-8.70061e+00	-8.69966e+00	-1.37553e+01	
79	7.228000e-03	-8.49667e+00	-8.49573e+00	-1.37559e+01	
80	7.328000e-03	-8.28496e+00	-8.28402e+00	-1.37566e+01	
81	7.428000e-03	-8.06569e+00	-8.06476e+00	-1.37573e+01	
82	7.528000e-03	-7.83906e+00	-7.83813e+00	-1.37580e+01	
83	7.628000e-03	-7.60530e+00	-7.60438e+00	-1.37588e+01	
84	7.728000e-03	-7.36463e+00	-7.36371e+00	-1.37595e+01	
85	7.828000e-03	-7.11729e+00	-7.11638e+00	-1.37603e+01	
86	7.928000e-03	-6.86352e+00	-6.86261e+00	-1.37611e+01	
87	8.028000e-03	-6.60355e+00	-6.60265e+00	-1.37619e+01	
88	8.128000e-03	-6.33764e+00	-6.33675e+00	-1.37627e+01	
89	8.228000e-03	-6.06605e+00	-6.06516e+00	-1.37636e+01	
90	8.328000e-03	-5.78903e+00	-5.78815e+00	-1.37644e+01	
91	8.428000e-03	-5.50684e+00	-5.50597e+00	-1.37653e+01	
92	8.528000e-03	-5.21976e+00	-5.21889e+00	-1.37662e+01	
93	8.628000e-03	-4.92804e+00	-4.92718e+00	-1.37671e+01	
94	8.728000e-03	-4.63195e+00	-4.63110e+00	-1.37680e+01	
95	8.828000e-03	-4.33177e+00	-4.33092e+00	-1.37689e+01	
96	8.928000e-03	-4.02776e+00	-4.02692e+00	-1.37699e+01	
97	9.028000e-03	-3.72018e+00	-3.71934e+00	-1.37708e+01	
98	9.128000e-03	-3.40928e+00	-3.40845e+00	-1.37717e+01	
99	9.228000e-03	-3.09530e+00	-3.09448e+00	-1.37727e+01	
100	9.328000e-03	-2.77845e+00	-2.77763e+00	-1.37736e+01	
101	9.428000e-03	-2.45890e+00	-2.45809e+00	-1.37746e+01	
102	9.528000e-03	-2.13674e+00	-2.13594e+00	-1.37756e+01	
103	9.628000e-03	-1.81190e+00	-1.81111e+00	-1.37766e+01	
104	9.728000e-03	-1.48399e+00	-1.48320e+00	-1.37775e+01	
105	9.828000e-03	-1.15137e+00	-1.15060e+00	-1.37785e+01	
106	9.928000e-03	-8.08089e-01	-8.07320e-01	-1.37795e+01	
107	1.002800e-02	-4.12412e-01	-4.11650e-01	-1.37805e+01	
108	1.012800e-02	-5.61816e-02	-5.54245e-02	-1.37813e+01	
109	1.022800e-02	2.750482e-01	2.758011e-01	-1.37819e+01	
110	1.032800e-02	6.029766e-01	6.037256e-01	-1.37826e+01	
111	1.042800e-02	9.247640e-01	9.255090e-01	-1.37832e+01	
112	1.052800e-02	1.246150e+00	1.246891e+00	-1.37839e+01	

Index   time            q.x1.q15#collCX q.x1.q16#collCX q.x1.q17#collCX 
--------------------------------------------------------------------------------
113	1.062800e-02	1.562505e+00	1.563242e+00	-1.37845e+01	
114	1.072800e-02	1.878609e+00	1.879343e+00	-1.37851e+01	
115	1.082800e-02	2.189712e+00	2.190441e+00	-1.37857e+01	
116	1.092800e-02	2.500004e+00	2.500730e+00	-1.37864e+01	
117	1.102800e-02	2.805071e+00	2.805793e+00	-1.37870e+01	
118	1.112800e-02	3.108673e+00	3.109391e+00	-1.37876e+01	
119	1.122800e-02	3.406729e+00	3.407443e+00	-1.37882e+01	
120	1.132800e-02	3.702635e+00	3.703346e+00	-1.37888e+01	
121	1.142800e-02	3.992633e+00	3.993340e+00	-1.37893e+01	
122	1.152800e-02	4.279797e+00	4.280500e+00	-1.37899e+01	
123	1.162800e-02	4.560668e+00	4.561368e+00	-1.37905e+01	
124	1.172800e-02	4.838037e+00	4.838734e+00	-1.37910e+01	
125	1.182800e-02	5.108724e+00	5.109417e+00	-1.37916e+01	
126	1.192800e-02	5.375261e+00	5.375951e+00	-1.37921e+01	
127	1.202800e-02	5.634728e+00	5.635415e+00	-1.37926e+01	
128	1.212800e-02	5.889426e+00	5.890110e+00	-1.37931e+01	
129	1.222800e-02	6.136672e+00	6.137353e+00	-1.37936e+01	
130	1.232800e-02	6.378559e+00	6.379236e+00	-1.37941e+01	
131	1.242800e-02	6.612624e+00	6.613298e+00	-1.37946e+01	
132	1.252800e-02	6.840771e+00	6.841443e+00	-1.37950e+01	
133	1.262800e-02	7.060743e+00	7.061411e+00	-1.37955e+01	
134	1.272800e-02	7.274272e+00	7.274938e+00	-1.37959e+01	
135	1.282800e-02	7.479289e+00	7.479953e+00	-1.37963e+01	
136	1.292800e-02	7.677376e+00	7.678037e+00	-1.37967e+01	
137	1.302800e-02	7.866635e+00	7.867294e+00	-1.37971e+01	
138	1.312800e-02	8.048511e+00	8.049168e+00	-1.37975e+01	
139	1.322800e-02	8.221269e+00	8.221923e+00	-1.37978e+01	
140	1.332800e-02	8.386229e+00	8.386881e+00	-1.37982e+01	
141	1.342800e-02	8.541806e+00	8.542456e+00	-1.37985e+01	
142	1.352800e-02	8.689210e+00	8.689858e+00	-1.37988e+01	
143	1.362800e-02	8.826993e+00	8.827639e+00	-1.37991e+01	
144	1.372800e-02	8.956266e+00	8.956911e+00	-1.37993e+01	
145	1.382800e-02	9.075712e+00	9.076355e+00	-1.37996e+01	
146	1.392800e-02	9.186352e+00	9.186994e+00	-1.37998e+01	
147	1.402800e-02	9.286989e+00	9.287630e+00	-1.38000e+01	
148	1.412800e-02	9.378566e+00	9.379205e+00	-1.38002e+01	
149	1.422800e-02	9.459996e+00	9.460635e+00	-1.38003e+01	
150	1.432800e-02	9.532153e+00	9.532791e+00	-1.38005e+01	
151	1.442800e-02	9.594054e+00	9.594691e+00	-1.38006e+01	
152	1.452800e-02	9.646511e+00	9.647147e+00	-1.38007e+01	
153	1.462800e-02	9.688638e+00	9.689273e+00	-1.38008e+01	
154	1.472800e-02	9.721190e+00	9.721826e+00	-1.38009e+01	
155	1.482800e-02	9.743375e+00	9.744010e+00	-1.38009e+01	
156	1.492800e-02	9.755898e+00	9.756533e+00	-1.38009e+01	
157	1.502800e-02	9.758051e+00	9.758686e+00	-1.38009e+01	
158	1.512800e-02	9.750498e+00	9.751133e+00	-1.38009e+01	
159	1.522800e-02	9.732609e+00	9.733244e+00	-1.38009e+01	
160	1.532800e-02	9.705011e+00	9.705646e+00	-1.38008e+01	
161	1.542800e-02	9.667148e+00	9.667784e+00	-1.38008e+01	
162	1.552800e-02	9.619615e+00	9.620252e+00	-1.38007e+01	
163	1.562800e-02	9.561926e+00	9.562563e+00	-1.38005e+01	
164	1.572800e-02	9.494646e+00	9.495284e+00	-1.38004e+01	
165	1.582800e-02	9.417355e+00	9.417994e+00	-1.38002e+01	
166	1.592800e-02	9.330595e+00	9.331235e+00	-1.38001e+01	
167	1.602800e-02	9.234004e+00	9.234645e+00	-1.37999e+01	
168	1.612800e-02	9.128104e+00	9.128747e+00	-1.37997e+01	
169	1.622800e-02	9.012591e+00	9.013236e+00	-1.37994e+01	
170	1.632800e-02	8.887969e+00	8.888615e+00	-1.37992e+01	

Index   time            q.x1.q15#collCX q.x1.q16#collCX q.x1.q17#collCX 
--------------------------------------------------------------------------------
171	1.642800e-02	8.753986e+00	8.754633e+00	-1.37989e+01	
172	1.652800e-02	8.611130e+00	8.611779e+00	-1.37986e+01	
173	1.662800e-02	8.459200e+00	8.459851e+00	-1.37983e+01	
174	1.672800e-02	8.298671e+00	8.299325e+00	-1.37980e+01	
175	1.682800e-02	8.129389e+00	8.130044e+00	-1.37976e+01	
176	1.692800e-02	7.951816e+00	7.952474e+00	-1.37973e+01	
177	1.702800e-02	7.765841e+00	7.766502e+00	-1.37969e+01	
178	1.712800e-02	7.571919e+00	7.572582e+00	-1.37965e+01	
179	1.722800e-02	7.369978e+00	7.370643e+00	-1.37961e+01	
180	1.732800e-02	7.160464e+00	7.161132e+00	-1.37957e+01	
181	1.742800e-02	6.943342e+00	6.944013e+00	-1.37952e+01	
182	1.752800e-02	6.719052e+00	6.719726e+00	-1.37948e+01	
183	1.762800e-02	6.487593e+00	6.488270e+00	-1.37943e+01	
184	1.772800e-02	6.249399e+00	6.250078e+00	-1.37938e+01	
185	1.782800e-02	6.004499e+00	6.005182e+00	-1.37933e+01	
186	1.792800e-02	5.753322e+00	5.754008e+00	-1.37928e+01	
187	1.802800e-02	5.495926e+00	5.496615e+00	-1.37923e+01	
188	1.812800e-02	5.232734e+00	5.233426e+00	-1.37918e+01	
189	1.822800e-02	4.963829e+00	4.964524e+00	-1.37913e+01	
190	1.832800e-02	4.689628e+00	4.690326e+00	-1.37907e+01	
191	1.842800e-02	4.410236e+00	4.410938e+00	-1.37901e+01	
192	1.852800e-02	4.126062e+00	4.126768e+00	-1.37896e+01	
193	1.862800e-02	3.837232e+00	3.837941e+00	-1.37890e+01	
194	1.872800e-02	3.544143e+00	3.544856e+00	-1.37884e+01	
195	1.882800e-02	3.246934e+00	3.247651e+00	-1.37878e+01	
196	1.892800e-02	2.945989e+00	2.946710e+00	-1.37872e+01	
197	1.902800e-02	2.641450e+00	2.642174e+00	-1.37866e+01	
198	1.912800e-02	2.333677e+00	2.334405e+00	-1.37860e+01	
199	1.922800e-02	2.022799e+00	2.023531e+00	-1.37854e+01	
200	1.932800e-02	1.709127e+00	1.709863e+00	-1.37848e+01	
201	1.942800e-02	1.392731e+00	1.393471e+00	-1.37841e+01	
202	1.952800e-02	1.073795e+00	1.074538e+00	-1.37835e+01	
203	1.962800e-02	7.521671e-01	7.529144e-01	-1.37829e+01	
204	1.972800e-02	4.275401e-01	4.282914e-01	-1.37822e+01	
205	1.982800e-02	9.828210e-02	9.903747e-02	-1.37815e+01	
206	1.992800e-02	-2.41135e-01	-2.40375e-01	-1.37809e+01	
207	2.002800e-02	-6.33764e-01	-6.32998e-01	-1.37800e+01	
208	2.012800e-02	-9.94999e-01	-9.94226e-01	-1.37790e+01	
209	2.022800e-02	-1.32995e+00	-1.32917e+00	-1.37780e+01	
210	2.032800e-02	-1.66154e+00	-1.66075e+00	-1.37770e+01	
211	2.042800e-02	-1.98636e+00	-1.98556e+00	-1.37760e+01	
212	2.052800e-02	-2.31060e+00	-2.30980e+00	-1.37750e+01	
213	2.062800e-02	-2.63035e+00	-2.62954e+00	-1.37741e+01	
214	2.072800e-02	-2.94944e+00	-2.94862e+00	-1.37731e+01	
215	2.082800e-02	-3.26386e+00	-3.26304e+00	-1.37722e+01	
216	2.092800e-02	-3.57710e+00	-3.57627e+00	-1.37712e+01	
217	2.102800e-02	-3.88541e+00	-3.88457e+00	-1.37703e+01	
218	2.112800e-02	-4.19191e+00	-4.19107e+00	-1.37693e+01	
219	2.122800e-02	-4.49314e+00	-4.49229e+00	-1.37684e+01	
220	2.132800e-02	-4.79188e+00	-4.79102e+00	-1.37675e+01	
221	2.142800e-02	-5.08496e+00	-5.08410e+00	-1.37666e+01	
222	2.152800e-02	-5.37489e+00	-5.37402e+00	-1.37657e+01	
223	2.162800e-02	-5.65875e+00	-5.65787e+00	-1.37648e+01	
224	2.172800e-02	-5.93880e+00	-5.93791e+00	-1.37640e+01	
225	2.182800e-02	-6.21236e+00	-6.21146e+00	-1.37631e+01	
226	2.192800e-02	-6.48148e+00	-6.48058e+00	-1.37623e+01	
227	2.202800e-02	-6.74370e+00	-6.74279e+00	-1.37614e+01	
228	2.212800e-02	-7.00087e+00	-6.99996e+00	-1.37606e+01	

Index   time            q.x1.q15#collCX q.x1.q16#collCX q.x1.q17#collCX 
--------------------------------------------------------------------------------
229	2.222800e-02	-7.25074e+00	-7.24983e+00	-1.37599e+01	
230	2.232800e-02	-7.49499e+00	-7.49407e+00	-1.37591e+01	
231	2.242800e-02	-7.73153e+00	-7.73061e+00	-1.37583e+01	
232	2.252800e-02	-7.96191e+00	-7.96098e+00	-1.37576e+01	
233	2.262800e-02	-8.18421e+00	-8.18328e+00	-1.37569e+01	
234	2.272800e-02	-8.39983e+00	-8.39889e+00	-1.37562e+01	
235	2.282800e-02	-8.60703e+00	-8.60608e+00	-1.37556e+01	
236	2.292800e-02	-8.80705e+00	-8.80610e+00	-1.37549e+01	
237	2.302800e-02	-8.99832e+00	-8.99736e+00	-1.37543e+01	
238	2.312800e-02	-9.18198e+00	-9.18102e+00	-1.37537e+01	
239	2.322800e-02	-9.35657e+00	-9.35561e+00	-1.37532e+01	
240	2.332800e-02	-9.52315e+00	-9.52218e+00	-1.37526e+01	
241	2.342800e-02	-9.68039e+00	-9.67941e+00	-1.37521e+01	
242	2.352800e-02	-9.82923e+00	-9.82826e+00	-1.37517e+01	
243	2.362800e-02	-9.96849e+00	-9.96750e+00	-1.37512e+01	
244	2.372800e-02	-1.00990e+01	-1.00980e+01	-1.37508e+01	
245	2.382800e-02	-1.02197e+01	-1.02188e+01	-1.37504e+01	
246	2.392800e-02	-1.03315e+01	-1.03305e+01	-1.37500e+01	
247	2.402800e-02	-1.04332e+01	-1.04322e+01	-1.37497e+01	
248	2.412800e-02	-1.05257e+01	-1.05247e+01	-1.37494e+01	
249	2.422800e-02	-1.06080e+01	-1.06070e+01	-1.37491e+01	
250	2.432800e-02	-1.06808e+01	-1.06798e+01	-1.37489e+01	
251	2.442800e-02	-1.07434e+01	-1.07424e+01	-1.37487e+01	
252	2.452800e-02	-1.07964e+01	-1.07953e+01	-1.37485e+01	
253	2.462800e-02	-1.08390e+01	-1.08379e+01	-1.37484e+01	
254	2.472800e-02	-1.08718e+01	-1.08708e+01	-1.37483e+01	
255	2.482800e-02	-1.08943e+01	-1.08932e+01	-1.37482e+01	
256	2.492800e-02	-1.09069e+01	-1.09059e+01	-1.37482e+01	
257	2.502800e-02	-1.09091e+01	-1.09081e+01	-1.37481e+01	
258	2.512800e-02	-1.09014e+01	-1.09004e+01	-1.37482e+01	
259	2.522800e-02	-1.08834e+01	-1.08824e+01	-1.37482e+01	
260	2.532800e-02	-1.08555e+01	-1.08545e+01	-1.37483e+01	
261	2.542800e-02	-1.08173e+01	-1.08163e+01	-1.37484e+01	
262	2.552800e-02	-1.07692e+01	-1.07682e+01	-1.37486e+01	
263	2.562800e-02	-1.07110e+01	-1.07100e+01	-1.37488e+01	
264	2.572800e-02	-1.06430e+01	-1.06420e+01	-1.37490e+01	
265	2.582800e-02	-1.05649e+01	-1.05639e+01	-1.37493e+01	
266	2.592800e-02	-1.04772e+01	-1.04762e+01	-1.37496e+01	
267	2.602800e-02	-1.03797e+01	-1.03787e+01	-1.37499e+01	
268	2.612800e-02	-1.02727e+01	-1.02717e+01	-1.37502e+01	
269	2.622800e-02	-1.01560e+01	-1.01550e+01	-1.37506e+01	
270	2.632800e-02	-1.00301e+01	-1.00291e+01	-1.37510e+01	
271	2.642800e-02	-9.89477e+00	-9.89379e+00	-1.37514e+01	
272	2.652800e-02	-9.75044e+00	-9.74946e+00	-1.37519e+01	
273	2.662800e-02	-9.59698e+00	-9.59601e+00	-1.37524e+01	
274	2.672800e-02	-9.43479e+00	-9.43383e+00	-1.37529e+01	
275	2.682800e-02	-9.26380e+00	-9.26284e+00	-1.37535e+01	
276	2.692800e-02	-9.08440e+00	-9.08344e+00	-1.37541e+01	
277	2.702800e-02	-8.89655e+00	-8.89559e+00	-1.37547e+01	
278	2.712800e-02	-8.70063e+00	-8.69968e+00	-1.37553e+01	
279	2.722800e-02	-8.49665e+00	-8.49570e+00	-1.37559e+01	
280	2.732800e-02	-8.28499e+00	-8.28405e+00	-1.37566e+01	
281	2.742800e-02	-8.06567e+00	-8.06473e+00	-1.37573e+01	
282	2.752800e-02	-7.83908e+00	-7.83815e+00	-1.37580e+01	
283	2.762800e-02	-7.60528e+00	-7.60436e+00	-1.37588e+01	
284	2.772800e-02	-7.36465e+00	-7.36373e+00	-1.37595e+01	
285	2.782800e-02	-7.11727e+00	-7.11636e+00	-1.37603e+01	
286	2.792800e-02	-6.86353e+00	-6.86263e+00	-1.37611e+01	

Index   time            q.x1.q15#collCX q.x1.q16#collCX q.x1.q17#collCX 
--------------------------------------------------------------------------------
287	2.802800e-02	-6.60353e+00	-6.60263e+00	-1.37619e+01	
288	2.812800e-02	-6.33766e+00	-6.33677e+00	-1.37627e+01	
289	2.822800e-02	-6.06603e+00	-6.06515e+00	-1.37636e+01	
290	2.832800e-02	-5.78904e+00	-5.78816e+00	-1.37644e+01	
291	2.842800e-02	-5.50683e+00	-5.50596e+00	-1.37653e+01	
292	2.852800e-02	-5.21977e+00	-5.21890e+00	-1.37662e+01	
293	2.862800e-02	-4.92802e+00	-4.92716e+00	-1.37671e+01	
294	2.872800e-02	-4.63196e+00	-4.63111e+00	-1.37680e+01	
295	2.882800e-02	-4.33176e+00	-4.33091e+00	-1.37689e+01	
296	2.892800e-02	-4.02777e+00	-4.02693e+00	-1.37699e+01	
297	2.902800e-02	-3.72017e+00	-3.71933e+00	-1.37708e+01	
298	2.912800e-02	-3.40929e+00	-3.40846e+00	-1.37717e+01	
299	2.922800e-02	-3.09529e+00	-3.09447e+00	-1.37727e+01	
300	2.932800e-02	-2.77846e+00	-2.77764e+00	-1.37736e+01	
301	2.942800e-02	-2.45889e+00	-2.45808e+00	-1.37746e+01	
302	2.952800e-02	-2.13674e+00	-2.13595e+00	-1.37756e+01	
303	2.962800e-02	-1.81189e+00	-1.81110e+00	-1.37766e+01	
304	2.972800e-02	-1.48399e+00	-1.48321e+00	-1.37775e+01	
305	2.982800e-02	-1.15137e+00	-1.15059e+00	-1.37785e+01	
306	2.992800e-02	-8.08096e-01	-8.07328e-01	-1.37795e+01	
307	3.002800e-02	-4.12405e-01	-4.11643e-01	-1.37805e+01	
308	3.012800e-02	-5.61875e-02	-5.54304e-02	-1.37813e+01	
309	3.022800e-02	2.750537e-01	2.758066e-01	-1.37819e+01	
310	3.032800e-02	6.029714e-01	6.037204e-01	-1.37826e+01	
311	3.042800e-02	9.247689e-01	9.255139e-01	-1.37832e+01	
312	3.052800e-02	1.246145e+00	1.246886e+00	-1.37839e+01	
313	3.062800e-02	1.562510e+00	1.563247e+00	-1.37845e+01	
314	3.072800e-02	1.878605e+00	1.879338e+00	-1.37851e+01	
315	3.082800e-02	2.189716e+00	2.190445e+00	-1.37857e+01	
316	3.092800e-02	2.500000e+00	2.500726e+00	-1.37864e+01	
317	3.102800e-02	2.805074e+00	2.805796e+00	-1.37870e+01	
318	3.112800e-02	3.108669e+00	3.109387e+00	-1.37876e+01	
319	3.122800e-02	3.406732e+00	3.407447e+00	-1.37882e+01	
320	3.132800e-02	3.702632e+00	3.703343e+00	-1.37888e+01	
321	3.142800e-02	3.992636e+00	3.993343e+00	-1.37893e+01	
322	3.152800e-02	4.279794e+00	4.280497e+00	-1.37899e+01	
323	3.162800e-02	4.560671e+00	4.561371e+00	-1.37905e+01	
324	3.172800e-02	4.838034e+00	4.838731e+00	-1.37910e+01	
325	3.182800e-02	5.108726e+00	5.109420e+00	-1.37916e+01	
326	3.192800e-02	5.375259e+00	5.375949e+00	-1.37921e+01	
327	3.202800e-02	5.634730e+00	5.635417e+00	-1.37926e+01	
328	3.212800e-02	5.889424e+00	5.890107e+00	-1.37931e+01	
329	3.222800e-02	6.136674e+00	6.137355e+00	-1.37936e+01	
330	3.232800e-02	6.378557e+00	6.379234e+00	-1.37941e+01	
331	3.242800e-02	6.612626e+00	6.613300e+00	-1.37946e+01	
332	3.252800e-02	6.840769e+00	6.841441e+00	-1.37950e+01	
333	3.262800e-02	7.060744e+00	7.061413e+00	-1.37955e+01	
334	3.272800e-02	7.274270e+00	7.274937e+00	-1.37959e+01	
335	3.282800e-02	7.479291e+00	7.479954e+00	-1.37963e+01	
336	3.292800e-02	7.677374e+00	7.678035e+00	-1.37967e+01	
337	3.302800e-02	7.866636e+00	7.867295e+00	-1.37971e+01	
338	3.312800e-02	8.048510e+00	8.049166e+00	-1.37975e+01	
339	3.322800e-02	8.221270e+00	8.221925e+00	-1.37978e+01	
340	3.332800e-02	8.386228e+00	8.386880e+00	-1.37982e+01	
341	3.342800e-02	8.541807e+00	8.542457e+00	-1.37985e+01	
342	3.352800e-02	8.689208e+00	8.689857e+00	-1.37988e+01	
343	3.362800e-02	8.826994e+00	8.827640e+00	-1.37991e+01	
344	3.372800e-02	8.956265e+00	8.956910e+00	-1.37993e+01	

Index   time            q.x1.q15#collCX q.x1.q16#collCX q.x1.q17#collCX 
--------------------------------------------------------------------------------
345	3.382800e-02	9.075713e+00	9.076356e+00	-1.37996e+01	
346	3.392800e-02	9.186351e+00	9.186993e+00	-1.37998e+01	
347	3.402800e-02	9.286990e+00	9.287631e+00	-1.38000e+01	
348	3.412800e-02	9.378565e+00	9.379205e+00	-1.38002e+01	
349	3.422800e-02	9.459997e+00	9.460635e+00	-1.38003e+01	
350	3.432800e-02	9.532152e+00	9.532790e+00	-1.38005e+01	
351	3.442800e-02	9.594055e+00	9.594692e+00	-1.38006e+01	
352	3.452800e-02	9.646510e+00	9.647146e+00	-1.38007e+01	
353	3.462800e-02	9.688638e+00	9.689274e+00	-1.38008e+01	
354	3.472800e-02	9.721190e+00	9.721825e+00	-1.38009e+01	
355	3.482800e-02	9.743375e+00	9.744010e+00	-1.38009e+01	
356	3.492800e-02	9.755898e+00	9.756532e+00	-1.38009e+01	
357	3.502800e-02	9.758052e+00	9.758686e+00	-1.38009e+01	
358	3.512800e-02	9.750498e+00	9.751132e+00	-1.38009e+01	
359	3.522800e-02	9.732609e+00	9.733244e+00	-1.38009e+01	
360	3.532800e-02	9.705010e+00	9.705646e+00	-1.38008e+01	
361	3.542800e-02	9.667148e+00	9.667784e+00	-1.38008e+01	
362	3.552800e-02	9.619615e+00	9.620251e+00	-1.38007e+01	
363	3.562800e-02	9.561926e+00	9.562563e+00	-1.38005e+01	
364	3.572800e-02	9.494646e+00	9.495284e+00	-1.38004e+01	
365	3.582800e-02	9.417355e+00	9.417994e+00	-1.38002e+01	
366	3.592800e-02	9.330595e+00	9.331235e+00	-1.38001e+01	
367	3.602800e-02	9.234004e+00	9.234646e+00	-1.37999e+01	
368	3.612800e-02	9.128104e+00	9.128747e+00	-1.37997e+01	
369	3.622800e-02	9.012591e+00	9.013236e+00	-1.37994e+01	
370	3.632800e-02	8.887969e+00	8.888615e+00	-1.37992e+01	
371	3.642800e-02	8.753986e+00	8.754633e+00	-1.37989e+01	
372	3.652800e-02	8.611130e+00	8.611779e+00	-1.37986e+01	
373	3.662800e-02	8.459200e+00	8.459851e+00	-1.37983e+01	
374	3.672800e-02	8.298671e+00	8.299325e+00	-1.37980e+01	
375	3.682800e-02	8.129389e+00	8.130044e+00	-1.37976e+01	
376	3.692800e-02	7.951816e+00	7.952474e+00	-1.37973e+01	
377	3.702800e-02	7.765841e+00	7.766502e+00	-1.37969e+01	
378	3.712800e-02	7.571919e+00	7.572582e+00	-1.37965e+01	
379	3.722800e-02	7.369978e+00	7.370643e+00	-1.37961e+01	
380	3.732800e-02	7.160464e+00	7.161132e+00	-1.37957e+01	
381	3.742800e-02	6.943342e+00	6.944013e+00	-1.37952e+01	
382	3.752800e-02	6.719052e+00	6.719726e+00	-1.37948e+01	
383	3.762800e-02	6.487593e+00	6.488270e+00	-1.37943e+01	
384	3.772800e-02	6.249399e+00	6.250078e+00	-1.37938e+01	
385	3.782800e-02	6.004499e+00	6.005182e+00	-1.37933e+01	
386	3.792800e-02	5.753322e+00	5.754008e+00	-1.37928e+01	
387	3.802800e-02	5.495926e+00	5.496615e+00	-1.37923e+01	
388	3.812800e-02	5.232734e+00	5.233426e+00	-1.37918e+01	
389	3.822800e-02	4.963829e+00	4.964524e+00	-1.37913e+01	
390	3.832800e-02	4.689628e+00	4.690326e+00	-1.37907e+01	
391	3.842800e-02	4.410236e+00	4.410938e+00	-1.37901e+01	
392	3.852800e-02	4.126063e+00	4.126768e+00	-1.37896e+01	
393	3.862800e-02	3.837232e+00	3.837941e+00	-1.37890e+01	
394	3.872800e-02	3.544144e+00	3.544857e+00	-1.37884e+01	
395	3.882800e-02	3.246934e+00	3.247651e+00	-1.37878e+01	
396	3.892800e-02	2.945989e+00	2.946710e+00	-1.37872e+01	
397	3.902800e-02	2.641450e+00	2.642174e+00	-1.37866e+01	
398	3.912800e-02	2.333678e+00	2.334405e+00	-1.37860e+01	
399	3.922800e-02	2.022799e+00	2.023531e+00	-1.37854e+01	
400	3.932800e-02	1.709128e+00	1.709863e+00	-1.37848e+01	
401	3.942800e-02	1.392731e+00	1.393470e+00	-1.37841e+01	
402	3.952800e-02	1.073795e+00	1.074538e+00	-1.37835e+01	

Index   time            q.x1.q15#collCX q.x1.q16#collCX q.x1.q17#collCX 
--------------------------------------------------------------------------------
403	3.962800e-02	7.521670e-01	7.529143e-01	-1.37829e+01	
404	3.972800e-02	4.275403e-01	4.282916e-01	-1.37822e+01	
405	3.982800e-02	9.828195e-02	9.903732e-02	-1.37815e+01	
406	3.992800e-02	-2.41135e-01	-2.40375e-01	-1.37809e+01	
407	4.002800e-02	-6.33763e-01	-6.32998e-01	-1.37800e+01	
408	4.012800e-02	-9.94999e-01	-9.94226e-01	-1.37790e+01	
409	4.022800e-02	-1.32995e+00	-1.32917e+00	-1.37780e+01	
410	4.032800e-02	-1.66154e+00	-1.66075e+00	-1.37770e+01	
411	4.042800e-02	-1.98636e+00	-1.98556e+00	-1.37760e+01	
412	4.052800e-02	-2.31060e+00	-2.30980e+00	-1.37750e+01	
413	4.062800e-02	-2.63035e+00	-2.62954e+00	-1.37741e+01	
414	4.072800e-02	-2.94944e+00	-2.94862e+00	-1.37731e+01	
415	4.082800e-02	-3.26386e+00	-3.26304e+00	-1.37722e+01	
416	4.092800e-02	-3.57710e+00	-3.57627e+00	-1.37712e+01	
417	4.102800e-02	-3.88541e+00	-3.88457e+00	-1.37703e+01	
418	4.112800e-02	-4.19191e+00	-4.19107e+00	-1.37693e+01	
419	4.122800e-02	-4.49314e+00	-4.49229e+00	-1.37684e+01	
420	4.132800e-02	-4.79188e+00	-4.79102e+00	-1.37675e+01	
421	4.142800e-02	-5.08496e+00	-5.08410e+00	-1.37666e+01	
422	4.152800e-02	-5.37489e+00	-5.37402e+00	-1.37657e+01	
423	4.162800e-02	-5.65874e+00	-5.65787e+00	-1.37648e+01	
424	4.172800e-02	-5.93880e+00	-5.93791e+00	-1.37640e+01	
425	4.182800e-02	-6.21236e+00	-6.21146e+00	-1.37631e+01	
426	4.192800e-02	-6.48148e+00	-6.48058e+00	-1.37623e+01	
427	4.202800e-02	-6.74370e+00	-6.74279e+00	-1.37614e+01	
428	4.212800e-02	-7.00087e+00	-6.99996e+00	-1.37606e+01	
429	4.222800e-02	-7.25074e+00	-7.24983e+00	-1.37599e+01	
430	4.232800e-02	-7.49499e+00	-7.49407e+00	-1.37591e+01	
431	4.242800e-02	-7.73153e+00	-7.73061e+00	-1.37583e+01	
432	4.252800e-02	-7.96191e+00	-7.96098e+00	-1.37576e+01	
433	4.262800e-02	-8.18421e+00	-8.18328e+00	-1.37569e+01	
434	4.272800e-02	-8.39983e+00	-8.39889e+00	-1.37562e+01	
435	4.282800e-02	-8.60703e+00	-8.60608e+00	-1.37556e+01	
436	4.292800e-02	-8.80705e+00	-8.80610e+00	-1.37549e+01	
437	4.302800e-02	-8.99832e+00	-8.99736e+00	-1.37543e+01	
438	4.312800e-02	-9.18198e+00	-9.18102e+00	-1.37537e+01	
439	4.322800e-02	-9.35657e+00	-9.35561e+00	-1.37532e+01	
440	4.332800e-02	-9.52315e+00	-9.52218e+00	-1.37526e+01	
441	4.342800e-02	-9.68039e+00	-9.67941e+00	-1.37521e+01	
442	4.352800e-02	-9.82923e+00	-9.82826e+00	-1.37517e+01	
443	4.362800e-02	-9.96849e+00	-9.96750e+00	-1.37512e+01	
444	4.372800e-02	-1.00990e+01	-1.00980e+01	-1.37508e+01	
445	4.382800e-02	-1.02197e+01	-1.02188e+01	-1.37504e+01	
446	4.392800e-02	-1.03315e+01	-1.03305e+01	-1.37500e+01	
447	4.402800e-02	-1.04332e+01	-1.04322e+01	-1.37497e+01	
448	4.412800e-02	-1.05257e+01	-1.05247e+01	-1.37494e+01	
449	4.422800e-02	-1.06080e+01	-1.06070e+01	-1.37491e+01	
450	4.432800e-02	-1.06808e+01	-1.06798e+01	-1.37489e+01	
451	4.442800e-02	-1.07434e+01	-1.07424e+01	-1.37487e+01	
452	4.452800e-02	-1.07964e+01	-1.07953e+01	-1.37485e+01	
453	4.462800e-02	-1.08390e+01	-1.08379e+01	-1.37484e+01	
454	4.472800e-02	-1.08718e+01	-1.08708e+01	-1.37483e+01	
455	4.482800e-02	-1.08943e+01	-1.08932e+01	-1.37482e+01	
456	4.492800e-02	-1.09069e+01	-1.09059e+01	-1.37482e+01	
457	4.502800e-02	-1.09091e+01	-1.09081e+01	-1.37481e+01	
458	4.512800e-02	-1.09014e+01	-1.09004e+01	-1.37482e+01	
459	4.522800e-02	-1.08834e+01	-1.08824e+01	-1.37482e+01	
460	4.532800e-02	-1.08555e+01	-1.08545e+01	-1.37483e+01	

Index   time            q.x1.q15#collCX q.x1.q16#collCX q.x1.q17#collCX 
--------------------------------------------------------------------------------
461	4.542800e-02	-1.08173e+01	-1.08163e+01	-1.37484e+01	
462	4.552800e-02	-1.07692e+01	-1.07682e+01	-1.37486e+01	
463	4.562800e-02	-1.07110e+01	-1.07100e+01	-1.37488e+01	
464	4.572800e-02	-1.06430e+01	-1.06420e+01	-1.37490e+01	
465	4.582800e-02	-1.05649e+01	-1.05639e+01	-1.37493e+01	
466	4.592800e-02	-1.04772e+01	-1.04762e+01	-1.37496e+01	
467	4.602800e-02	-1.03797e+01	-1.03787e+01	-1.37499e+01	
468	4.612800e-02	-1.02727e+01	-1.02717e+01	-1.37502e+01	
469	4.622800e-02	-1.01560e+01	-1.01550e+01	-1.37506e+01	
470	4.632800e-02	-1.00301e+01	-1.00291e+01	-1.37510e+01	
471	4.642800e-02	-9.89477e+00	-9.89379e+00	-1.37514e+01	
472	4.652800e-02	-9.75044e+00	-9.74946e+00	-1.37519e+01	
473	4.662800e-02	-9.59698e+00	-9.59601e+00	-1.37524e+01	
474	4.672800e-02	-9.43479e+00	-9.43383e+00	-1.37529e+01	
475	4.682800e-02	-9.26380e+00	-9.26284e+00	-1.37535e+01	
476	4.692800e-02	-9.08440e+00	-9.08344e+00	-1.37541e+01	
477	4.702800e-02	-8.89655e+00	-8.89559e+00	-1.37547e+01	
478	4.712800e-02	-8.70063e+00	-8.69968e+00	-1.37553e+01	
479	4.722800e-02	-8.49665e+00	-8.49570e+00	-1.37559e+01	
480	4.732800e-02	-8.28499e+00	-8.28405e+00	-1.37566e+01	
481	4.742800e-02	-8.06567e+00	-8.06473e+00	-1.37573e+01	
482	4.752800e-02	-7.83908e+00	-7.83815e+00	-1.37580e+01	
483	4.762800e-02	-7.60528e+00	-7.60436e+00	-1.37588e+01	
484	4.772800e-02	-7.36465e+00	-7.36373e+00	-1.37595e+01	
485	4.782800e-02	-7.11727e+00	-7.11636e+00	-1.37603e+01	
486	4.792800e-02	-6.86353e+00	-6.86263e+00	-1.37611e+01	
487	4.802800e-02	-6.60353e+00	-6.60263e+00	-1.37619e+01	
488	4.812800e-02	-6.33766e+00	-6.33677e+00	-1.37627e+01	
489	4.822800e-02	-6.06604e+00	-6.06515e+00	-1.37636e+01	
490	4.832800e-02	-5.78904e+00	-5.78816e+00	-1.37644e+01	
491	4.842800e-02	-5.50683e+00	-5.50596e+00	-1.37653e+01	
492	4.852800e-02	-5.21977e+00	-5.21890e+00	-1.37662e+01	
493	4.862800e-02	-4.92802e+00	-4.92716e+00	-1.37671e+01	
494	4.872800e-02	-4.63196e+00	-4.63111e+00	-1.37680e+01	
495	4.882800e-02	-4.33176e+00	-4.33091e+00	-1.37689e+01	
496	4.892800e-02	-4.02777e+00	-4.02693e+00	-1.37699e+01	
497	4.902800e-02	-3.72017e+00	-3.71933e+00	-1.37708e+01	
498	4.912800e-02	-3.40929e+00	-3.40846e+00	-1.37717e+01	
499	4.922800e-02	-3.09529e+00	-3.09447e+00	-1.37727e+01	
500	4.932800e-02	-2.77845e+00	-2.77764e+00	-1.37736e+01	
501	4.942800e-02	-2.45889e+00	-2.45808e+00	-1.37746e+01	
502	4.952800e-02	-2.13674e+00	-2.13595e+00	-1.37756e+01	
503	4.962800e-02	-1.81189e+00	-1.81110e+00	-1.37766e+01	
504	4.972800e-02	-1.48399e+00	-1.48321e+00	-1.37775e+01	
505	4.982800e-02	-1.15137e+00	-1.15059e+00	-1.37785e+01	
506	4.992800e-02	-8.08096e-01	-8.07328e-01	-1.37795e+01	
507	5.002800e-02	-4.12406e-01	-4.11644e-01	-1.37805e+01	
508	5.012800e-02	-5.61867e-02	-5.54296e-02	-1.37813e+01	
509	5.022800e-02	2.750529e-01	2.758059e-01	-1.37819e+01	
510	5.032800e-02	6.029721e-01	6.037211e-01	-1.37826e+01	
511	5.042800e-02	9.247683e-01	9.255132e-01	-1.37832e+01	
512	5.052800e-02	1.246146e+00	1.246887e+00	-1.37839e+01	
513	5.062800e-02	1.562509e+00	1.563246e+00	-1.37845e+01	
514	5.072800e-02	1.878606e+00	1.879339e+00	-1.37851e+01	
515	5.082800e-02	2.189715e+00	2.190444e+00	-1.37857e+01	
516	5.092800e-02	2.500001e+00	2.500726e+00	-1.37864e+01	
517	5.102800e-02	2.805074e+00	2.805796e+00	-1.37870e+01	
518	5.112800e-02	3.108670e+00	3.109388e+00	-1.37876e+01	

Index   time            q.x1.q15#collCX q.x1.q16#collCX q.x1.q17#collCX 
--------------------------------------------------------------------------------
519	5.122800e-02	3.406732e+00	3.407446e+00	-1.37882e+01	
520	5.132800e-02	3.702633e+00	3.703344e+00	-1.37888e+01	
521	5.142800e-02	3.992636e+00	3.993343e+00	-1.37893e+01	
522	5.152800e-02	4.279794e+00	4.280498e+00	-1.37899e+01	
523	5.162800e-02	4.560670e+00	4.561371e+00	-1.37905e+01	
524	5.172800e-02	4.838035e+00	4.838731e+00	-1.37910e+01	
525	5.182800e-02	5.108726e+00	5.109419e+00	-1.37916e+01	
526	5.192800e-02	5.375259e+00	5.375949e+00	-1.37921e+01	
527	5.202800e-02	5.634730e+00	5.635417e+00	-1.37926e+01	
528	5.212800e-02	5.889424e+00	5.890108e+00	-1.37931e+01	
529	5.222800e-02	6.136674e+00	6.137354e+00	-1.37936e+01	
530	5.232800e-02	6.378557e+00	6.379235e+00	-1.37941e+01	
531	5.242800e-02	6.612625e+00	6.613300e+00	-1.37946e+01	
532	5.252800e-02	6.840770e+00	6.841442e+00	-1.37950e+01	
533	5.262800e-02	7.060744e+00	7.061413e+00	-1.37955e+01	
534	5.272800e-02	7.274271e+00	7.274937e+00	-1.37959e+01	
535	5.282800e-02	7.479290e+00	7.479954e+00	-1.37963e+01	
536	5.292800e-02	7.677375e+00	7.678036e+00	-1.37967e+01	
537	5.302800e-02	7.866636e+00	7.867295e+00	-1.37971e+01	
538	5.312800e-02	8.048510e+00	8.049167e+00	-1.37975e+01	
539	5.322800e-02	8.221270e+00	8.221924e+00	-1.37978e+01	
540	5.332800e-02	8.386228e+00	8.386881e+00	-1.37982e+01	
541	5.342800e-02	8.541807e+00	8.542457e+00	-1.37985e+01	
542	5.352800e-02	8.689209e+00	8.689857e+00	-1.37988e+01	
543	5.362800e-02	8.826993e+00	8.827640e+00	-1.37991e+01	
544	5.372800e-02	8.956265e+00	8.956910e+00	-1.37993e+01	
545	5.382800e-02	9.075712e+00	9.076356e+00	-1.37996e+01	
546	5.392800e-02	9.186352e+00	9.186993e+00	-1.37998e+01	
547	5.402800e-02	9.286990e+00	9.287630e+00	-1.38000e+01	
548	5.412800e-02	9.378565e+00	9.379205e+00	-1.38002e+01	
549	5.422800e-02	9.459997e+00	9.460635e+00	-1.38003e+01	
550	5.432800e-02	9.532153e+00	9.532790e+00	-1.38005e+01	
551	5.442800e-02	9.594055e+00	9.594692e+00	-1.38006e+01	
552	5.452800e-02	9.646511e+00	9.647147e+00	-1.38007e+01	
553	5.462800e-02	9.688638e+00	9.689274e+00	-1.38008e+01	
554	5.472800e-02	9.721190e+00	9.721825e+00	-1.38009e+01	
555	5.482800e-02	9.743375e+00	9.744010e+00	-1.38009e+01	
556	5.492800e-02	9.755898e+00	9.756533e+00	-1.38009e+01	
557	5.502800e-02	9.758051e+00	9.758686e+00	-1.38009e+01	
558	5.512800e-02	9.750498e+00	9.751133e+00	-1.38009e+01	
559	5.522800e-02	9.732609e+00	9.733244e+00	-1.38009e+01	
560	5.532800e-02	9.705011e+00	9.705646e+00	-1.38008e+01	
561	5.542800e-02	9.667148e+00	9.667784e+00	-1.38008e+01	
562	5.552800e-02	9.619615e+00	9.620252e+00	-1.38007e+01	
563	5.562800e-02	9.561926e+00	9.562563e+00	-1.38005e+01	
564	5.572800e-02	9.494646e+00	9.495284e+00	-1.38004e+01	
565	5.582800e-02	9.417355e+00	9.417994e+00	-1.38002e+01	
566	5.592800e-02	9.330595e+00	9.331235e+00	-1.38001e+01	
567	5.602800e-02	9.234004e+00	9.234645e+00	-1.37999e+01	
568	5.612800e-02	9.128104e+00	9.128747e+00	-1.37997e+01	
569	5.622800e-02	9.012591e+00	9.013235e+00	-1.37994e+01	
570	5.632800e-02	8.887969e+00	8.888615e+00	-1.37992e+01	
571	5.642800e-02	8.753985e+00	8.754633e+00	-1.37989e+01	
572	5.652800e-02	8.611130e+00	8.611779e+00	-1.37986e+01	
573	5.662800e-02	8.459200e+00	8.459851e+00	-1.37983e+01	
574	5.672800e-02	8.298671e+00	8.299325e+00	-1.37980e+01	
575	5.682800e-02	8.129388e+00	8.130044e+00	-1.37976e+01	
576	5.692800e-02	7.951816e+00	7.952474e+00	-1.37973e+01	

Index   time            q.x1.q15#collCX q.x1.q16#collCX q.x1.q17#collCX 
--------------------------------------------------------------------------------
577	5.702800e-02	7.765841e+00	7.766501e+00	-1.37969e+01	
578	5.712800e-02	7.571920e+00	7.572582e+00	-1.37965e+01	
579	5.722800e-02	7.369978e+00	7.370643e+00	-1.37961e+01	
580	5.732800e-02	7.160464e+00	7.161132e+00	-1.37957e+01	
581	5.742800e-02	6.943342e+00	6.944012e+00	-1.37952e+01	
582	5.752800e-02	6.719052e+00	6.719726e+00	-1.37948e+01	
583	5.762800e-02	6.487593e+00	6.488269e+00	-1.37943e+01	
584	5.772800e-02	6.249399e+00	6.250078e+00	-1.37938e+01	
585	5.782800e-02	6.004499e+00	6.005181e+00	-1.37933e+01	
586	5.792800e-02	5.753322e+00	5.754008e+00	-1.37928e+01	
587	5.802800e-02	5.495926e+00	5.496615e+00	-1.37923e+01	
588	5.812800e-02	5.232734e+00	5.233426e+00	-1.37918e+01	
589	5.822800e-02	4.963829e+00	4.964524e+00	-1.37913e+01	
590	5.832800e-02	4.689628e+00	4.690327e+00	-1.37907e+01	
591	5.842800e-02	4.410235e+00	4.410938e+00	-1.37901e+01	
592	5.852800e-02	4.126063e+00	4.126769e+00	-1.37896e+01	
593	5.862800e-02	3.837231e+00	3.837941e+00	-1.37890e+01	
594	5.872800e-02	3.544144e+00	3.544857e+00	-1.37884e+01	
595	5.882800e-02	3.246934e+00	3.247650e+00	-1.37878e+01	
596	5.892800e-02	2.945990e+00	2.946710e+00	-1.37872e+01	
597	5.902800e-02	2.641449e+00	2.642174e+00	-1.37866e+01	
598	5.912800e-02	2.333678e+00	2.334406e+00	-1.37860e+01	
599	5.922800e-02	2.022799e+00	2.023530e+00	-1.37854e+01	
600	5.932800e-02	1.709128e+00	1.709863e+00	-1.37848e+01	
601	5.942800e-02	1.392731e+00	1.393470e+00	-1.37841e+01	
602	5.952800e-02	1.073795e+00	1.074538e+00	-1.37835e+01	
603	5.962800e-02	7.521667e-01	7.529140e-01	-1.37829e+01	
604	5.972800e-02	4.275405e-01	4.282918e-01	-1.37822e+01	
605	5.982800e-02	9.828169e-02	9.903706e-02	-1.37815e+01	
606	5.992800e-02	-2.41135e-01	-2.40375e-01	-1.37809e+01	
607	6.002800e-02	-6.33763e-01	-6.32998e-01	-1.37800e+01	
608	6.012800e-02	-9.94999e-01	-9.94227e-01	-1.37790e+01	
609	6.022800e-02	-1.32995e+00	-1.32917e+00	-1.37780e+01	
610	6.032800e-02	-1.66154e+00	-1.66075e+00	-1.37770e+01	
611	6.042800e-02	-1.98636e+00	-1.98556e+00	-1.37760e+01	
612	6.052800e-02	-2.31060e+00	-2.30980e+00	-1.37750e+01	
613	6.062800e-02	-2.63035e+00	-2.62954e+00	-1.37741e+01	
614	6.072800e-02	-2.94944e+00	-2.94862e+00	-1.37731e+01	
615	6.082800e-02	-3.26386e+00	-3.26304e+00	-1.37722e+01	
616	6.092800e-02	-3.57710e+00	-3.57627e+00	-1.37712e+01	
617	6.102800e-02	-3.88541e+00	-3.88457e+00	-1.37703e+01	
618	6.112800e-02	-4.19191e+00	-4.19107e+00	-1.37693e+01	
619	6.122800e-02	-4.49314e+00	-4.49229e+00	-1.37684e+01	
620	6.132800e-02	-4.79188e+00	-4.79102e+00	-1.37675e+01	
621	6.142800e-02	-5.08496e+00	-5.08410e+00	-1.37666e+01	
622	6.152800e-02	-5.37489e+00	-5.37402e+00	-1.37657e+01	
623	6.162800e-02	-5.65874e+00	-5.65787e+00	-1.37648e+01	
624	6.172800e-02	-5.93880e+00	-5.93791e+00	-1.37640e+01	
625	6.182800e-02	-6.21236e+00	-6.21146e+00	-1.37631e+01	
626	6.192800e-02	-6.48148e+00	-6.48058e+00	-1.37623e+01	
627	6.202800e-02	-6.74370e+00	-6.74279e+00	-1.37614e+01	
628	6.212800e-02	-7.00087e+00	-6.99996e+00	-1.37606e+01	
629	6.222800e-02	-7.25074e+00	-7.24983e+00	-1.37599e+01	
630	6.232800e-02	-7.49499e+00	-7.49407e+00	-1.37591e+01	
631	6.242800e-02	-7.73153e+00	-7.73061e+00	-1.37583e+01	
632	6.252800e-02	-7.96191e+00	-7.96098e+00	-1.37576e+01	
633	6.262800e-02	-8.18421e+00	-8.18328e+00	-1.37569e+01	
634	6.272800e-02	-8.39983e+00	-8.39889e+00	-1.37562e+01	

Index   time            q.x1.q15#collCX q.x1.q16#collCX q.x1.q17#collCX 
--------------------------------------------------------------------------------
635	6.282800e-02	-8.60703e+00	-8.60608e+00	-1.37556e+01	
636	6.292800e-02	-8.80705e+00	-8.80610e+00	-1.37549e+01	
637	6.302800e-02	-8.99832e+00	-8.99736e+00	-1.37543e+01	
638	6.312800e-02	-9.18198e+00	-9.18102e+00	-1.37537e+01	
639	6.322800e-02	-9.35657e+00	-9.35561e+00	-1.37532e+01	
640	6.332800e-02	-9.52315e+00	-9.52218e+00	-1.37526e+01	
641	6.342800e-02	-9.68039e+00	-9.67941e+00	-1.37521e+01	
642	6.352800e-02	-9.82923e+00	-9.82826e+00	-1.37517e+01	
643	6.362800e-02	-9.96849e+00	-9.96750e+00	-1.37512e+01	
644	6.372800e-02	-1.00990e+01	-1.00980e+01	-1.37508e+01	
645	6.382800e-02	-1.02197e+01	-1.02188e+01	-1.37504e+01	
646	6.392800e-02	-1.03315e+01	-1.03305e+01	-1.37500e+01	
647	6.402800e-02	-1.04332e+01	-1.04322e+01	-1.37497e+01	
648	6.412800e-02	-1.05257e+01	-1.05247e+01	-1.37494e+01	
649	6.422800e-02	-1.06080e+01	-1.06070e+01	-1.37491e+01	
650	6.432800e-02	-1.06808e+01	-1.06798e+01	-1.37489e+01	
651	6.442800e-02	-1.07434e+01	-1.07424e+01	-1.37487e+01	
652	6.452800e-02	-1.07964e+01	-1.07953e+01	-1.37485e+01	
653	6.462800e-02	-1.08390e+01	-1.08379e+01	-1.37484e+01	
654	6.472800e-02	-1.08718e+01	-1.08708e+01	-1.37483e+01	
655	6.482800e-02	-1.08943e+01	-1.08932e+01	-1.37482e+01	
656	6.492800e-02	-1.09069e+01	-1.09059e+01	-1.37482e+01	
657	6.502800e-02	-1.09091e+01	-1.09081e+01	-1.37481e+01	
658	6.512800e-02	-1.09014e+01	-1.09004e+01	-1.37482e+01	
659	6.522800e-02	-1.08834e+01	-1.08824e+01	-1.37482e+01	
660	6.532800e-02	-1.08555e+01	-1.08545e+01	-1.37483e+01	
661	6.542800e-02	-1.08173e+01	-1.08163e+01	-1.37484e+01	
662	6.552800e-02	-1.07692e+01	-1.07682e+01	-1.37486e+01	
663	6.562800e-02	-1.07110e+01	-1.07100e+01	-1.37488e+01	
664	6.572800e-02	-1.06430e+01	-1.06420e+01	-1.37490e+01	
665	6.582800e-02	-1.05649e+01	-1.05639e+01	-1.37493e+01	
666	6.592800e-02	-1.04772e+01	-1.04762e+01	-1.37496e+01	
667	6.602800e-02	-1.03797e+01	-1.03787e+01	-1.37499e+01	
668	6.612800e-02	-1.02727e+01	-1.02717e+01	-1.37502e+01	
669	6.622800e-02	-1.01560e+01	-1.01550e+01	-1.37506e+01	
670	6.632800e-02	-1.00301e+01	-1.00291e+01	-1.37510e+01	
671	6.642800e-02	-9.89477e+00	-9.89379e+00	-1.37514e+01	
672	6.652800e-02	-9.75044e+00	-9.74946e+00	-1.37519e+01	
673	6.662800e-02	-9.59698e+00	-9.59601e+00	-1.37524e+01	
674	6.672800e-02	-9.43479e+00	-9.43383e+00	-1.37529e+01	
675	6.682800e-02	-9.26380e+00	-9.26284e+00	-1.37535e+01	
676	6.692800e-02	-9.08440e+00	-9.08344e+00	-1.37541e+01	
677	6.702800e-02	-8.89655e+00	-8.89559e+00	-1.37547e+01	
678	6.712800e-02	-8.70063e+00	-8.69968e+00	-1.37553e+01	
679	6.722800e-02	-8.49665e+00	-8.49570e+00	-1.37559e+01	
680	6.732800e-02	-8.28499e+00	-8.28405e+00	-1.37566e+01	
681	6.742800e-02	-8.06567e+00	-8.06473e+00	-1.37573e+01	
682	6.752800e-02	-7.83908e+00	-7.83815e+00	-1.37580e+01	
683	6.762800e-02	-7.60528e+00	-7.60436e+00	-1.37588e+01	
684	6.772800e-02	-7.36465e+00	-7.36373e+00	-1.37595e+01	
685	6.782800e-02	-7.11727e+00	-7.11636e+00	-1.37603e+01	
686	6.792800e-02	-6.86353e+00	-6.86263e+00	-1.37611e+01	
687	6.802800e-02	-6.60353e+00	-6.60263e+00	-1.37619e+01	
688	6.812800e-02	-6.33766e+00	-6.33676e+00	-1.37627e+01	
689	6.822800e-02	-6.06604e+00	-6.06515e+00	-1.37636e+01	
690	6.832800e-02	-5.78904e+00	-5.78816e+00	-1.37644e+01	
691	6.842800e-02	-5.50683e+00	-5.50596e+00	-1.37653e+01	
692	6.852800e-02	-5.21977e+00	-5.21890e+00	-1.37662e+01	

Index   time            q.x1.q15#collCX q.x1.q16#collCX q.x1.q17#collCX 
--------------------------------------------------------------------------------
693	6.862800e-02	-4.92802e+00	-4.92716e+00	-1.37671e+01	
694	6.872800e-02	-4.63196e+00	-4.63111e+00	-1.37680e+01	
695	6.882800e-02	-4.33176e+00	-4.33091e+00	-1.37689e+01	
696	6.892800e-02	-4.02777e+00	-4.02693e+00	-1.37699e+01	
697	6.902800e-02	-3.72017e+00	-3.71933e+00	-1.37708e+01	
698	6.912800e-02	-3.40929e+00	-3.40846e+00	-1.37717e+01	
699	6.922800e-02	-3.09529e+00	-3.09447e+00	-1.37727e+01	
700	6.932800e-02	-2.77845e+00	-2.77764e+00	-1.37736e+01	
701	6.942800e-02	-2.45889e+00	-2.45808e+00	-1.37746e+01	
702	6.952800e-02	-2.13674e+00	-2.13595e+00	-1.37756e+01	
703	6.962800e-02	-1.81190e+00	-1.81110e+00	-1.37766e+01	
704	6.972800e-02	-1.48399e+00	-1.48321e+00	-1.37775e+01	
705	6.982800e-02	-1.15137e+00	-1.15059e+00	-1.37785e+01	
706	6.992800e-02	-8.08096e-01	-8.07327e-01	-1.37795e+01	
707	7.002800e-02	-4.12407e-01	-4.11645e-01	-1.37805e+01	
708	7.012800e-02	-5.61859e-02	-5.54288e-02	-1.37813e+01	
709	7.022800e-02	2.750522e-01	2.758051e-01	-1.37819e+01	
710	7.032800e-02	6.029729e-01	6.037218e-01	-1.37826e+01	
711	7.042800e-02	9.247676e-01	9.255125e-01	-1.37832e+01	
712	7.052800e-02	1.246147e+00	1.246888e+00	-1.37839e+01	
713	7.062800e-02	1.562508e+00	1.563245e+00	-1.37845e+01	
714	7.072800e-02	1.878606e+00	1.879340e+00	-1.37851e+01	
715	7.082800e-02	2.189714e+00	2.190444e+00	-1.37857e+01	
716	7.092800e-02	2.500001e+00	2.500727e+00	-1.37864e+01	
717	7.102800e-02	2.805073e+00	2.805795e+00	-1.37870e+01	
718	7.112800e-02	3.108670e+00	3.109388e+00	-1.37876e+01	
719	7.122800e-02	3.406731e+00	3.407446e+00	-1.37882e+01	
720	7.132800e-02	3.702633e+00	3.703344e+00	-1.37888e+01	
721	7.142800e-02	3.992635e+00	3.993342e+00	-1.37893e+01	
722	7.152800e-02	4.279795e+00	4.280498e+00	-1.37899e+01	
723	7.162800e-02	4.560670e+00	4.561370e+00	-1.37905e+01	
724	7.172800e-02	4.838035e+00	4.838732e+00	-1.37910e+01	
725	7.182800e-02	5.108725e+00	5.109419e+00	-1.37916e+01	
726	7.192800e-02	5.375260e+00	5.375950e+00	-1.37921e+01	
727	7.202800e-02	5.634730e+00	5.635416e+00	-1.37926e+01	
728	7.212800e-02	5.889425e+00	5.890108e+00	-1.37931e+01	
729	7.222800e-02	6.136673e+00	6.137354e+00	-1.37936e+01	
730	7.232800e-02	6.378558e+00	6.379235e+00	-1.37941e+01	
731	7.242800e-02	6.612625e+00	6.613299e+00	-1.37946e+01	
732	7.252800e-02	6.840770e+00	6.841442e+00	-1.37950e+01	
733	7.262800e-02	7.060743e+00	7.061412e+00	-1.37955e+01	
734	7.272800e-02	7.274271e+00	7.274938e+00	-1.37959e+01	
735	7.282800e-02	7.479290e+00	7.479954e+00	-1.37963e+01	
736	7.292800e-02	7.677375e+00	7.678036e+00	-1.37967e+01	
737	7.302800e-02	7.866636e+00	7.867294e+00	-1.37971e+01	
738	7.312800e-02	8.048511e+00	8.049167e+00	-1.37975e+01	
739	7.322800e-02	8.221270e+00	8.221924e+00	-1.37978e+01	
740	7.332800e-02	8.386229e+00	8.386881e+00	-1.37982e+01	
741	7.342800e-02	8.541807e+00	8.542457e+00	-1.37985e+01	
742	7.352800e-02	8.689209e+00	8.689857e+00	-1.37988e+01	
743	7.362800e-02	8.826993e+00	8.827639e+00	-1.37991e+01	
744	7.372800e-02	8.956266e+00	8.956911e+00	-1.37993e+01	
745	7.382800e-02	9.075712e+00	9.076355e+00	-1.37996e+01	
746	7.392800e-02	9.186352e+00	9.186994e+00	-1.37998e+01	
747	7.402800e-02	9.286989e+00	9.287630e+00	-1.38000e+01	
748	7.412800e-02	9.378566e+00	9.379205e+00	-1.38002e+01	
749	7.422800e-02	9.459996e+00	9.460635e+00	-1.38003e+01	
750	7.432800e-02	9.532153e+00	9.532791e+00	-1.38005e+01	

Index   time            q.x1.q15#collCX q.x1.q16#collCX q.x1.q17#collCX 
--------------------------------------------------------------------------------
751	7.442800e-02	9.594054e+00	9.594691e+00	-1.38006e+01	
752	7.452800e-02	9.646511e+00	9.647147e+00	-1.38007e+01	
753	7.462800e-02	9.688638e+00	9.689273e+00	-1.38008e+01	
754	7.472800e-02	9.721191e+00	9.721826e+00	-1.38009e+01	
755	7.482800e-02	9.743375e+00	9.744010e+00	-1.38009e+01	
756	7.492800e-02	9.755898e+00	9.756533e+00	-1.38009e+01	
757	7.502800e-02	9.758051e+00	9.758686e+00	-1.38009e+01	
758	7.512800e-02	9.750498e+00	9.751133e+00	-1.38009e+01	
759	7.522800e-02	9.732609e+00	9.733244e+00	-1.38009e+01	
760	7.532800e-02	9.705011e+00	9.705646e+00	-1.38008e+01	
761	7.542800e-02	9.667148e+00	9.667783e+00	-1.38008e+01	
762	7.552800e-02	9.619615e+00	9.620252e+00	-1.38007e+01	
763	7.562800e-02	9.561925e+00	9.562563e+00	-1.38005e+01	
764	7.572800e-02	9.494647e+00	9.495285e+00	-1.38004e+01	
765	7.582800e-02	9.417355e+00	9.417994e+00	-1.38002e+01	
766	7.592800e-02	9.330595e+00	9.331235e+00	-1.38001e+01	
767	7.602800e-02	9.234004e+00	9.234645e+00	-1.37999e+01	
768	7.612800e-02	9.128105e+00	9.128747e+00	-1.37997e+01	
769	7.622800e-02	9.012591e+00	9.013235e+00	-1.37994e+01	
770	7.632800e-02	8.887969e+00	8.888615e+00	-1.37992e+01	
771	7.642800e-02	8.753985e+00	8.754633e+00	-1.37989e+01	
772	7.652800e-02	8.611130e+00	8.611780e+00	-1.37986e+01	
773	7.662800e-02	8.459199e+00	8.459851e+00	-1.37983e+01	
774	7.672800e-02	8.298672e+00	8.299325e+00	-1.37980e+01	
775	7.682800e-02	8.129388e+00	8.130044e+00	-1.37976e+01	
776	7.692800e-02	7.951816e+00	7.952474e+00	-1.37973e+01	
777	7.702800e-02	7.765841e+00	7.766501e+00	-1.37969e+01	
778	7.712800e-02	7.571920e+00	7.572583e+00	-1.37965e+01	
779	7.722800e-02	7.369978e+00	7.370643e+00	-1.37961e+01	
780	7.732800e-02	7.160465e+00	7.161132e+00	-1.37957e+01	
781	7.742800e-02	6.943342e+00	6.944012e+00	-1.37952e+01	
782	7.752800e-02	6.719053e+00	6.719726e+00	-1.37948e+01	
783	7.762800e-02	6.487593e+00	6.488269e+00	-1.37943e+01	
784	7.772800e-02	6.249399e+00	6.250079e+00	-1.37938e+01	
785	7.782800e-02	6.004499e+00	6.005181e+00	-1.37933e+01	
786	7.792800e-02	5.753323e+00	5.754008e+00	-1.37928e+01	
787	7.802800e-02	5.495926e+00	5.496615e+00	-1.37923e+01	
788	7.812800e-02	5.232735e+00	5.233427e+00	-1.37918e+01	
789	7.822800e-02	4.963828e+00	4.964524e+00	-1.37913e+01	
790	7.832800e-02	4.689628e+00	4.690327e+00	-1.37907e+01	
791	7.842800e-02	4.410235e+00	4.410937e+00	-1.37901e+01	
792	7.852800e-02	4.126063e+00	4.126769e+00	-1.37896e+01	
793	7.862800e-02	3.837231e+00	3.837941e+00	-1.37890e+01	
794	7.872800e-02	3.544144e+00	3.544857e+00	-1.37884e+01	
795	7.882800e-02	3.246933e+00	3.247650e+00	-1.37878e+01	
796	7.892800e-02	2.945990e+00	2.946710e+00	-1.37872e+01	
797	7.902800e-02	2.641449e+00	2.642173e+00	-1.37866e+01	
798	7.912800e-02	2.333678e+00	2.334406e+00	-1.37860e+01	
799	7.922800e-02	2.022798e+00	2.023530e+00	-1.37854e+01	
800	7.932800e-02	1.709128e+00	1.709864e+00	-1.37848e+01	
801	7.942800e-02	1.392731e+00	1.393470e+00	-1.37841e+01	
802	7.952800e-02	1.073795e+00	1.074539e+00	-1.37835e+01	
803	7.962800e-02	7.521665e-01	7.529138e-01	-1.37829e+01	
804	7.972800e-02	4.275408e-01	4.282921e-01	-1.37822e+01	
805	7.982800e-02	9.828143e-02	9.903680e-02	-1.37815e+01	
806	7.992800e-02	-2.41134e-01	-2.40375e-01	-1.37809e+01	
807	8.002800e-02	-6.33763e-01	-6.32998e-01	-1.37800e+01	
808	8.012800e-02	-9.95000e-01	-9.94227e-01	-1.37790e+01	

Index   time            q.x1.q15#collCX q.x1.q16#collCX q.x1.q17#collCX 
--------------------------------------------------------------------------------
809	8.022800e-02	-1.32995e+00	-1.32917e+00	-1.37780e+01	
810	8.032800e-02	-1.66154e+00	-1.66075e+00	-1.37770e+01	
811	8.042800e-02	-1.98636e+00	-1.98556e+00	-1.37760e+01	
812	8.052800e-02	-2.31060e+00	-2.30980e+00	-1.37750e+01	
813	8.062800e-02	-2.63035e+00	-2.62954e+00	-1.37741e+01	
814	8.072800e-02	-2.94944e+00	-2.94862e+00	-1.37731e+01	
815	8.082800e-02	-3.26386e+00	-3.26304e+00	-1.37722e+01	
816	8.092800e-02	-3.57710e+00	-3.57627e+00	-1.37712e+01	
817	8.102800e-02	-3.88541e+00	-3.88457e+00	-1.37703e+01	
818	8.112800e-02	-4.19191e+00	-4.19107e+00	-1.37693e+01	
819	8.122800e-02	-4.49314e+00	-4.49229e+00	-1.37684e+01	
820	8.132800e-02	-4.79188e+00	-4.79102e+00	-1.37675e+01	
821	8.142800e-02	-5.08496e+00	-5.08410e+00	-1.37666e+01	
822	8.152800e-02	-5.37489e+00	-5.37402e+00	-1.37657e+01	
823	8.162800e-02	-5.65874e+00	-5.65787e+00	-1.37648e+01	
824	8.172800e-02	-5.93880e+00	-5.93791e+00	-1.37640e+01	
825	8.182800e-02	-6.21235e+00	-6.21146e+00	-1.37631e+01	
826	8.192800e-02	-6.48148e+00	-6.48058e+00	-1.37623e+01	
827	8.202800e-02	-6.74370e+00	-6.74279e+00	-1.37614e+01	
828	8.212800e-02	-7.00087e+00	-6.99996e+00	-1.37606e+01	
829	8.222800e-02	-7.25074e+00	-7.24983e+00	-1.37599e+01	
830	8.232800e-02	-7.49499e+00	-7.49407e+00	-1.37591e+01	
831	8.242800e-02	-7.73153e+00	-7.73061e+00	-1.37583e+01	
832	8.252800e-02	-7.96191e+00	-7.96098e+00	-1.37576e+01	
833	8.262800e-02	-8.18421e+00	-8.18328e+00	-1.37569e+01	
834	8.272800e-02	-8.39983e+00	-8.39889e+00	-1.37562e+01	
835	8.282800e-02	-8.60703e+00	-8.60608e+00	-1.37556e+01	
836	8.292800e-02	-8.80705e+00	-8.80610e+00	-1.37549e+01	
837	8.302800e-02	-8.99832e+00	-8.99736e+00	-1.37543e+01	
838	8.312800e-02	-9.18198e+00	-9.18102e+00	-1.37537e+01	
839	8.322800e-02	-9.35657e+00	-9.35561e+00	-1.37532e+01	
840	8.332800e-02	-9.52315e+00	-9.52218e+00	-1.37526e+01	
841	8.342800e-02	-9.68039e+00	-9.67941e+00	-1.37521e+01	
842	8.352800e-02	-9.82923e+00	-9.82826e+00	-1.37517e+01	
843	8.362800e-02	-9.96849e+00	-9.96750e+00	-1.37512e+01	
844	8.372800e-02	-1.00990e+01	-1.00980e+01	-1.37508e+01	
845	8.382800e-02	-1.02197e+01	-1.02188e+01	-1.37504e+01	
846	8.392800e-02	-1.03315e+01	-1.03305e+01	-1.37500e+01	
847	8.402800e-02	-1.04332e+01	-1.04322e+01	-1.37497e+01	
848	8.412800e-02	-1.05257e+01	-1.05247e+01	-1.37494e+01	
849	8.422800e-02	-1.06080e+01	-1.06070e+01	-1.37491e+01	
850	8.432800e-02	-1.06808e+01	-1.06798e+01	-1.37489e+01	
851	8.442800e-02	-1.07434e+01	-1.07424e+01	-1.37487e+01	
852	8.452800e-02	-1.07964e+01	-1.07953e+01	-1.37485e+01	
853	8.462800e-02	-1.08390e+01	-1.08379e+01	-1.37484e+01	
854	8.472800e-02	-1.08718e+01	-1.08708e+01	-1.37483e+01	
855	8.482800e-02	-1.08943e+01	-1.08932e+01	-1.37482e+01	
856	8.492800e-02	-1.09069e+01	-1.09059e+01	-1.37482e+01	
857	8.502800e-02	-1.09091e+01	-1.09081e+01	-1.37481e+01	
858	8.512800e-02	-1.09014e+01	-1.09004e+01	-1.37482e+01	
859	8.522800e-02	-1.08834e+01	-1.08824e+01	-1.37482e+01	
860	8.532800e-02	-1.08555e+01	-1.08545e+01	-1.37483e+01	
861	8.542800e-02	-1.08173e+01	-1.08163e+01	-1.37484e+01	
862	8.552800e-02	-1.07692e+01	-1.07682e+01	-1.37486e+01	
863	8.562800e-02	-1.07110e+01	-1.07100e+01	-1.37488e+01	
864	8.572800e-02	-1.06430e+01	-1.06420e+01	-1.37490e+01	
865	8.582800e-02	-1.05649e+01	-1.05639e+01	-1.37493e+01	
866	8.592800e-02	-1.04772e+01	-1.04762e+01	-1.37496e+01	

Index   time            q.x1.q15#collCX q.x1.q16#collCX q.x1.q17#collCX 
--------------------------------------------------------------------------------
867	8.602800e-02	-1.03797e+01	-1.03787e+01	-1.37499e+01	
868	8.612800e-02	-1.02727e+01	-1.02717e+01	-1.37502e+01	
869	8.622800e-02	-1.01560e+01	-1.01550e+01	-1.37506e+01	
870	8.632800e-02	-1.00301e+01	-1.00291e+01	-1.37510e+01	
871	8.642800e-02	-9.89477e+00	-9.89379e+00	-1.37514e+01	
872	8.652800e-02	-9.75044e+00	-9.74946e+00	-1.37519e+01	
873	8.662800e-02	-9.59698e+00	-9.59601e+00	-1.37524e+01	
874	8.672800e-02	-9.43479e+00	-9.43383e+00	-1.37529e+01	
875	8.682800e-02	-9.26380e+00	-9.26284e+00	-1.37535e+01	
876	8.692800e-02	-9.08440e+00	-9.08344e+00	-1.37541e+01	
877	8.702800e-02	-8.89655e+00	-8.89559e+00	-1.37547e+01	
878	8.712800e-02	-8.70063e+00	-8.69968e+00	-1.37553e+01	
879	8.722800e-02	-8.49665e+00	-8.49570e+00	-1.37559e+01	
880	8.732800e-02	-8.28499e+00	-8.28405e+00	-1.37566e+01	
881	8.742800e-02	-8.06567e+00	-8.06473e+00	-1.37573e+01	
882	8.752800e-02	-7.83908e+00	-7.83815e+00	-1.37580e+01	
883	8.762800e-02	-7.60528e+00	-7.60436e+00	-1.37588e+01	
884	8.772800e-02	-7.36465e+00	-7.36373e+00	-1.37595e+01	
885	8.782800e-02	-7.11727e+00	-7.11636e+00	-1.37603e+01	
886	8.792800e-02	-6.86353e+00	-6.86263e+00	-1.37611e+01	
887	8.802800e-02	-6.60353e+00	-6.60263e+00	-1.37619e+01	
888	8.812800e-02	-6.33766e+00	-6.33676e+00	-1.37627e+01	
889	8.822800e-02	-6.06604e+00	-6.06515e+00	-1.37636e+01	
890	8.832800e-02	-5.78904e+00	-5.78816e+00	-1.37644e+01	
891	8.842800e-02	-5.50683e+00	-5.50596e+00	-1.37653e+01	
892	8.852800e-02	-5.21977e+00	-5.21890e+00	-1.37662e+01	
893	8.862800e-02	-4.92802e+00	-4.92716e+00	-1.37671e+01	
894	8.872800e-02	-4.63196e+00	-4.63111e+00	-1.37680e+01	
895	8.882800e-02	-4.33176e+00	-4.33091e+00	-1.37689e+01	
896	8.892800e-02	-4.02777e+00	-4.02693e+00	-1.37699e+01	
897	8.902800e-02	-3.72017e+00	-3.71933e+00	-1.37708e+01	
898	8.912800e-02	-3.40929e+00	-3.40846e+00	-1.37717e+01	
899	8.922800e-02	-3.09529e+00	-3.09447e+00	-1.37727e+01	
900	8.932800e-02	-2.77845e+00	-2.77764e+00	-1.37736e+01	
901	8.942800e-02	-2.45889e+00	-2.45808e+00	-1.37746e+01	
902	8.952800e-02	-2.13674e+00	-2.13595e+00	-1.37756e+01	
903	8.962800e-02	-1.81190e+00	-1.81111e+00	-1.37766e+01	
904	8.972800e-02	-1.48399e+00	-1.48321e+00	-1.37775e+01	
905	8.982800e-02	-1.15137e+00	-1.15059e+00	-1.37785e+01	
906	8.992800e-02	-8.08095e-01	-8.07327e-01	-1.37795e+01	
907	9.002800e-02	-4.12407e-01	-4.11646e-01	-1.37805e+01	
908	9.012800e-02	-5.61850e-02	-5.54280e-02	-1.37813e+01	
909	9.022800e-02	2.750514e-01	2.758043e-01	-1.37819e+01	
910	9.032800e-02	6.029736e-01	6.037226e-01	-1.37826e+01	
911	9.042800e-02	9.247668e-01	9.255118e-01	-1.37832e+01	
912	9.052800e-02	1.246147e+00	1.246889e+00	-1.37839e+01	
913	9.062800e-02	1.562508e+00	1.563245e+00	-1.37845e+01	
914	9.072800e-02	1.878607e+00	1.879340e+00	-1.37851e+01	
915	9.082800e-02	2.189714e+00	2.190443e+00	-1.37857e+01	
916	9.092800e-02	2.500002e+00	2.500728e+00	-1.37864e+01	
917	9.102800e-02	2.805073e+00	2.805794e+00	-1.37870e+01	
918	9.112800e-02	3.108671e+00	3.109389e+00	-1.37876e+01	
919	9.122800e-02	3.406731e+00	3.407445e+00	-1.37882e+01	
920	9.132800e-02	3.702634e+00	3.703345e+00	-1.37888e+01	
921	9.142800e-02	3.992634e+00	3.993342e+00	-1.37893e+01	
922	9.152800e-02	4.279795e+00	4.280499e+00	-1.37899e+01	
923	9.162800e-02	4.560669e+00	4.561370e+00	-1.37905e+01	
924	9.172800e-02	4.838036e+00	4.838732e+00	-1.37910e+01	

Index   time            q.x1.q15#collCX q.x1.q16#collCX q.x1.q17#collCX 
--------------------------------------------------------------------------------
925	9.182800e-02	5.108725e+00	5.109418e+00	-1.37916e+01	
926	9.192800e-02	5.375260e+00	5.375950e+00	-1.37921e+01	
927	9.202800e-02	5.634729e+00	5.635416e+00	-1.37926e+01	
928	9.212800e-02	5.889425e+00	5.890109e+00	-1.37931e+01	
929	9.222800e-02	6.136673e+00	6.137353e+00	-1.37936e+01	
930	9.232800e-02	6.378558e+00	6.379236e+00	-1.37941e+01	
931	9.242800e-02	6.612624e+00	6.613299e+00	-1.37946e+01	
932	9.252800e-02	6.840771e+00	6.841442e+00	-1.37950e+01	
933	9.262800e-02	7.060743e+00	7.061412e+00	-1.37955e+01	
934	9.272800e-02	7.274272e+00	7.274938e+00	-1.37959e+01	
935	9.282800e-02	7.479290e+00	7.479953e+00	-1.37963e+01	
936	9.292800e-02	7.677376e+00	7.678037e+00	-1.37967e+01	
937	9.302800e-02	7.866635e+00	7.867294e+00	-1.37971e+01	
938	9.312800e-02	8.048511e+00	8.049168e+00	-1.37975e+01	
939	9.322800e-02	8.221269e+00	8.221923e+00	-1.37978e+01	
940	9.332800e-02	8.386229e+00	8.386881e+00	-1.37982e+01	
941	9.342800e-02	8.541806e+00	8.542456e+00	-1.37985e+01	
942	9.352800e-02	8.689210e+00	8.689858e+00	-1.37988e+01	
943	9.362800e-02	8.826992e+00	8.827639e+00	-1.37991e+01	
944	9.372800e-02	8.956266e+00	8.956911e+00	-1.37993e+01	
945	9.382800e-02	9.075712e+00	9.076355e+00	-1.37996e+01	
946	9.392800e-02	9.186352e+00	9.186994e+00	-1.37998e+01	
947	9.402800e-02	9.286989e+00	9.287630e+00	-1.38000e+01	
948	9.412800e-02	9.378566e+00	9.379206e+00	-1.38002e+01	
949	9.422800e-02	9.459996e+00	9.460634e+00	-1.38003e+01	
950	9.432800e-02	9.532153e+00	9.532791e+00	-1.38005e+01	
951	9.442800e-02	9.594054e+00	9.594691e+00	-1.38006e+01	
952	9.452800e-02	9.646511e+00	9.647147e+00	-1.38007e+01	
953	9.462800e-02	9.688637e+00	9.689273e+00	-1.38008e+01	
954	9.472800e-02	9.721191e+00	9.721826e+00	-1.38009e+01	
955	9.482800e-02	9.743374e+00	9.744009e+00	-1.38009e+01	
956	9.492800e-02	9.755899e+00	9.756533e+00	-1.38009e+01	
957	9.502800e-02	9.758051e+00	9.758685e+00	-1.38009e+01	
958	9.512800e-02	9.750498e+00	9.751133e+00	-1.38009e+01	
959	9.522800e-02	9.732608e+00	9.733243e+00	-1.38009e+01	
960	9.532800e-02	9.705011e+00	9.705647e+00	-1.38008e+01	
961	9.542800e-02	9.667147e+00	9.667783e+00	-1.38008e+01	
962	9.552800e-02	9.619616e+00	9.620252e+00	-1.38007e+01	
963	9.562800e-02	9.561925e+00	9.562562e+00	-1.38005e+01	
964	9.572800e-02	9.494647e+00	9.495285e+00	-1.38004e+01	
965	9.582800e-02	9.417355e+00	9.417994e+00	-1.38002e+01	
966	9.592800e-02	9.330595e+00	9.331236e+00	-1.38001e+01	
967	9.602800e-02	9.234003e+00	9.234645e+00	-1.37999e+01	
968	9.612800e-02	9.128105e+00	9.128748e+00	-1.37997e+01	
969	9.622800e-02	9.012591e+00	9.013235e+00	-1.37994e+01	
970	9.632800e-02	8.887969e+00	8.888615e+00	-1.37992e+01	
971	9.642800e-02	8.753985e+00	8.754632e+00	-1.37989e+01	
972	9.652800e-02	8.611130e+00	8.611780e+00	-1.37986e+01	
973	9.662800e-02	8.459199e+00	8.459851e+00	-1.37983e+01	
974	9.672800e-02	8.298672e+00	8.299325e+00	-1.37980e+01	
975	9.682800e-02	8.129388e+00	8.130043e+00	-1.37976e+01	
976	9.692800e-02	7.951817e+00	7.952475e+00	-1.37973e+01	
977	9.702800e-02	7.765841e+00	7.766501e+00	-1.37969e+01	
978	9.712800e-02	7.571920e+00	7.572583e+00	-1.37965e+01	
979	9.722800e-02	7.369977e+00	7.370642e+00	-1.37961e+01	
980	9.732800e-02	7.160465e+00	7.161133e+00	-1.37957e+01	
981	9.742800e-02	6.943341e+00	6.944012e+00	-1.37952e+01	
982	9.752800e-02	6.719053e+00	6.719726e+00	-1.37948e+01	

Index   time            q.x1.q15#collCX q.x1.q16#collCX q.x1.q17#collCX 
--------------------------------------------------------------------------------
983	9.762800e-02	6.487592e+00	6.488269e+00	-1.37943e+01	
984	9.772800e-02	6.249400e+00	6.250079e+00	-1.37938e+01	
985	9.782800e-02	6.004498e+00	6.005181e+00	-1.37933e+01	
986	9.792800e-02	5.753323e+00	5.754008e+00	-1.37928e+01	
987	9.802800e-02	5.495926e+00	5.496614e+00	-1.37923e+01	
988	9.812800e-02	5.232735e+00	5.233427e+00	-1.37918e+01	
989	9.822800e-02	4.963828e+00	4.964524e+00	-1.37913e+01	
990	9.832800e-02	4.689628e+00	4.690327e+00	-1.37907e+01	
991	9.842800e-02	4.410235e+00	4.410937e+00	-1.37901e+01	
992	9.852800e-02	4.126063e+00	4.126769e+00	-1.37896e+01	
993	9.862800e-02	3.837231e+00	3.837940e+00	-1.37890e+01	
994	9.872800e-02	3.544144e+00	3.544857e+00	-1.37884e+01	
995	9.882800e-02	3.246933e+00	3.247650e+00	-1.37878e+01	
996	9.892800e-02	2.945990e+00	2.946711e+00	-1.37872e+01	
997	9.902800e-02	2.641449e+00	2.642173e+00	-1.37866e+01	
998	9.912800e-02	2.333678e+00	2.334406e+00	-1.37860e+01	
999	9.922800e-02	2.022798e+00	2.023530e+00	-1.37854e+01	
1000	9.932800e-02	1.709128e+00	1.709864e+00	-1.37848e+01	
1001	9.942800e-02	1.392730e+00	1.393470e+00	-1.37841e+01	
1002	9.952800e-02	1.073796e+00	1.074539e+00	-1.37835e+01	
1003	9.962800e-02	7.521662e-01	7.529135e-01	-1.37829e+01	
1004	9.972800e-02	4.275410e-01	4.282923e-01	-1.37822e+01	
1005	9.982800e-02	9.828115e-02	9.903652e-02	-1.37815e+01	
1006	9.992800e-02	-2.41134e-01	-2.40374e-01	-1.37809e+01	
1007	1.000000e-01	-5.15864e-01	-5.15101e-01	-1.37803e+01	

                                kicad schematic
                                Transient Analysis  Mon Feb 10 01:04:19  2025
--------------------------------------------------------------------------------
Index   time            q.x1.q18#collCX q.x1.q19#collCX q.x1.q20#collCX 
--------------------------------------------------------------------------------
0	0.000000e+00	1.499999e+01	-1.50000e+01	5.393000e-01	
1	1.000000e-06	1.499999e+01	-1.50000e+01	5.375716e-01	
2	2.000000e-06	1.499999e+01	-1.50000e+01	5.347943e-01	
3	4.000000e-06	1.499999e+01	-1.50000e+01	5.279815e-01	
4	8.000000e-06	1.499999e+01	-1.50000e+01	5.111390e-01	
5	1.600000e-05	1.499999e+01	-1.50000e+01	4.767006e-01	
6	3.200000e-05	1.500000e+01	-1.50000e+01	4.113675e-01	
7	6.400000e-05	1.500000e+01	-1.49999e+01	2.911556e-01	
8	1.280000e-04	1.500000e+01	-1.49998e+01	6.759251e-02	
9	2.280000e-04	1.500000e+01	-1.49997e+01	-2.68453e-01	
10	3.280000e-04	1.500000e+01	-1.49996e+01	-5.97807e-01	
11	4.280000e-04	1.500000e+01	-1.49995e+01	-9.23828e-01	
12	5.280000e-04	1.500000e+01	-1.49994e+01	-1.24683e+00	
13	6.280000e-04	1.500000e+01	-1.49992e+01	-1.56726e+00	
14	7.280000e-04	1.500000e+01	-1.49991e+01	-1.88504e+00	
15	8.280000e-04	1.500000e+01	-1.49990e+01	-2.20007e+00	
16	9.280000e-04	1.500000e+01	-1.49989e+01	-2.51210e+00	
17	1.028000e-03	1.500000e+01	-1.49988e+01	-2.82095e+00	
18	1.128000e-03	1.500000e+01	-1.49987e+01	-3.12633e+00	
19	1.228000e-03	1.500000e+01	-1.49986e+01	-3.42802e+00	
20	1.328000e-03	1.500000e+01	-1.49984e+01	-3.72572e+00	
21	1.428000e-03	1.500000e+01	-1.49983e+01	-4.01921e+00	
22	1.528000e-03	1.500000e+01	-1.49982e+01	-4.30818e+00	
23	1.628000e-03	1.500000e+01	-1.49981e+01	-4.59238e+00	
24	1.728000e-03	1.500000e+01	-1.49980e+01	-4.87154e+00	
25	1.828000e-03	1.500000e+01	-1.49979e+01	-5.14541e+00	
26	1.928000e-03	1.500000e+01	-1.49978e+01	-5.41371e+00	
27	2.028000e-03	1.500000e+01	-1.49977e+01	-5.67619e+00	
28	2.128000e-03	1.500000e+01	-1.49976e+01	-5.93260e+00	
29	2.228000e-03	1.500000e+01	-1.49975e+01	-6.18271e+00	
30	2.328000e-03	1.500000e+01	-1.49974e+01	-6.42625e+00	
31	2.428000e-03	1.500000e+01	-1.49973e+01	-6.66300e+00	
32	2.528000e-03	1.500000e+01	-1.49973e+01	-6.89272e+00	
33	2.628000e-03	1.500000e+01	-1.49972e+01	-7.11521e+00	
34	2.728000e-03	1.500000e+01	-1.49971e+01	-7.33023e+00	
35	2.828000e-03	1.500000e+01	-1.49970e+01	-7.53759e+00	
36	2.928000e-03	1.500000e+01	-1.49969e+01	-7.73706e+00	
37	3.028000e-03	1.500000e+01	-1.49969e+01	-7.92848e+00	
38	3.128000e-03	1.500000e+01	-1.49968e+01	-8.11163e+00	
39	3.228000e-03	1.500000e+01	-1.49967e+01	-8.28636e+00	
40	3.328000e-03	1.500000e+01	-1.49967e+01	-8.45248e+00	
41	3.428000e-03	1.500000e+01	-1.49966e+01	-8.60984e+00	
42	3.528000e-03	1.500000e+01	-1.49966e+01	-8.75827e+00	
43	3.628000e-03	1.500000e+01	-1.49965e+01	-8.89765e+00	
44	3.728000e-03	1.500000e+01	-1.49965e+01	-9.02781e+00	
45	3.828000e-03	1.500000e+01	-1.49964e+01	-9.14865e+00	
46	3.928000e-03	1.500000e+01	-1.49964e+01	-9.26004e+00	
47	4.028000e-03	1.500000e+01	-1.49963e+01	-9.36187e+00	
48	4.128000e-03	1.500000e+01	-1.49963e+01	-9.45404e+00	
49	4.228000e-03	1.500000e+01	-1.49963e+01	-9.53647e+00	
50	4.328000e-03	1.500000e+01	-1.49962e+01	-9.60906e+00	
51	4.428000e-03	1.500000e+01	-1.49962e+01	-9.67176e+00	
52	4.528000e-03	1.500000e+01	-1.49962e+01	-9.72449e+00	
53	4.628000e-03	1.500000e+01	-1.49962e+01	-9.76721e+00	
54	4.728000e-03	1.500000e+01	-1.49962e+01	-9.79988e+00	

Index   time            q.x1.q18#collCX q.x1.q19#collCX q.x1.q20#collCX 
--------------------------------------------------------------------------------
55	4.828000e-03	1.500000e+01	-1.49962e+01	-9.82245e+00	
56	4.928000e-03	1.500000e+01	-1.49962e+01	-9.83492e+00	
57	5.028000e-03	1.500000e+01	-1.49962e+01	-9.83726e+00	
58	5.128000e-03	1.500000e+01	-1.49962e+01	-9.82948e+00	
59	5.228000e-03	1.500000e+01	-1.49962e+01	-9.81158e+00	
60	5.328000e-03	1.500000e+01	-1.49962e+01	-9.78359e+00	
61	5.428000e-03	1.500000e+01	-1.49962e+01	-9.74552e+00	
62	5.528000e-03	1.500000e+01	-1.49962e+01	-9.69741e+00	
63	5.628000e-03	1.500000e+01	-1.49962e+01	-9.63932e+00	
64	5.728000e-03	1.500000e+01	-1.49963e+01	-9.57130e+00	
65	5.828000e-03	1.500000e+01	-1.49963e+01	-9.49342e+00	
66	5.928000e-03	1.500000e+01	-1.49963e+01	-9.40574e+00	
67	6.028000e-03	1.500000e+01	-1.49964e+01	-9.30837e+00	
68	6.128000e-03	1.500000e+01	-1.49964e+01	-9.20139e+00	
69	6.228000e-03	1.500000e+01	-1.49964e+01	-9.08492e+00	
70	6.328000e-03	1.500000e+01	-1.49965e+01	-8.95905e+00	
71	6.428000e-03	1.500000e+01	-1.49965e+01	-8.82393e+00	
72	6.528000e-03	1.500000e+01	-1.49966e+01	-8.67967e+00	
73	6.628000e-03	1.500000e+01	-1.49966e+01	-8.52642e+00	
74	6.728000e-03	1.500000e+01	-1.49967e+01	-8.36434e+00	
75	6.828000e-03	1.500000e+01	-1.49968e+01	-8.19357e+00	
76	6.928000e-03	1.500000e+01	-1.49968e+01	-8.01430e+00	
77	7.028000e-03	1.500000e+01	-1.49969e+01	-7.82668e+00	
78	7.128000e-03	1.500000e+01	-1.49970e+01	-7.63091e+00	
79	7.228000e-03	1.500000e+01	-1.49971e+01	-7.42718e+00	
80	7.328000e-03	1.500000e+01	-1.49971e+01	-7.21568e+00	
81	7.428000e-03	1.500000e+01	-1.49972e+01	-6.99662e+00	
82	7.528000e-03	1.500000e+01	-1.49973e+01	-6.77022e+00	
83	7.628000e-03	1.500000e+01	-1.49974e+01	-6.53669e+00	
84	7.728000e-03	1.500000e+01	-1.49975e+01	-6.29627e+00	
85	7.828000e-03	1.500000e+01	-1.49976e+01	-6.04917e+00	
86	7.928000e-03	1.500000e+01	-1.49977e+01	-5.79565e+00	
87	8.028000e-03	1.500000e+01	-1.49978e+01	-5.53595e+00	
88	8.128000e-03	1.500000e+01	-1.49979e+01	-5.27031e+00	
89	8.228000e-03	1.500000e+01	-1.49980e+01	-4.99899e+00	
90	8.328000e-03	1.500000e+01	-1.49981e+01	-4.72225e+00	
91	8.428000e-03	1.500000e+01	-1.49982e+01	-4.44034e+00	
92	8.528000e-03	1.500000e+01	-1.49983e+01	-4.15355e+00	
93	8.628000e-03	1.500000e+01	-1.49984e+01	-3.86212e+00	
94	8.728000e-03	1.500000e+01	-1.49985e+01	-3.56634e+00	
95	8.828000e-03	1.500000e+01	-1.49986e+01	-3.26646e+00	
96	8.928000e-03	1.500000e+01	-1.49987e+01	-2.96276e+00	
97	9.028000e-03	1.500000e+01	-1.49988e+01	-2.65549e+00	
98	9.128000e-03	1.500000e+01	-1.49990e+01	-2.34491e+00	
99	9.228000e-03	1.500000e+01	-1.49991e+01	-2.03125e+00	
100	9.328000e-03	1.500000e+01	-1.49992e+01	-1.71472e+00	
101	9.428000e-03	1.500000e+01	-1.49993e+01	-1.39550e+00	
102	9.528000e-03	1.500000e+01	-1.49994e+01	-1.07368e+00	
103	9.628000e-03	1.500000e+01	-1.49996e+01	-7.49177e-01	
104	9.728000e-03	1.500000e+01	-1.49997e+01	-4.21599e-01	
105	9.828000e-03	1.500000e+01	-1.49998e+01	-8.93306e-02	
106	9.928000e-03	1.500000e+01	-1.49999e+01	2.535944e-01	
107	1.002800e-02	1.499996e+01	-1.50000e+01	6.488082e-01	
108	1.012800e-02	1.499984e+01	-1.50000e+01	1.004540e+00	
109	1.022800e-02	1.499972e+01	-1.50000e+01	1.335290e+00	
110	1.032800e-02	1.499959e+01	-1.50000e+01	1.662753e+00	
111	1.042800e-02	1.499947e+01	-1.50000e+01	1.984072e+00	
112	1.052800e-02	1.499934e+01	-1.50000e+01	2.304998e+00	

Index   time            q.x1.q18#collCX q.x1.q19#collCX q.x1.q20#collCX 
--------------------------------------------------------------------------------
113	1.062800e-02	1.499922e+01	-1.50000e+01	2.620890e+00	
114	1.072800e-02	1.499910e+01	-1.50000e+01	2.936539e+00	
115	1.082800e-02	1.499898e+01	-1.50000e+01	3.247183e+00	
116	1.092800e-02	1.499886e+01	-1.50000e+01	3.557024e+00	
117	1.102800e-02	1.499874e+01	-1.50000e+01	3.861639e+00	
118	1.112800e-02	1.499862e+01	-1.50000e+01	4.164796e+00	
119	1.122800e-02	1.499851e+01	-1.50000e+01	4.462406e+00	
120	1.132800e-02	1.499839e+01	-1.50000e+01	4.757875e+00	
121	1.142800e-02	1.499828e+01	-1.50000e+01	5.047436e+00	
122	1.152800e-02	1.499817e+01	-1.50000e+01	5.334171e+00	
123	1.162800e-02	1.499806e+01	-1.50000e+01	5.614616e+00	
124	1.172800e-02	1.499795e+01	-1.50000e+01	5.891567e+00	
125	1.182800e-02	1.499785e+01	-1.50000e+01	6.161839e+00	
126	1.192800e-02	1.499774e+01	-1.50000e+01	6.427971e+00	
127	1.202800e-02	1.499764e+01	-1.50000e+01	6.687037e+00	
128	1.212800e-02	1.499754e+01	-1.50000e+01	6.941345e+00	
129	1.222800e-02	1.499745e+01	-1.50000e+01	7.188206e+00	
130	1.232800e-02	1.499735e+01	-1.50000e+01	7.429718e+00	
131	1.242800e-02	1.499726e+01	-1.50000e+01	7.663416e+00	
132	1.252800e-02	1.499717e+01	-1.50000e+01	7.891208e+00	
133	1.262800e-02	1.499709e+01	-1.50000e+01	8.110831e+00	
134	1.272800e-02	1.499700e+01	-1.50000e+01	8.324025e+00	
135	1.282800e-02	1.499692e+01	-1.50000e+01	8.528715e+00	
136	1.292800e-02	1.499685e+01	-1.50000e+01	8.726488e+00	
137	1.302800e-02	1.499677e+01	-1.50000e+01	8.915443e+00	
138	1.312800e-02	1.499670e+01	-1.50000e+01	9.097029e+00	
139	1.322800e-02	1.499663e+01	-1.50000e+01	9.269508e+00	
140	1.332800e-02	1.499657e+01	-1.50000e+01	9.434204e+00	
141	1.342800e-02	1.499651e+01	-1.50000e+01	9.589528e+00	
142	1.352800e-02	1.499645e+01	-1.50000e+01	9.736693e+00	
143	1.362800e-02	1.499640e+01	-1.50000e+01	9.874251e+00	
144	1.372800e-02	1.499635e+01	-1.50000e+01	1.000331e+01	
145	1.382800e-02	1.499630e+01	-1.50000e+01	1.012256e+01	
146	1.392800e-02	1.499626e+01	-1.50000e+01	1.023302e+01	
147	1.402800e-02	1.499622e+01	-1.50000e+01	1.033350e+01	
148	1.412800e-02	1.499618e+01	-1.50000e+01	1.042492e+01	
149	1.422800e-02	1.499615e+01	-1.50000e+01	1.050622e+01	
150	1.432800e-02	1.499612e+01	-1.50000e+01	1.057826e+01	
151	1.442800e-02	1.499610e+01	-1.50000e+01	1.064006e+01	
152	1.452800e-02	1.499608e+01	-1.50000e+01	1.069243e+01	
153	1.462800e-02	1.499606e+01	-1.50000e+01	1.073448e+01	
154	1.472800e-02	1.499605e+01	-1.50000e+01	1.076698e+01	
155	1.482800e-02	1.499604e+01	-1.50000e+01	1.078913e+01	
156	1.492800e-02	1.499604e+01	-1.50000e+01	1.080163e+01	
157	1.502800e-02	1.499604e+01	-1.50000e+01	1.080378e+01	
158	1.512800e-02	1.499604e+01	-1.50000e+01	1.079624e+01	
159	1.522800e-02	1.499605e+01	-1.50000e+01	1.077838e+01	
160	1.532800e-02	1.499606e+01	-1.50000e+01	1.075083e+01	
161	1.542800e-02	1.499607e+01	-1.50000e+01	1.071303e+01	
162	1.552800e-02	1.499609e+01	-1.50000e+01	1.066558e+01	
163	1.562800e-02	1.499611e+01	-1.50000e+01	1.060799e+01	
164	1.572800e-02	1.499614e+01	-1.50000e+01	1.054082e+01	
165	1.582800e-02	1.499617e+01	-1.50000e+01	1.046365e+01	
166	1.592800e-02	1.499620e+01	-1.50000e+01	1.037704e+01	
167	1.602800e-02	1.499624e+01	-1.50000e+01	1.028061e+01	
168	1.612800e-02	1.499628e+01	-1.50000e+01	1.017488e+01	
169	1.622800e-02	1.499633e+01	-1.50000e+01	1.005956e+01	
170	1.632800e-02	1.499638e+01	-1.50000e+01	9.935140e+00	

Index   time            q.x1.q18#collCX q.x1.q19#collCX q.x1.q20#collCX 
--------------------------------------------------------------------------------
171	1.642800e-02	1.499643e+01	-1.50000e+01	9.801376e+00	
172	1.652800e-02	1.499648e+01	-1.50000e+01	9.658753e+00	
173	1.662800e-02	1.499654e+01	-1.50000e+01	9.507070e+00	
174	1.672800e-02	1.499660e+01	-1.50000e+01	9.346801e+00	
175	1.682800e-02	1.499667e+01	-1.50000e+01	9.177791e+00	
176	1.692800e-02	1.499674e+01	-1.50000e+01	9.000505e+00	
177	1.702800e-02	1.499681e+01	-1.50000e+01	8.814828e+00	
178	1.712800e-02	1.499689e+01	-1.50000e+01	8.621216e+00	
179	1.722800e-02	1.499697e+01	-1.50000e+01	8.419596e+00	
180	1.732800e-02	1.499705e+01	-1.50000e+01	8.210415e+00	
181	1.742800e-02	1.499713e+01	-1.50000e+01	7.993635e+00	
182	1.752800e-02	1.499722e+01	-1.50000e+01	7.769698e+00	
183	1.762800e-02	1.499731e+01	-1.50000e+01	7.538602e+00	
184	1.772800e-02	1.499740e+01	-1.50000e+01	7.300779e+00	
185	1.782800e-02	1.499750e+01	-1.50000e+01	7.056260e+00	
186	1.792800e-02	1.499760e+01	-1.50000e+01	6.805472e+00	
187	1.802800e-02	1.499770e+01	-1.50000e+01	6.548472e+00	
188	1.812800e-02	1.499780e+01	-1.50000e+01	6.285684e+00	
189	1.822800e-02	1.499790e+01	-1.50000e+01	6.017189e+00	
190	1.832800e-02	1.499801e+01	-1.50000e+01	5.743405e+00	
191	1.842800e-02	1.499812e+01	-1.50000e+01	5.464436e+00	
192	1.852800e-02	1.499823e+01	-1.50000e+01	5.180691e+00	
193	1.862800e-02	1.499834e+01	-1.50000e+01	4.892293e+00	
194	1.872800e-02	1.499845e+01	-1.50000e+01	4.599643e+00	
195	1.882800e-02	1.499857e+01	-1.50000e+01	4.302875e+00	
196	1.892800e-02	1.499869e+01	-1.50000e+01	4.002376e+00	
197	1.902800e-02	1.499881e+01	-1.50000e+01	3.698286e+00	
198	1.912800e-02	1.499892e+01	-1.50000e+01	3.390965e+00	
199	1.922800e-02	1.499904e+01	-1.50000e+01	3.080542e+00	
200	1.932800e-02	1.499917e+01	-1.50000e+01	2.767327e+00	
201	1.942800e-02	1.499929e+01	-1.50000e+01	2.451390e+00	
202	1.952800e-02	1.499941e+01	-1.50000e+01	2.132915e+00	
203	1.962800e-02	1.499953e+01	-1.50000e+01	1.811752e+00	
204	1.972800e-02	1.499966e+01	-1.50000e+01	1.487592e+00	
205	1.982800e-02	1.499978e+01	-1.50000e+01	1.158807e+00	
206	1.992800e-02	1.499990e+01	-1.50000e+01	8.198756e-01	
207	2.002800e-02	1.499999e+01	-1.50000e+01	4.277645e-01	
208	2.012800e-02	1.500000e+01	-1.49998e+01	6.690452e-02	
209	2.022800e-02	1.500000e+01	-1.49997e+01	-2.67699e-01	
210	2.032800e-02	1.500000e+01	-1.49996e+01	-5.98941e-01	
211	2.042800e-02	1.500000e+01	-1.49995e+01	-9.23424e-01	
212	2.052800e-02	1.500000e+01	-1.49994e+01	-1.24734e+00	
213	2.062800e-02	1.500000e+01	-1.49992e+01	-1.56676e+00	
214	2.072800e-02	1.500000e+01	-1.49991e+01	-1.88552e+00	
215	2.082800e-02	1.500000e+01	-1.49990e+01	-2.19962e+00	
216	2.092800e-02	1.500000e+01	-1.49989e+01	-2.51253e+00	
217	2.102800e-02	1.500000e+01	-1.49988e+01	-2.82053e+00	
218	2.112800e-02	1.500000e+01	-1.49987e+01	-3.12672e+00	
219	2.122800e-02	1.500000e+01	-1.49986e+01	-3.42764e+00	
220	2.132800e-02	1.500000e+01	-1.49984e+01	-3.72609e+00	
221	2.142800e-02	1.500000e+01	-1.49983e+01	-4.01887e+00	
222	2.152800e-02	1.500000e+01	-1.49982e+01	-4.30851e+00	
223	2.162800e-02	1.500000e+01	-1.49981e+01	-4.59207e+00	
224	2.172800e-02	1.500000e+01	-1.49980e+01	-4.87184e+00	
225	2.182800e-02	1.500000e+01	-1.49979e+01	-5.14512e+00	
226	2.192800e-02	1.500000e+01	-1.49978e+01	-5.41398e+00	
227	2.202800e-02	1.500000e+01	-1.49977e+01	-5.67593e+00	
228	2.212800e-02	1.500000e+01	-1.49976e+01	-5.93285e+00	

Index   time            q.x1.q18#collCX q.x1.q19#collCX q.x1.q20#collCX 
--------------------------------------------------------------------------------
229	2.222800e-02	1.500000e+01	-1.49975e+01	-6.18247e+00	
230	2.232800e-02	1.500000e+01	-1.49974e+01	-6.42647e+00	
231	2.242800e-02	1.500000e+01	-1.49973e+01	-6.66278e+00	
232	2.252800e-02	1.500000e+01	-1.49973e+01	-6.89293e+00	
233	2.262800e-02	1.500000e+01	-1.49972e+01	-7.11501e+00	
234	2.272800e-02	1.500000e+01	-1.49971e+01	-7.33042e+00	
235	2.282800e-02	1.500000e+01	-1.49970e+01	-7.53740e+00	
236	2.292800e-02	1.500000e+01	-1.49969e+01	-7.73724e+00	
237	2.302800e-02	1.500000e+01	-1.49969e+01	-7.92831e+00	
238	2.312800e-02	1.500000e+01	-1.49968e+01	-8.11179e+00	
239	2.322800e-02	1.500000e+01	-1.49967e+01	-8.28621e+00	
240	2.332800e-02	1.500000e+01	-1.49967e+01	-8.45263e+00	
241	2.342800e-02	1.500000e+01	-1.49966e+01	-8.60970e+00	
242	2.352800e-02	1.500000e+01	-1.49966e+01	-8.75841e+00	
243	2.362800e-02	1.500000e+01	-1.49965e+01	-8.89752e+00	
244	2.372800e-02	1.500000e+01	-1.49965e+01	-9.02793e+00	
245	2.382800e-02	1.500000e+01	-1.49964e+01	-9.14854e+00	
246	2.392800e-02	1.500000e+01	-1.49964e+01	-9.26015e+00	
247	2.402800e-02	1.500000e+01	-1.49963e+01	-9.36177e+00	
248	2.412800e-02	1.500000e+01	-1.49963e+01	-9.45414e+00	
249	2.422800e-02	1.500000e+01	-1.49963e+01	-9.53637e+00	
250	2.432800e-02	1.500000e+01	-1.49962e+01	-9.60916e+00	
251	2.442800e-02	1.500000e+01	-1.49962e+01	-9.67167e+00	
252	2.452800e-02	1.500000e+01	-1.49962e+01	-9.72458e+00	
253	2.462800e-02	1.500000e+01	-1.49962e+01	-9.76713e+00	
254	2.472800e-02	1.500000e+01	-1.49962e+01	-9.79995e+00	
255	2.482800e-02	1.500000e+01	-1.49962e+01	-9.82238e+00	
256	2.492800e-02	1.500000e+01	-1.49962e+01	-9.83499e+00	
257	2.502800e-02	1.500000e+01	-1.49962e+01	-9.83720e+00	
258	2.512800e-02	1.500000e+01	-1.49962e+01	-9.82954e+00	
259	2.522800e-02	1.500000e+01	-1.49962e+01	-9.81152e+00	
260	2.532800e-02	1.500000e+01	-1.49962e+01	-9.78364e+00	
261	2.542800e-02	1.500000e+01	-1.49962e+01	-9.74546e+00	
262	2.552800e-02	1.500000e+01	-1.49962e+01	-9.69747e+00	
263	2.562800e-02	1.500000e+01	-1.49962e+01	-9.63927e+00	
264	2.572800e-02	1.500000e+01	-1.49963e+01	-9.57135e+00	
265	2.582800e-02	1.500000e+01	-1.49963e+01	-9.49337e+00	
266	2.592800e-02	1.500000e+01	-1.49963e+01	-9.40579e+00	
267	2.602800e-02	1.500000e+01	-1.49964e+01	-9.30833e+00	
268	2.612800e-02	1.500000e+01	-1.49964e+01	-9.20143e+00	
269	2.622800e-02	1.500000e+01	-1.49964e+01	-9.08488e+00	
270	2.632800e-02	1.500000e+01	-1.49965e+01	-8.95909e+00	
271	2.642800e-02	1.500000e+01	-1.49965e+01	-8.82389e+00	
272	2.652800e-02	1.500000e+01	-1.49966e+01	-8.67970e+00	
273	2.662800e-02	1.500000e+01	-1.49966e+01	-8.52639e+00	
274	2.672800e-02	1.500000e+01	-1.49967e+01	-8.36437e+00	
275	2.682800e-02	1.500000e+01	-1.49968e+01	-8.19354e+00	
276	2.692800e-02	1.500000e+01	-1.49968e+01	-8.01432e+00	
277	2.702800e-02	1.500000e+01	-1.49969e+01	-7.82665e+00	
278	2.712800e-02	1.500000e+01	-1.49970e+01	-7.63094e+00	
279	2.722800e-02	1.500000e+01	-1.49971e+01	-7.42715e+00	
280	2.732800e-02	1.500000e+01	-1.49971e+01	-7.21570e+00	
281	2.742800e-02	1.500000e+01	-1.49972e+01	-6.99660e+00	
282	2.752800e-02	1.500000e+01	-1.49973e+01	-6.77024e+00	
283	2.762800e-02	1.500000e+01	-1.49974e+01	-6.53667e+00	
284	2.772800e-02	1.500000e+01	-1.49975e+01	-6.29629e+00	
285	2.782800e-02	1.500000e+01	-1.49976e+01	-6.04915e+00	
286	2.792800e-02	1.500000e+01	-1.49977e+01	-5.79567e+00	

Index   time            q.x1.q18#collCX q.x1.q19#collCX q.x1.q20#collCX 
--------------------------------------------------------------------------------
287	2.802800e-02	1.500000e+01	-1.49978e+01	-5.53593e+00	
288	2.812800e-02	1.500000e+01	-1.49979e+01	-5.27032e+00	
289	2.822800e-02	1.500000e+01	-1.49980e+01	-4.99897e+00	
290	2.832800e-02	1.500000e+01	-1.49981e+01	-4.72226e+00	
291	2.842800e-02	1.500000e+01	-1.49982e+01	-4.44033e+00	
292	2.852800e-02	1.500000e+01	-1.49983e+01	-4.15356e+00	
293	2.862800e-02	1.500000e+01	-1.49984e+01	-3.86211e+00	
294	2.872800e-02	1.500000e+01	-1.49985e+01	-3.56635e+00	
295	2.882800e-02	1.500000e+01	-1.49986e+01	-3.26645e+00	
296	2.892800e-02	1.500000e+01	-1.49987e+01	-2.96277e+00	
297	2.902800e-02	1.500000e+01	-1.49988e+01	-2.65548e+00	
298	2.912800e-02	1.500000e+01	-1.49990e+01	-2.34492e+00	
299	2.922800e-02	1.500000e+01	-1.49991e+01	-2.03124e+00	
300	2.932800e-02	1.500000e+01	-1.49992e+01	-1.71473e+00	
301	2.942800e-02	1.500000e+01	-1.49993e+01	-1.39549e+00	
302	2.952800e-02	1.500000e+01	-1.49994e+01	-1.07368e+00	
303	2.962800e-02	1.500000e+01	-1.49996e+01	-7.49168e-01	
304	2.972800e-02	1.500000e+01	-1.49997e+01	-4.21607e-01	
305	2.982800e-02	1.500000e+01	-1.49998e+01	-8.93229e-02	
306	2.992800e-02	1.500000e+01	-1.49999e+01	2.535867e-01	
307	3.002800e-02	1.499996e+01	-1.50000e+01	6.488156e-01	
308	3.012800e-02	1.499984e+01	-1.50000e+01	1.004534e+00	
309	3.022800e-02	1.499972e+01	-1.50000e+01	1.335296e+00	
310	3.032800e-02	1.499959e+01	-1.50000e+01	1.662747e+00	
311	3.042800e-02	1.499947e+01	-1.50000e+01	1.984077e+00	
312	3.052800e-02	1.499934e+01	-1.50000e+01	2.304993e+00	
313	3.062800e-02	1.499922e+01	-1.50000e+01	2.620895e+00	
314	3.072800e-02	1.499910e+01	-1.50000e+01	2.936534e+00	
315	3.082800e-02	1.499898e+01	-1.50000e+01	3.247187e+00	
316	3.092800e-02	1.499886e+01	-1.50000e+01	3.557020e+00	
317	3.102800e-02	1.499874e+01	-1.50000e+01	3.861642e+00	
318	3.112800e-02	1.499862e+01	-1.50000e+01	4.164792e+00	
319	3.122800e-02	1.499851e+01	-1.50000e+01	4.462410e+00	
320	3.132800e-02	1.499839e+01	-1.50000e+01	4.757872e+00	
321	3.142800e-02	1.499828e+01	-1.50000e+01	5.047439e+00	
322	3.152800e-02	1.499817e+01	-1.50000e+01	5.334168e+00	
323	3.162800e-02	1.499806e+01	-1.50000e+01	5.614619e+00	
324	3.172800e-02	1.499795e+01	-1.50000e+01	5.891564e+00	
325	3.182800e-02	1.499785e+01	-1.50000e+01	6.161841e+00	
326	3.192800e-02	1.499774e+01	-1.50000e+01	6.427969e+00	
327	3.202800e-02	1.499764e+01	-1.50000e+01	6.687040e+00	
328	3.212800e-02	1.499754e+01	-1.50000e+01	6.941342e+00	
329	3.222800e-02	1.499745e+01	-1.50000e+01	7.188208e+00	
330	3.232800e-02	1.499735e+01	-1.50000e+01	7.429716e+00	
331	3.242800e-02	1.499726e+01	-1.50000e+01	7.663418e+00	
332	3.252800e-02	1.499717e+01	-1.50000e+01	7.891206e+00	
333	3.262800e-02	1.499709e+01	-1.50000e+01	8.110833e+00	
334	3.272800e-02	1.499700e+01	-1.50000e+01	8.324023e+00	
335	3.282800e-02	1.499692e+01	-1.50000e+01	8.528717e+00	
336	3.292800e-02	1.499685e+01	-1.50000e+01	8.726486e+00	
337	3.302800e-02	1.499677e+01	-1.50000e+01	8.915445e+00	
338	3.312800e-02	1.499670e+01	-1.50000e+01	9.097028e+00	
339	3.322800e-02	1.499663e+01	-1.50000e+01	9.269510e+00	
340	3.332800e-02	1.499657e+01	-1.50000e+01	9.434202e+00	
341	3.342800e-02	1.499651e+01	-1.50000e+01	9.589529e+00	
342	3.352800e-02	1.499645e+01	-1.50000e+01	9.736692e+00	
343	3.362800e-02	1.499640e+01	-1.50000e+01	9.874252e+00	
344	3.372800e-02	1.499635e+01	-1.50000e+01	1.000331e+01	

Index   time            q.x1.q18#collCX q.x1.q19#collCX q.x1.q20#collCX 
--------------------------------------------------------------------------------
345	3.382800e-02	1.499630e+01	-1.50000e+01	1.012257e+01	
346	3.392800e-02	1.499626e+01	-1.50000e+01	1.023302e+01	
347	3.402800e-02	1.499622e+01	-1.50000e+01	1.033350e+01	
348	3.412800e-02	1.499618e+01	-1.50000e+01	1.042492e+01	
349	3.422800e-02	1.499615e+01	-1.50000e+01	1.050622e+01	
350	3.432800e-02	1.499612e+01	-1.50000e+01	1.057826e+01	
351	3.442800e-02	1.499610e+01	-1.50000e+01	1.064006e+01	
352	3.452800e-02	1.499608e+01	-1.50000e+01	1.069243e+01	
353	3.462800e-02	1.499606e+01	-1.50000e+01	1.073448e+01	
354	3.472800e-02	1.499605e+01	-1.50000e+01	1.076698e+01	
355	3.482800e-02	1.499604e+01	-1.50000e+01	1.078913e+01	
356	3.492800e-02	1.499604e+01	-1.50000e+01	1.080163e+01	
357	3.502800e-02	1.499604e+01	-1.50000e+01	1.080378e+01	
358	3.512800e-02	1.499604e+01	-1.50000e+01	1.079624e+01	
359	3.522800e-02	1.499605e+01	-1.50000e+01	1.077838e+01	
360	3.532800e-02	1.499606e+01	-1.50000e+01	1.075083e+01	
361	3.542800e-02	1.499607e+01	-1.50000e+01	1.071303e+01	
362	3.552800e-02	1.499609e+01	-1.50000e+01	1.066558e+01	
363	3.562800e-02	1.499611e+01	-1.50000e+01	1.060799e+01	
364	3.572800e-02	1.499614e+01	-1.50000e+01	1.054082e+01	
365	3.582800e-02	1.499617e+01	-1.50000e+01	1.046366e+01	
366	3.592800e-02	1.499620e+01	-1.50000e+01	1.037704e+01	
367	3.602800e-02	1.499624e+01	-1.50000e+01	1.028061e+01	
368	3.612800e-02	1.499628e+01	-1.50000e+01	1.017488e+01	
369	3.622800e-02	1.499633e+01	-1.50000e+01	1.005956e+01	
370	3.632800e-02	1.499638e+01	-1.50000e+01	9.935140e+00	
371	3.642800e-02	1.499643e+01	-1.50000e+01	9.801376e+00	
372	3.652800e-02	1.499648e+01	-1.50000e+01	9.658753e+00	
373	3.662800e-02	1.499654e+01	-1.50000e+01	9.507070e+00	
374	3.672800e-02	1.499660e+01	-1.50000e+01	9.346801e+00	
375	3.682800e-02	1.499667e+01	-1.50000e+01	9.177792e+00	
376	3.692800e-02	1.499674e+01	-1.50000e+01	9.000505e+00	
377	3.702800e-02	1.499681e+01	-1.50000e+01	8.814828e+00	
378	3.712800e-02	1.499689e+01	-1.50000e+01	8.621216e+00	
379	3.722800e-02	1.499697e+01	-1.50000e+01	8.419596e+00	
380	3.732800e-02	1.499705e+01	-1.50000e+01	8.210414e+00	
381	3.742800e-02	1.499713e+01	-1.50000e+01	7.993636e+00	
382	3.752800e-02	1.499722e+01	-1.50000e+01	7.769698e+00	
383	3.762800e-02	1.499731e+01	-1.50000e+01	7.538602e+00	
384	3.772800e-02	1.499740e+01	-1.50000e+01	7.300779e+00	
385	3.782800e-02	1.499750e+01	-1.50000e+01	7.056260e+00	
386	3.792800e-02	1.499760e+01	-1.50000e+01	6.805472e+00	
387	3.802800e-02	1.499770e+01	-1.50000e+01	6.548472e+00	
388	3.812800e-02	1.499780e+01	-1.50000e+01	6.285684e+00	
389	3.822800e-02	1.499790e+01	-1.50000e+01	6.017189e+00	
390	3.832800e-02	1.499801e+01	-1.50000e+01	5.743405e+00	
391	3.842800e-02	1.499812e+01	-1.50000e+01	5.464436e+00	
392	3.852800e-02	1.499823e+01	-1.50000e+01	5.180691e+00	
393	3.862800e-02	1.499834e+01	-1.50000e+01	4.892293e+00	
394	3.872800e-02	1.499845e+01	-1.50000e+01	4.599643e+00	
395	3.882800e-02	1.499857e+01	-1.50000e+01	4.302875e+00	
396	3.892800e-02	1.499869e+01	-1.50000e+01	4.002376e+00	
397	3.902800e-02	1.499881e+01	-1.50000e+01	3.698286e+00	
398	3.912800e-02	1.499892e+01	-1.50000e+01	3.390965e+00	
399	3.922800e-02	1.499904e+01	-1.50000e+01	3.080542e+00	
400	3.932800e-02	1.499917e+01	-1.50000e+01	2.767327e+00	
401	3.942800e-02	1.499929e+01	-1.50000e+01	2.451390e+00	
402	3.952800e-02	1.499941e+01	-1.50000e+01	2.132915e+00	

Index   time            q.x1.q18#collCX q.x1.q19#collCX q.x1.q20#collCX 
--------------------------------------------------------------------------------
403	3.962800e-02	1.499953e+01	-1.50000e+01	1.811752e+00	
404	3.972800e-02	1.499966e+01	-1.50000e+01	1.487592e+00	
405	3.982800e-02	1.499978e+01	-1.50000e+01	1.158807e+00	
406	3.992800e-02	1.499990e+01	-1.50000e+01	8.198756e-01	
407	4.002800e-02	1.499999e+01	-1.50000e+01	4.277650e-01	
408	4.012800e-02	1.500000e+01	-1.49998e+01	6.690397e-02	
409	4.022800e-02	1.500000e+01	-1.49997e+01	-2.67698e-01	
410	4.032800e-02	1.500000e+01	-1.49996e+01	-5.98942e-01	
411	4.042800e-02	1.500000e+01	-1.49995e+01	-9.23424e-01	
412	4.052800e-02	1.500000e+01	-1.49994e+01	-1.24734e+00	
413	4.062800e-02	1.500000e+01	-1.49992e+01	-1.56676e+00	
414	4.072800e-02	1.500000e+01	-1.49991e+01	-1.88552e+00	
415	4.082800e-02	1.500000e+01	-1.49990e+01	-2.19962e+00	
416	4.092800e-02	1.500000e+01	-1.49989e+01	-2.51253e+00	
417	4.102800e-02	1.500000e+01	-1.49988e+01	-2.82053e+00	
418	4.112800e-02	1.500000e+01	-1.49987e+01	-3.12672e+00	
419	4.122800e-02	1.500000e+01	-1.49986e+01	-3.42764e+00	
420	4.132800e-02	1.500000e+01	-1.49984e+01	-3.72609e+00	
421	4.142800e-02	1.500000e+01	-1.49983e+01	-4.01887e+00	
422	4.152800e-02	1.500000e+01	-1.49982e+01	-4.30851e+00	
423	4.162800e-02	1.500000e+01	-1.49981e+01	-4.59207e+00	
424	4.172800e-02	1.500000e+01	-1.49980e+01	-4.87184e+00	
425	4.182800e-02	1.500000e+01	-1.49979e+01	-5.14512e+00	
426	4.192800e-02	1.500000e+01	-1.49978e+01	-5.41398e+00	
427	4.202800e-02	1.500000e+01	-1.49977e+01	-5.67593e+00	
428	4.212800e-02	1.500000e+01	-1.49976e+01	-5.93285e+00	
429	4.222800e-02	1.500000e+01	-1.49975e+01	-6.18247e+00	
430	4.232800e-02	1.500000e+01	-1.49974e+01	-6.42647e+00	
431	4.242800e-02	1.500000e+01	-1.49973e+01	-6.66278e+00	
432	4.252800e-02	1.500000e+01	-1.49973e+01	-6.89293e+00	
433	4.262800e-02	1.500000e+01	-1.49972e+01	-7.11501e+00	
434	4.272800e-02	1.500000e+01	-1.49971e+01	-7.33042e+00	
435	4.282800e-02	1.500000e+01	-1.49970e+01	-7.53740e+00	
436	4.292800e-02	1.500000e+01	-1.49969e+01	-7.73724e+00	
437	4.302800e-02	1.500000e+01	-1.49969e+01	-7.92831e+00	
438	4.312800e-02	1.500000e+01	-1.49968e+01	-8.11179e+00	
439	4.322800e-02	1.500000e+01	-1.49967e+01	-8.28621e+00	
440	4.332800e-02	1.500000e+01	-1.49967e+01	-8.45263e+00	
441	4.342800e-02	1.500000e+01	-1.49966e+01	-8.60970e+00	
442	4.352800e-02	1.500000e+01	-1.49966e+01	-8.75841e+00	
443	4.362800e-02	1.500000e+01	-1.49965e+01	-8.89752e+00	
444	4.372800e-02	1.500000e+01	-1.49965e+01	-9.02793e+00	
445	4.382800e-02	1.500000e+01	-1.49964e+01	-9.14854e+00	
446	4.392800e-02	1.500000e+01	-1.49964e+01	-9.26015e+00	
447	4.402800e-02	1.500000e+01	-1.49963e+01	-9.36177e+00	
448	4.412800e-02	1.500000e+01	-1.49963e+01	-9.45414e+00	
449	4.422800e-02	1.500000e+01	-1.49963e+01	-9.53637e+00	
450	4.432800e-02	1.500000e+01	-1.49962e+01	-9.60916e+00	
451	4.442800e-02	1.500000e+01	-1.49962e+01	-9.67167e+00	
452	4.452800e-02	1.500000e+01	-1.49962e+01	-9.72458e+00	
453	4.462800e-02	1.500000e+01	-1.49962e+01	-9.76713e+00	
454	4.472800e-02	1.500000e+01	-1.49962e+01	-9.79995e+00	
455	4.482800e-02	1.500000e+01	-1.49962e+01	-9.82238e+00	
456	4.492800e-02	1.500000e+01	-1.49962e+01	-9.83499e+00	
457	4.502800e-02	1.500000e+01	-1.49962e+01	-9.83720e+00	
458	4.512800e-02	1.500000e+01	-1.49962e+01	-9.82954e+00	
459	4.522800e-02	1.500000e+01	-1.49962e+01	-9.81152e+00	
460	4.532800e-02	1.500000e+01	-1.49962e+01	-9.78364e+00	

Index   time            q.x1.q18#collCX q.x1.q19#collCX q.x1.q20#collCX 
--------------------------------------------------------------------------------
461	4.542800e-02	1.500000e+01	-1.49962e+01	-9.74546e+00	
462	4.552800e-02	1.500000e+01	-1.49962e+01	-9.69747e+00	
463	4.562800e-02	1.500000e+01	-1.49962e+01	-9.63927e+00	
464	4.572800e-02	1.500000e+01	-1.49963e+01	-9.57135e+00	
465	4.582800e-02	1.500000e+01	-1.49963e+01	-9.49337e+00	
466	4.592800e-02	1.500000e+01	-1.49963e+01	-9.40579e+00	
467	4.602800e-02	1.500000e+01	-1.49964e+01	-9.30833e+00	
468	4.612800e-02	1.500000e+01	-1.49964e+01	-9.20143e+00	
469	4.622800e-02	1.500000e+01	-1.49964e+01	-9.08488e+00	
470	4.632800e-02	1.500000e+01	-1.49965e+01	-8.95909e+00	
471	4.642800e-02	1.500000e+01	-1.49965e+01	-8.82389e+00	
472	4.652800e-02	1.500000e+01	-1.49966e+01	-8.67970e+00	
473	4.662800e-02	1.500000e+01	-1.49966e+01	-8.52639e+00	
474	4.672800e-02	1.500000e+01	-1.49967e+01	-8.36437e+00	
475	4.682800e-02	1.500000e+01	-1.49968e+01	-8.19354e+00	
476	4.692800e-02	1.500000e+01	-1.49968e+01	-8.01432e+00	
477	4.702800e-02	1.500000e+01	-1.49969e+01	-7.82665e+00	
478	4.712800e-02	1.500000e+01	-1.49970e+01	-7.63094e+00	
479	4.722800e-02	1.500000e+01	-1.49971e+01	-7.42715e+00	
480	4.732800e-02	1.500000e+01	-1.49971e+01	-7.21570e+00	
481	4.742800e-02	1.500000e+01	-1.49972e+01	-6.99660e+00	
482	4.752800e-02	1.500000e+01	-1.49973e+01	-6.77024e+00	
483	4.762800e-02	1.500000e+01	-1.49974e+01	-6.53667e+00	
484	4.772800e-02	1.500000e+01	-1.49975e+01	-6.29629e+00	
485	4.782800e-02	1.500000e+01	-1.49976e+01	-6.04915e+00	
486	4.792800e-02	1.500000e+01	-1.49977e+01	-5.79567e+00	
487	4.802800e-02	1.500000e+01	-1.49978e+01	-5.53593e+00	
488	4.812800e-02	1.500000e+01	-1.49979e+01	-5.27032e+00	
489	4.822800e-02	1.500000e+01	-1.49980e+01	-4.99897e+00	
490	4.832800e-02	1.500000e+01	-1.49981e+01	-4.72226e+00	
491	4.842800e-02	1.500000e+01	-1.49982e+01	-4.44033e+00	
492	4.852800e-02	1.500000e+01	-1.49983e+01	-4.15356e+00	
493	4.862800e-02	1.500000e+01	-1.49984e+01	-3.86211e+00	
494	4.872800e-02	1.500000e+01	-1.49985e+01	-3.56635e+00	
495	4.882800e-02	1.500000e+01	-1.49986e+01	-3.26645e+00	
496	4.892800e-02	1.500000e+01	-1.49987e+01	-2.96277e+00	
497	4.902800e-02	1.500000e+01	-1.49988e+01	-2.65548e+00	
498	4.912800e-02	1.500000e+01	-1.49990e+01	-2.34492e+00	
499	4.922800e-02	1.500000e+01	-1.49991e+01	-2.03124e+00	
500	4.932800e-02	1.500000e+01	-1.49992e+01	-1.71473e+00	
501	4.942800e-02	1.500000e+01	-1.49993e+01	-1.39549e+00	
502	4.952800e-02	1.500000e+01	-1.49994e+01	-1.07368e+00	
503	4.962800e-02	1.500000e+01	-1.49996e+01	-7.49168e-01	
504	4.972800e-02	1.500000e+01	-1.49997e+01	-4.21607e-01	
505	4.982800e-02	1.500000e+01	-1.49998e+01	-8.93230e-02	
506	4.992800e-02	1.500000e+01	-1.49999e+01	2.535869e-01	
507	5.002800e-02	1.499996e+01	-1.50000e+01	6.488148e-01	
508	5.012800e-02	1.499984e+01	-1.50000e+01	1.004535e+00	
509	5.022800e-02	1.499972e+01	-1.50000e+01	1.335295e+00	
510	5.032800e-02	1.499959e+01	-1.50000e+01	1.662748e+00	
511	5.042800e-02	1.499947e+01	-1.50000e+01	1.984076e+00	
512	5.052800e-02	1.499934e+01	-1.50000e+01	2.304994e+00	
513	5.062800e-02	1.499922e+01	-1.50000e+01	2.620894e+00	
514	5.072800e-02	1.499910e+01	-1.50000e+01	2.936535e+00	
515	5.082800e-02	1.499898e+01	-1.50000e+01	3.247187e+00	
516	5.092800e-02	1.499886e+01	-1.50000e+01	3.557021e+00	
517	5.102800e-02	1.499874e+01	-1.50000e+01	3.861642e+00	
518	5.112800e-02	1.499862e+01	-1.50000e+01	4.164792e+00	

Index   time            q.x1.q18#collCX q.x1.q19#collCX q.x1.q20#collCX 
--------------------------------------------------------------------------------
519	5.122800e-02	1.499851e+01	-1.50000e+01	4.462410e+00	
520	5.132800e-02	1.499839e+01	-1.50000e+01	4.757872e+00	
521	5.142800e-02	1.499828e+01	-1.50000e+01	5.047439e+00	
522	5.152800e-02	1.499817e+01	-1.50000e+01	5.334168e+00	
523	5.162800e-02	1.499806e+01	-1.50000e+01	5.614618e+00	
524	5.172800e-02	1.499795e+01	-1.50000e+01	5.891564e+00	
525	5.182800e-02	1.499785e+01	-1.50000e+01	6.161841e+00	
526	5.192800e-02	1.499774e+01	-1.50000e+01	6.427969e+00	
527	5.202800e-02	1.499764e+01	-1.50000e+01	6.687040e+00	
528	5.212800e-02	1.499754e+01	-1.50000e+01	6.941343e+00	
529	5.222800e-02	1.499745e+01	-1.50000e+01	7.188208e+00	
530	5.232800e-02	1.499735e+01	-1.50000e+01	7.429716e+00	
531	5.242800e-02	1.499726e+01	-1.50000e+01	7.663417e+00	
532	5.252800e-02	1.499717e+01	-1.50000e+01	7.891206e+00	
533	5.262800e-02	1.499709e+01	-1.50000e+01	8.110832e+00	
534	5.272800e-02	1.499700e+01	-1.50000e+01	8.324023e+00	
535	5.282800e-02	1.499692e+01	-1.50000e+01	8.528717e+00	
536	5.292800e-02	1.499685e+01	-1.50000e+01	8.726486e+00	
537	5.302800e-02	1.499677e+01	-1.50000e+01	8.915445e+00	
538	5.312800e-02	1.499670e+01	-1.50000e+01	9.097028e+00	
539	5.322800e-02	1.499663e+01	-1.50000e+01	9.269509e+00	
540	5.332800e-02	1.499657e+01	-1.50000e+01	9.434203e+00	
541	5.342800e-02	1.499651e+01	-1.50000e+01	9.589529e+00	
542	5.352800e-02	1.499645e+01	-1.50000e+01	9.736692e+00	
543	5.362800e-02	1.499640e+01	-1.50000e+01	9.874252e+00	
544	5.372800e-02	1.499635e+01	-1.50000e+01	1.000331e+01	
545	5.382800e-02	1.499630e+01	-1.50000e+01	1.012257e+01	
546	5.392800e-02	1.499626e+01	-1.50000e+01	1.023302e+01	
547	5.402800e-02	1.499622e+01	-1.50000e+01	1.033350e+01	
548	5.412800e-02	1.499618e+01	-1.50000e+01	1.042492e+01	
549	5.422800e-02	1.499615e+01	-1.50000e+01	1.050622e+01	
550	5.432800e-02	1.499612e+01	-1.50000e+01	1.057826e+01	
551	5.442800e-02	1.499610e+01	-1.50000e+01	1.064006e+01	
552	5.452800e-02	1.499608e+01	-1.50000e+01	1.069243e+01	
553	5.462800e-02	1.499606e+01	-1.50000e+01	1.073448e+01	
554	5.472800e-02	1.499605e+01	-1.50000e+01	1.076698e+01	
555	5.482800e-02	1.499604e+01	-1.50000e+01	1.078913e+01	
556	5.492800e-02	1.499604e+01	-1.50000e+01	1.080163e+01	
557	5.502800e-02	1.499604e+01	-1.50000e+01	1.080378e+01	
558	5.512800e-02	1.499604e+01	-1.50000e+01	1.079624e+01	
559	5.522800e-02	1.499605e+01	-1.50000e+01	1.077838e+01	
560	5.532800e-02	1.499606e+01	-1.50000e+01	1.075083e+01	
561	5.542800e-02	1.499607e+01	-1.50000e+01	1.071303e+01	
562	5.552800e-02	1.499609e+01	-1.50000e+01	1.066558e+01	
563	5.562800e-02	1.499611e+01	-1.50000e+01	1.060799e+01	
564	5.572800e-02	1.499614e+01	-1.50000e+01	1.054082e+01	
565	5.582800e-02	1.499617e+01	-1.50000e+01	1.046366e+01	
566	5.592800e-02	1.499620e+01	-1.50000e+01	1.037704e+01	
567	5.602800e-02	1.499624e+01	-1.50000e+01	1.028061e+01	
568	5.612800e-02	1.499628e+01	-1.50000e+01	1.017488e+01	
569	5.622800e-02	1.499633e+01	-1.50000e+01	1.005956e+01	
570	5.632800e-02	1.499638e+01	-1.50000e+01	9.935140e+00	
571	5.642800e-02	1.499643e+01	-1.50000e+01	9.801376e+00	
572	5.652800e-02	1.499648e+01	-1.50000e+01	9.658753e+00	
573	5.662800e-02	1.499654e+01	-1.50000e+01	9.507070e+00	
574	5.672800e-02	1.499660e+01	-1.50000e+01	9.346801e+00	
575	5.682800e-02	1.499667e+01	-1.50000e+01	9.177792e+00	
576	5.692800e-02	1.499674e+01	-1.50000e+01	9.000505e+00	

Index   time            q.x1.q18#collCX q.x1.q19#collCX q.x1.q20#collCX 
--------------------------------------------------------------------------------
577	5.702800e-02	1.499681e+01	-1.50000e+01	8.814828e+00	
578	5.712800e-02	1.499689e+01	-1.50000e+01	8.621216e+00	
579	5.722800e-02	1.499697e+01	-1.50000e+01	8.419596e+00	
580	5.732800e-02	1.499705e+01	-1.50000e+01	8.210414e+00	
581	5.742800e-02	1.499713e+01	-1.50000e+01	7.993635e+00	
582	5.752800e-02	1.499722e+01	-1.50000e+01	7.769698e+00	
583	5.762800e-02	1.499731e+01	-1.50000e+01	7.538602e+00	
584	5.772800e-02	1.499740e+01	-1.50000e+01	7.300779e+00	
585	5.782800e-02	1.499750e+01	-1.50000e+01	7.056260e+00	
586	5.792800e-02	1.499760e+01	-1.50000e+01	6.805472e+00	
587	5.802800e-02	1.499770e+01	-1.50000e+01	6.548472e+00	
588	5.812800e-02	1.499780e+01	-1.50000e+01	6.285684e+00	
589	5.822800e-02	1.499790e+01	-1.50000e+01	6.017189e+00	
590	5.832800e-02	1.499801e+01	-1.50000e+01	5.743405e+00	
591	5.842800e-02	1.499812e+01	-1.50000e+01	5.464436e+00	
592	5.852800e-02	1.499823e+01	-1.50000e+01	5.180691e+00	
593	5.862800e-02	1.499834e+01	-1.50000e+01	4.892293e+00	
594	5.872800e-02	1.499845e+01	-1.50000e+01	4.599643e+00	
595	5.882800e-02	1.499857e+01	-1.50000e+01	4.302875e+00	
596	5.892800e-02	1.499869e+01	-1.50000e+01	4.002376e+00	
597	5.902800e-02	1.499881e+01	-1.50000e+01	3.698286e+00	
598	5.912800e-02	1.499892e+01	-1.50000e+01	3.390965e+00	
599	5.922800e-02	1.499904e+01	-1.50000e+01	3.080542e+00	
600	5.932800e-02	1.499917e+01	-1.50000e+01	2.767327e+00	
601	5.942800e-02	1.499929e+01	-1.50000e+01	2.451390e+00	
602	5.952800e-02	1.499941e+01	-1.50000e+01	2.132915e+00	
603	5.962800e-02	1.499953e+01	-1.50000e+01	1.811752e+00	
604	5.972800e-02	1.499966e+01	-1.50000e+01	1.487592e+00	
605	5.982800e-02	1.499978e+01	-1.50000e+01	1.158807e+00	
606	5.992800e-02	1.499990e+01	-1.50000e+01	8.198756e-01	
607	6.002800e-02	1.499999e+01	-1.50000e+01	4.277653e-01	
608	6.012800e-02	1.500000e+01	-1.49998e+01	6.690347e-02	
609	6.022800e-02	1.500000e+01	-1.49997e+01	-2.67698e-01	
610	6.032800e-02	1.500000e+01	-1.49996e+01	-5.98942e-01	
611	6.042800e-02	1.500000e+01	-1.49995e+01	-9.23423e-01	
612	6.052800e-02	1.500000e+01	-1.49994e+01	-1.24734e+00	
613	6.062800e-02	1.500000e+01	-1.49992e+01	-1.56676e+00	
614	6.072800e-02	1.500000e+01	-1.49991e+01	-1.88552e+00	
615	6.082800e-02	1.500000e+01	-1.49990e+01	-2.19962e+00	
616	6.092800e-02	1.500000e+01	-1.49989e+01	-2.51254e+00	
617	6.102800e-02	1.500000e+01	-1.49988e+01	-2.82053e+00	
618	6.112800e-02	1.500000e+01	-1.49987e+01	-3.12672e+00	
619	6.122800e-02	1.500000e+01	-1.49986e+01	-3.42764e+00	
620	6.132800e-02	1.500000e+01	-1.49984e+01	-3.72609e+00	
621	6.142800e-02	1.500000e+01	-1.49983e+01	-4.01886e+00	
622	6.152800e-02	1.500000e+01	-1.49982e+01	-4.30851e+00	
623	6.162800e-02	1.500000e+01	-1.49981e+01	-4.59207e+00	
624	6.172800e-02	1.500000e+01	-1.49980e+01	-4.87184e+00	
625	6.182800e-02	1.500000e+01	-1.49979e+01	-5.14512e+00	
626	6.192800e-02	1.500000e+01	-1.49978e+01	-5.41398e+00	
627	6.202800e-02	1.500000e+01	-1.49977e+01	-5.67593e+00	
628	6.212800e-02	1.500000e+01	-1.49976e+01	-5.93285e+00	
629	6.222800e-02	1.500000e+01	-1.49975e+01	-6.18247e+00	
630	6.232800e-02	1.500000e+01	-1.49974e+01	-6.42647e+00	
631	6.242800e-02	1.500000e+01	-1.49973e+01	-6.66278e+00	
632	6.252800e-02	1.500000e+01	-1.49973e+01	-6.89293e+00	
633	6.262800e-02	1.500000e+01	-1.49972e+01	-7.11501e+00	
634	6.272800e-02	1.500000e+01	-1.49971e+01	-7.33042e+00	

Index   time            q.x1.q18#collCX q.x1.q19#collCX q.x1.q20#collCX 
--------------------------------------------------------------------------------
635	6.282800e-02	1.500000e+01	-1.49970e+01	-7.53740e+00	
636	6.292800e-02	1.500000e+01	-1.49969e+01	-7.73724e+00	
637	6.302800e-02	1.500000e+01	-1.49969e+01	-7.92831e+00	
638	6.312800e-02	1.500000e+01	-1.49968e+01	-8.11179e+00	
639	6.322800e-02	1.500000e+01	-1.49967e+01	-8.28621e+00	
640	6.332800e-02	1.500000e+01	-1.49967e+01	-8.45263e+00	
641	6.342800e-02	1.500000e+01	-1.49966e+01	-8.60970e+00	
642	6.352800e-02	1.500000e+01	-1.49966e+01	-8.75841e+00	
643	6.362800e-02	1.500000e+01	-1.49965e+01	-8.89752e+00	
644	6.372800e-02	1.500000e+01	-1.49965e+01	-9.02793e+00	
645	6.382800e-02	1.500000e+01	-1.49964e+01	-9.14854e+00	
646	6.392800e-02	1.500000e+01	-1.49964e+01	-9.26015e+00	
647	6.402800e-02	1.500000e+01	-1.49963e+01	-9.36177e+00	
648	6.412800e-02	1.500000e+01	-1.49963e+01	-9.45414e+00	
649	6.422800e-02	1.500000e+01	-1.49963e+01	-9.53637e+00	
650	6.432800e-02	1.500000e+01	-1.49962e+01	-9.60916e+00	
651	6.442800e-02	1.500000e+01	-1.49962e+01	-9.67167e+00	
652	6.452800e-02	1.500000e+01	-1.49962e+01	-9.72458e+00	
653	6.462800e-02	1.500000e+01	-1.49962e+01	-9.76713e+00	
654	6.472800e-02	1.500000e+01	-1.49962e+01	-9.79995e+00	
655	6.482800e-02	1.500000e+01	-1.49962e+01	-9.82238e+00	
656	6.492800e-02	1.500000e+01	-1.49962e+01	-9.83499e+00	
657	6.502800e-02	1.500000e+01	-1.49962e+01	-9.83720e+00	
658	6.512800e-02	1.500000e+01	-1.49962e+01	-9.82954e+00	
659	6.522800e-02	1.500000e+01	-1.49962e+01	-9.81152e+00	
660	6.532800e-02	1.500000e+01	-1.49962e+01	-9.78364e+00	
661	6.542800e-02	1.500000e+01	-1.49962e+01	-9.74546e+00	
662	6.552800e-02	1.500000e+01	-1.49962e+01	-9.69747e+00	
663	6.562800e-02	1.500000e+01	-1.49962e+01	-9.63927e+00	
664	6.572800e-02	1.500000e+01	-1.49963e+01	-9.57135e+00	
665	6.582800e-02	1.500000e+01	-1.49963e+01	-9.49337e+00	
666	6.592800e-02	1.500000e+01	-1.49963e+01	-9.40579e+00	
667	6.602800e-02	1.500000e+01	-1.49964e+01	-9.30833e+00	
668	6.612800e-02	1.500000e+01	-1.49964e+01	-9.20143e+00	
669	6.622800e-02	1.500000e+01	-1.49964e+01	-9.08488e+00	
670	6.632800e-02	1.500000e+01	-1.49965e+01	-8.95909e+00	
671	6.642800e-02	1.500000e+01	-1.49965e+01	-8.82389e+00	
672	6.652800e-02	1.500000e+01	-1.49966e+01	-8.67970e+00	
673	6.662800e-02	1.500000e+01	-1.49966e+01	-8.52639e+00	
674	6.672800e-02	1.500000e+01	-1.49967e+01	-8.36437e+00	
675	6.682800e-02	1.500000e+01	-1.49968e+01	-8.19354e+00	
676	6.692800e-02	1.500000e+01	-1.49968e+01	-8.01432e+00	
677	6.702800e-02	1.500000e+01	-1.49969e+01	-7.82665e+00	
678	6.712800e-02	1.500000e+01	-1.49970e+01	-7.63094e+00	
679	6.722800e-02	1.500000e+01	-1.49971e+01	-7.42715e+00	
680	6.732800e-02	1.500000e+01	-1.49971e+01	-7.21570e+00	
681	6.742800e-02	1.500000e+01	-1.49972e+01	-6.99660e+00	
682	6.752800e-02	1.500000e+01	-1.49973e+01	-6.77024e+00	
683	6.762800e-02	1.500000e+01	-1.49974e+01	-6.53667e+00	
684	6.772800e-02	1.500000e+01	-1.49975e+01	-6.29629e+00	
685	6.782800e-02	1.500000e+01	-1.49976e+01	-6.04915e+00	
686	6.792800e-02	1.500000e+01	-1.49977e+01	-5.79567e+00	
687	6.802800e-02	1.500000e+01	-1.49978e+01	-5.53593e+00	
688	6.812800e-02	1.500000e+01	-1.49979e+01	-5.27032e+00	
689	6.822800e-02	1.500000e+01	-1.49980e+01	-4.99897e+00	
690	6.832800e-02	1.500000e+01	-1.49981e+01	-4.72226e+00	
691	6.842800e-02	1.500000e+01	-1.49982e+01	-4.44033e+00	
692	6.852800e-02	1.500000e+01	-1.49983e+01	-4.15356e+00	

Index   time            q.x1.q18#collCX q.x1.q19#collCX q.x1.q20#collCX 
--------------------------------------------------------------------------------
693	6.862800e-02	1.500000e+01	-1.49984e+01	-3.86211e+00	
694	6.872800e-02	1.500000e+01	-1.49985e+01	-3.56635e+00	
695	6.882800e-02	1.500000e+01	-1.49986e+01	-3.26645e+00	
696	6.892800e-02	1.500000e+01	-1.49987e+01	-2.96277e+00	
697	6.902800e-02	1.500000e+01	-1.49988e+01	-2.65548e+00	
698	6.912800e-02	1.500000e+01	-1.49990e+01	-2.34492e+00	
699	6.922800e-02	1.500000e+01	-1.49991e+01	-2.03124e+00	
700	6.932800e-02	1.500000e+01	-1.49992e+01	-1.71473e+00	
701	6.942800e-02	1.500000e+01	-1.49993e+01	-1.39549e+00	
702	6.952800e-02	1.500000e+01	-1.49994e+01	-1.07368e+00	
703	6.962800e-02	1.500000e+01	-1.49996e+01	-7.49168e-01	
704	6.972800e-02	1.500000e+01	-1.49997e+01	-4.21607e-01	
705	6.982800e-02	1.500000e+01	-1.49998e+01	-8.93230e-02	
706	6.992800e-02	1.500000e+01	-1.49999e+01	2.535870e-01	
707	7.002800e-02	1.499996e+01	-1.50000e+01	6.488141e-01	
708	7.012800e-02	1.499984e+01	-1.50000e+01	1.004536e+00	
709	7.022800e-02	1.499972e+01	-1.50000e+01	1.335295e+00	
710	7.032800e-02	1.499959e+01	-1.50000e+01	1.662748e+00	
711	7.042800e-02	1.499947e+01	-1.50000e+01	1.984076e+00	
712	7.052800e-02	1.499934e+01	-1.50000e+01	2.304994e+00	
713	7.062800e-02	1.499922e+01	-1.50000e+01	2.620894e+00	
714	7.072800e-02	1.499910e+01	-1.50000e+01	2.936535e+00	
715	7.082800e-02	1.499898e+01	-1.50000e+01	3.247186e+00	
716	7.092800e-02	1.499886e+01	-1.50000e+01	3.557021e+00	
717	7.102800e-02	1.499874e+01	-1.50000e+01	3.861642e+00	
718	7.112800e-02	1.499862e+01	-1.50000e+01	4.164793e+00	
719	7.122800e-02	1.499851e+01	-1.50000e+01	4.462409e+00	
720	7.132800e-02	1.499839e+01	-1.50000e+01	4.757873e+00	
721	7.142800e-02	1.499828e+01	-1.50000e+01	5.047438e+00	
722	7.152800e-02	1.499817e+01	-1.50000e+01	5.334168e+00	
723	7.162800e-02	1.499806e+01	-1.50000e+01	5.614618e+00	
724	7.172800e-02	1.499795e+01	-1.50000e+01	5.891564e+00	
725	7.182800e-02	1.499785e+01	-1.50000e+01	6.161841e+00	
726	7.192800e-02	1.499774e+01	-1.50000e+01	6.427969e+00	
727	7.202800e-02	1.499764e+01	-1.50000e+01	6.687039e+00	
728	7.212800e-02	1.499754e+01	-1.50000e+01	6.941343e+00	
729	7.222800e-02	1.499745e+01	-1.50000e+01	7.188207e+00	
730	7.232800e-02	1.499735e+01	-1.50000e+01	7.429717e+00	
731	7.242800e-02	1.499726e+01	-1.50000e+01	7.663417e+00	
732	7.252800e-02	1.499717e+01	-1.50000e+01	7.891206e+00	
733	7.262800e-02	1.499709e+01	-1.50000e+01	8.110832e+00	
734	7.272800e-02	1.499700e+01	-1.50000e+01	8.324023e+00	
735	7.282800e-02	1.499692e+01	-1.50000e+01	8.528716e+00	
736	7.292800e-02	1.499685e+01	-1.50000e+01	8.726487e+00	
737	7.302800e-02	1.499677e+01	-1.50000e+01	8.915444e+00	
738	7.312800e-02	1.499670e+01	-1.50000e+01	9.097028e+00	
739	7.322800e-02	1.499663e+01	-1.50000e+01	9.269509e+00	
740	7.332800e-02	1.499657e+01	-1.50000e+01	9.434203e+00	
741	7.342800e-02	1.499651e+01	-1.50000e+01	9.589529e+00	
742	7.352800e-02	1.499645e+01	-1.50000e+01	9.736692e+00	
743	7.362800e-02	1.499640e+01	-1.50000e+01	9.874252e+00	
744	7.372800e-02	1.499635e+01	-1.50000e+01	1.000331e+01	
745	7.382800e-02	1.499630e+01	-1.50000e+01	1.012256e+01	
746	7.392800e-02	1.499626e+01	-1.50000e+01	1.023302e+01	
747	7.402800e-02	1.499622e+01	-1.50000e+01	1.033350e+01	
748	7.412800e-02	1.499618e+01	-1.50000e+01	1.042492e+01	
749	7.422800e-02	1.499615e+01	-1.50000e+01	1.050622e+01	
750	7.432800e-02	1.499612e+01	-1.50000e+01	1.057826e+01	

Index   time            q.x1.q18#collCX q.x1.q19#collCX q.x1.q20#collCX 
--------------------------------------------------------------------------------
751	7.442800e-02	1.499610e+01	-1.50000e+01	1.064006e+01	
752	7.452800e-02	1.499608e+01	-1.50000e+01	1.069243e+01	
753	7.462800e-02	1.499606e+01	-1.50000e+01	1.073448e+01	
754	7.472800e-02	1.499605e+01	-1.50000e+01	1.076698e+01	
755	7.482800e-02	1.499604e+01	-1.50000e+01	1.078913e+01	
756	7.492800e-02	1.499604e+01	-1.50000e+01	1.080163e+01	
757	7.502800e-02	1.499604e+01	-1.50000e+01	1.080378e+01	
758	7.512800e-02	1.499604e+01	-1.50000e+01	1.079624e+01	
759	7.522800e-02	1.499605e+01	-1.50000e+01	1.077838e+01	
760	7.532800e-02	1.499606e+01	-1.50000e+01	1.075083e+01	
761	7.542800e-02	1.499607e+01	-1.50000e+01	1.071303e+01	
762	7.552800e-02	1.499609e+01	-1.50000e+01	1.066558e+01	
763	7.562800e-02	1.499611e+01	-1.50000e+01	1.060799e+01	
764	7.572800e-02	1.499614e+01	-1.50000e+01	1.054082e+01	
765	7.582800e-02	1.499617e+01	-1.50000e+01	1.046366e+01	
766	7.592800e-02	1.499620e+01	-1.50000e+01	1.037704e+01	
767	7.602800e-02	1.499624e+01	-1.50000e+01	1.028061e+01	
768	7.612800e-02	1.499628e+01	-1.50000e+01	1.017488e+01	
769	7.622800e-02	1.499633e+01	-1.50000e+01	1.005956e+01	
770	7.632800e-02	1.499638e+01	-1.50000e+01	9.935140e+00	
771	7.642800e-02	1.499643e+01	-1.50000e+01	9.801376e+00	
772	7.652800e-02	1.499648e+01	-1.50000e+01	9.658753e+00	
773	7.662800e-02	1.499654e+01	-1.50000e+01	9.507070e+00	
774	7.672800e-02	1.499660e+01	-1.50000e+01	9.346801e+00	
775	7.682800e-02	1.499667e+01	-1.50000e+01	9.177792e+00	
776	7.692800e-02	1.499674e+01	-1.50000e+01	9.000505e+00	
777	7.702800e-02	1.499681e+01	-1.50000e+01	8.814828e+00	
778	7.712800e-02	1.499689e+01	-1.50000e+01	8.621216e+00	
779	7.722800e-02	1.499697e+01	-1.50000e+01	8.419596e+00	
780	7.732800e-02	1.499705e+01	-1.50000e+01	8.210414e+00	
781	7.742800e-02	1.499713e+01	-1.50000e+01	7.993635e+00	
782	7.752800e-02	1.499722e+01	-1.50000e+01	7.769698e+00	
783	7.762800e-02	1.499731e+01	-1.50000e+01	7.538602e+00	
784	7.772800e-02	1.499740e+01	-1.50000e+01	7.300779e+00	
785	7.782800e-02	1.499750e+01	-1.50000e+01	7.056260e+00	
786	7.792800e-02	1.499760e+01	-1.50000e+01	6.805472e+00	
787	7.802800e-02	1.499770e+01	-1.50000e+01	6.548472e+00	
788	7.812800e-02	1.499780e+01	-1.50000e+01	6.285684e+00	
789	7.822800e-02	1.499790e+01	-1.50000e+01	6.017189e+00	
790	7.832800e-02	1.499801e+01	-1.50000e+01	5.743405e+00	
791	7.842800e-02	1.499812e+01	-1.50000e+01	5.464436e+00	
792	7.852800e-02	1.499823e+01	-1.50000e+01	5.180691e+00	
793	7.862800e-02	1.499834e+01	-1.50000e+01	4.892293e+00	
794	7.872800e-02	1.499845e+01	-1.50000e+01	4.599643e+00	
795	7.882800e-02	1.499857e+01	-1.50000e+01	4.302875e+00	
796	7.892800e-02	1.499869e+01	-1.50000e+01	4.002376e+00	
797	7.902800e-02	1.499881e+01	-1.50000e+01	3.698286e+00	
798	7.912800e-02	1.499892e+01	-1.50000e+01	3.390965e+00	
799	7.922800e-02	1.499904e+01	-1.50000e+01	3.080542e+00	
800	7.932800e-02	1.499917e+01	-1.50000e+01	2.767327e+00	
801	7.942800e-02	1.499929e+01	-1.50000e+01	2.451390e+00	
802	7.952800e-02	1.499941e+01	-1.50000e+01	2.132915e+00	
803	7.962800e-02	1.499953e+01	-1.50000e+01	1.811752e+00	
804	7.972800e-02	1.499966e+01	-1.50000e+01	1.487592e+00	
805	7.982800e-02	1.499978e+01	-1.50000e+01	1.158807e+00	
806	7.992800e-02	1.499990e+01	-1.50000e+01	8.198757e-01	
807	8.002800e-02	1.499999e+01	-1.50000e+01	4.277657e-01	
808	8.012800e-02	1.500000e+01	-1.49998e+01	6.690296e-02	

Index   time            q.x1.q18#collCX q.x1.q19#collCX q.x1.q20#collCX 
--------------------------------------------------------------------------------
809	8.022800e-02	1.500000e+01	-1.49997e+01	-2.67697e-01	
810	8.032800e-02	1.500000e+01	-1.49996e+01	-5.98943e-01	
811	8.042800e-02	1.500000e+01	-1.49995e+01	-9.23423e-01	
812	8.052800e-02	1.500000e+01	-1.49994e+01	-1.24734e+00	
813	8.062800e-02	1.500000e+01	-1.49992e+01	-1.56675e+00	
814	8.072800e-02	1.500000e+01	-1.49991e+01	-1.88552e+00	
815	8.082800e-02	1.500000e+01	-1.49990e+01	-2.19961e+00	
816	8.092800e-02	1.500000e+01	-1.49989e+01	-2.51254e+00	
817	8.102800e-02	1.500000e+01	-1.49988e+01	-2.82053e+00	
818	8.112800e-02	1.500000e+01	-1.49987e+01	-3.12672e+00	
819	8.122800e-02	1.500000e+01	-1.49986e+01	-3.42764e+00	
820	8.132800e-02	1.500000e+01	-1.49984e+01	-3.72609e+00	
821	8.142800e-02	1.500000e+01	-1.49983e+01	-4.01886e+00	
822	8.152800e-02	1.500000e+01	-1.49982e+01	-4.30851e+00	
823	8.162800e-02	1.500000e+01	-1.49981e+01	-4.59207e+00	
824	8.172800e-02	1.500000e+01	-1.49980e+01	-4.87184e+00	
825	8.182800e-02	1.500000e+01	-1.49979e+01	-5.14512e+00	
826	8.192800e-02	1.500000e+01	-1.49978e+01	-5.41398e+00	
827	8.202800e-02	1.500000e+01	-1.49977e+01	-5.67593e+00	
828	8.212800e-02	1.500000e+01	-1.49976e+01	-5.93285e+00	
829	8.222800e-02	1.500000e+01	-1.49975e+01	-6.18247e+00	
830	8.232800e-02	1.500000e+01	-1.49974e+01	-6.42647e+00	
831	8.242800e-02	1.500000e+01	-1.49973e+01	-6.66278e+00	
832	8.252800e-02	1.500000e+01	-1.49973e+01	-6.89293e+00	
833	8.262800e-02	1.500000e+01	-1.49972e+01	-7.11501e+00	
834	8.272800e-02	1.500000e+01	-1.49971e+01	-7.33042e+00	
835	8.282800e-02	1.500000e+01	-1.49970e+01	-7.53740e+00	
836	8.292800e-02	1.500000e+01	-1.49969e+01	-7.73724e+00	
837	8.302800e-02	1.500000e+01	-1.49969e+01	-7.92831e+00	
838	8.312800e-02	1.500000e+01	-1.49968e+01	-8.11179e+00	
839	8.322800e-02	1.500000e+01	-1.49967e+01	-8.28621e+00	
840	8.332800e-02	1.500000e+01	-1.49967e+01	-8.45263e+00	
841	8.342800e-02	1.500000e+01	-1.49966e+01	-8.60970e+00	
842	8.352800e-02	1.500000e+01	-1.49966e+01	-8.75841e+00	
843	8.362800e-02	1.500000e+01	-1.49965e+01	-8.89752e+00	
844	8.372800e-02	1.500000e+01	-1.49965e+01	-9.02793e+00	
845	8.382800e-02	1.500000e+01	-1.49964e+01	-9.14854e+00	
846	8.392800e-02	1.500000e+01	-1.49964e+01	-9.26015e+00	
847	8.402800e-02	1.500000e+01	-1.49963e+01	-9.36177e+00	
848	8.412800e-02	1.500000e+01	-1.49963e+01	-9.45414e+00	
849	8.422800e-02	1.500000e+01	-1.49963e+01	-9.53637e+00	
850	8.432800e-02	1.500000e+01	-1.49962e+01	-9.60916e+00	
851	8.442800e-02	1.500000e+01	-1.49962e+01	-9.67167e+00	
852	8.452800e-02	1.500000e+01	-1.49962e+01	-9.72458e+00	
853	8.462800e-02	1.500000e+01	-1.49962e+01	-9.76713e+00	
854	8.472800e-02	1.500000e+01	-1.49962e+01	-9.79995e+00	
855	8.482800e-02	1.500000e+01	-1.49962e+01	-9.82238e+00	
856	8.492800e-02	1.500000e+01	-1.49962e+01	-9.83499e+00	
857	8.502800e-02	1.500000e+01	-1.49962e+01	-9.83720e+00	
858	8.512800e-02	1.500000e+01	-1.49962e+01	-9.82954e+00	
859	8.522800e-02	1.500000e+01	-1.49962e+01	-9.81152e+00	
860	8.532800e-02	1.500000e+01	-1.49962e+01	-9.78364e+00	
861	8.542800e-02	1.500000e+01	-1.49962e+01	-9.74546e+00	
862	8.552800e-02	1.500000e+01	-1.49962e+01	-9.69747e+00	
863	8.562800e-02	1.500000e+01	-1.49962e+01	-9.63927e+00	
864	8.572800e-02	1.500000e+01	-1.49963e+01	-9.57135e+00	
865	8.582800e-02	1.500000e+01	-1.49963e+01	-9.49337e+00	
866	8.592800e-02	1.500000e+01	-1.49963e+01	-9.40579e+00	

Index   time            q.x1.q18#collCX q.x1.q19#collCX q.x1.q20#collCX 
--------------------------------------------------------------------------------
867	8.602800e-02	1.500000e+01	-1.49964e+01	-9.30833e+00	
868	8.612800e-02	1.500000e+01	-1.49964e+01	-9.20143e+00	
869	8.622800e-02	1.500000e+01	-1.49964e+01	-9.08488e+00	
870	8.632800e-02	1.500000e+01	-1.49965e+01	-8.95909e+00	
871	8.642800e-02	1.500000e+01	-1.49965e+01	-8.82389e+00	
872	8.652800e-02	1.500000e+01	-1.49966e+01	-8.67970e+00	
873	8.662800e-02	1.500000e+01	-1.49966e+01	-8.52639e+00	
874	8.672800e-02	1.500000e+01	-1.49967e+01	-8.36437e+00	
875	8.682800e-02	1.500000e+01	-1.49968e+01	-8.19354e+00	
876	8.692800e-02	1.500000e+01	-1.49968e+01	-8.01432e+00	
877	8.702800e-02	1.500000e+01	-1.49969e+01	-7.82665e+00	
878	8.712800e-02	1.500000e+01	-1.49970e+01	-7.63094e+00	
879	8.722800e-02	1.500000e+01	-1.49971e+01	-7.42715e+00	
880	8.732800e-02	1.500000e+01	-1.49971e+01	-7.21570e+00	
881	8.742800e-02	1.500000e+01	-1.49972e+01	-6.99660e+00	
882	8.752800e-02	1.500000e+01	-1.49973e+01	-6.77024e+00	
883	8.762800e-02	1.500000e+01	-1.49974e+01	-6.53667e+00	
884	8.772800e-02	1.500000e+01	-1.49975e+01	-6.29629e+00	
885	8.782800e-02	1.500000e+01	-1.49976e+01	-6.04915e+00	
886	8.792800e-02	1.500000e+01	-1.49977e+01	-5.79567e+00	
887	8.802800e-02	1.500000e+01	-1.49978e+01	-5.53593e+00	
888	8.812800e-02	1.500000e+01	-1.49979e+01	-5.27032e+00	
889	8.822800e-02	1.500000e+01	-1.49980e+01	-4.99897e+00	
890	8.832800e-02	1.500000e+01	-1.49981e+01	-4.72226e+00	
891	8.842800e-02	1.500000e+01	-1.49982e+01	-4.44033e+00	
892	8.852800e-02	1.500000e+01	-1.49983e+01	-4.15356e+00	
893	8.862800e-02	1.500000e+01	-1.49984e+01	-3.86211e+00	
894	8.872800e-02	1.500000e+01	-1.49985e+01	-3.56635e+00	
895	8.882800e-02	1.500000e+01	-1.49986e+01	-3.26645e+00	
896	8.892800e-02	1.500000e+01	-1.49987e+01	-2.96277e+00	
897	8.902800e-02	1.500000e+01	-1.49988e+01	-2.65548e+00	
898	8.912800e-02	1.500000e+01	-1.49990e+01	-2.34492e+00	
899	8.922800e-02	1.500000e+01	-1.49991e+01	-2.03124e+00	
900	8.932800e-02	1.500000e+01	-1.49992e+01	-1.71473e+00	
901	8.942800e-02	1.500000e+01	-1.49993e+01	-1.39549e+00	
902	8.952800e-02	1.500000e+01	-1.49994e+01	-1.07368e+00	
903	8.962800e-02	1.500000e+01	-1.49996e+01	-7.49169e-01	
904	8.972800e-02	1.500000e+01	-1.49997e+01	-4.21607e-01	
905	8.982800e-02	1.500000e+01	-1.49998e+01	-8.93231e-02	
906	8.992800e-02	1.500000e+01	-1.49999e+01	2.535871e-01	
907	9.002800e-02	1.499996e+01	-1.50000e+01	6.488133e-01	
908	9.012800e-02	1.499984e+01	-1.50000e+01	1.004536e+00	
909	9.022800e-02	1.499972e+01	-1.50000e+01	1.335294e+00	
910	9.032800e-02	1.499959e+01	-1.50000e+01	1.662749e+00	
911	9.042800e-02	1.499947e+01	-1.50000e+01	1.984075e+00	
912	9.052800e-02	1.499934e+01	-1.50000e+01	2.304995e+00	
913	9.062800e-02	1.499922e+01	-1.50000e+01	2.620893e+00	
914	9.072800e-02	1.499910e+01	-1.50000e+01	2.936536e+00	
915	9.082800e-02	1.499898e+01	-1.50000e+01	3.247186e+00	
916	9.092800e-02	1.499886e+01	-1.50000e+01	3.557022e+00	
917	9.102800e-02	1.499874e+01	-1.50000e+01	3.861641e+00	
918	9.112800e-02	1.499862e+01	-1.50000e+01	4.164793e+00	
919	9.122800e-02	1.499851e+01	-1.50000e+01	4.462409e+00	
920	9.132800e-02	1.499839e+01	-1.50000e+01	4.757873e+00	
921	9.142800e-02	1.499828e+01	-1.50000e+01	5.047438e+00	
922	9.152800e-02	1.499817e+01	-1.50000e+01	5.334169e+00	
923	9.162800e-02	1.499806e+01	-1.50000e+01	5.614618e+00	
924	9.172800e-02	1.499795e+01	-1.50000e+01	5.891565e+00	

Index   time            q.x1.q18#collCX q.x1.q19#collCX q.x1.q20#collCX 
--------------------------------------------------------------------------------
925	9.182800e-02	1.499785e+01	-1.50000e+01	6.161841e+00	
926	9.192800e-02	1.499774e+01	-1.50000e+01	6.427969e+00	
927	9.202800e-02	1.499764e+01	-1.50000e+01	6.687039e+00	
928	9.212800e-02	1.499754e+01	-1.50000e+01	6.941343e+00	
929	9.222800e-02	1.499745e+01	-1.50000e+01	7.188207e+00	
930	9.232800e-02	1.499735e+01	-1.50000e+01	7.429717e+00	
931	9.242800e-02	1.499726e+01	-1.50000e+01	7.663417e+00	
932	9.252800e-02	1.499717e+01	-1.50000e+01	7.891206e+00	
933	9.262800e-02	1.499709e+01	-1.50000e+01	8.110832e+00	
934	9.272800e-02	1.499700e+01	-1.50000e+01	8.324024e+00	
935	9.282800e-02	1.499692e+01	-1.50000e+01	8.528716e+00	
936	9.292800e-02	1.499685e+01	-1.50000e+01	8.726487e+00	
937	9.302800e-02	1.499677e+01	-1.50000e+01	8.915444e+00	
938	9.312800e-02	1.499670e+01	-1.50000e+01	9.097029e+00	
939	9.322800e-02	1.499663e+01	-1.50000e+01	9.269509e+00	
940	9.332800e-02	1.499657e+01	-1.50000e+01	9.434203e+00	
941	9.342800e-02	1.499651e+01	-1.50000e+01	9.589528e+00	
942	9.352800e-02	1.499645e+01	-1.50000e+01	9.736692e+00	
943	9.362800e-02	1.499640e+01	-1.50000e+01	9.874252e+00	
944	9.372800e-02	1.499635e+01	-1.50000e+01	1.000331e+01	
945	9.382800e-02	1.499630e+01	-1.50000e+01	1.012256e+01	
946	9.392800e-02	1.499626e+01	-1.50000e+01	1.023302e+01	
947	9.402800e-02	1.499622e+01	-1.50000e+01	1.033350e+01	
948	9.412800e-02	1.499618e+01	-1.50000e+01	1.042492e+01	
949	9.422800e-02	1.499615e+01	-1.50000e+01	1.050622e+01	
950	9.432800e-02	1.499612e+01	-1.50000e+01	1.057826e+01	
951	9.442800e-02	1.499610e+01	-1.50000e+01	1.064006e+01	
952	9.452800e-02	1.499608e+01	-1.50000e+01	1.069243e+01	
953	9.462800e-02	1.499606e+01	-1.50000e+01	1.073448e+01	
954	9.472800e-02	1.499605e+01	-1.50000e+01	1.076698e+01	
955	9.482800e-02	1.499604e+01	-1.50000e+01	1.078913e+01	
956	9.492800e-02	1.499604e+01	-1.50000e+01	1.080163e+01	
957	9.502800e-02	1.499604e+01	-1.50000e+01	1.080378e+01	
958	9.512800e-02	1.499604e+01	-1.50000e+01	1.079624e+01	
959	9.522800e-02	1.499605e+01	-1.50000e+01	1.077838e+01	
960	9.532800e-02	1.499606e+01	-1.50000e+01	1.075083e+01	
961	9.542800e-02	1.499607e+01	-1.50000e+01	1.071303e+01	
962	9.552800e-02	1.499609e+01	-1.50000e+01	1.066558e+01	
963	9.562800e-02	1.499611e+01	-1.50000e+01	1.060799e+01	
964	9.572800e-02	1.499614e+01	-1.50000e+01	1.054082e+01	
965	9.582800e-02	1.499617e+01	-1.50000e+01	1.046366e+01	
966	9.592800e-02	1.499620e+01	-1.50000e+01	1.037704e+01	
967	9.602800e-02	1.499624e+01	-1.50000e+01	1.028061e+01	
968	9.612800e-02	1.499628e+01	-1.50000e+01	1.017488e+01	
969	9.622800e-02	1.499633e+01	-1.50000e+01	1.005956e+01	
970	9.632800e-02	1.499638e+01	-1.50000e+01	9.935140e+00	
971	9.642800e-02	1.499643e+01	-1.50000e+01	9.801376e+00	
972	9.652800e-02	1.499648e+01	-1.50000e+01	9.658753e+00	
973	9.662800e-02	1.499654e+01	-1.50000e+01	9.507070e+00	
974	9.672800e-02	1.499660e+01	-1.50000e+01	9.346801e+00	
975	9.682800e-02	1.499667e+01	-1.50000e+01	9.177792e+00	
976	9.692800e-02	1.499674e+01	-1.50000e+01	9.000505e+00	
977	9.702800e-02	1.499681e+01	-1.50000e+01	8.814828e+00	
978	9.712800e-02	1.499689e+01	-1.50000e+01	8.621216e+00	
979	9.722800e-02	1.499697e+01	-1.50000e+01	8.419596e+00	
980	9.732800e-02	1.499705e+01	-1.50000e+01	8.210415e+00	
981	9.742800e-02	1.499713e+01	-1.50000e+01	7.993635e+00	
982	9.752800e-02	1.499722e+01	-1.50000e+01	7.769699e+00	

Index   time            q.x1.q18#collCX q.x1.q19#collCX q.x1.q20#collCX 
--------------------------------------------------------------------------------
983	9.762800e-02	1.499731e+01	-1.50000e+01	7.538602e+00	
984	9.772800e-02	1.499740e+01	-1.50000e+01	7.300779e+00	
985	9.782800e-02	1.499750e+01	-1.50000e+01	7.056260e+00	
986	9.792800e-02	1.499760e+01	-1.50000e+01	6.805472e+00	
987	9.802800e-02	1.499770e+01	-1.50000e+01	6.548472e+00	
988	9.812800e-02	1.499780e+01	-1.50000e+01	6.285684e+00	
989	9.822800e-02	1.499790e+01	-1.50000e+01	6.017189e+00	
990	9.832800e-02	1.499801e+01	-1.50000e+01	5.743405e+00	
991	9.842800e-02	1.499812e+01	-1.50000e+01	5.464436e+00	
992	9.852800e-02	1.499823e+01	-1.50000e+01	5.180691e+00	
993	9.862800e-02	1.499834e+01	-1.50000e+01	4.892293e+00	
994	9.872800e-02	1.499845e+01	-1.50000e+01	4.599643e+00	
995	9.882800e-02	1.499857e+01	-1.50000e+01	4.302875e+00	
996	9.892800e-02	1.499869e+01	-1.50000e+01	4.002376e+00	
997	9.902800e-02	1.499881e+01	-1.50000e+01	3.698286e+00	
998	9.912800e-02	1.499892e+01	-1.50000e+01	3.390965e+00	
999	9.922800e-02	1.499904e+01	-1.50000e+01	3.080541e+00	
1000	9.932800e-02	1.499917e+01	-1.50000e+01	2.767327e+00	
1001	9.942800e-02	1.499929e+01	-1.50000e+01	2.451390e+00	
1002	9.952800e-02	1.499941e+01	-1.50000e+01	2.132915e+00	
1003	9.962800e-02	1.499953e+01	-1.50000e+01	1.811752e+00	
1004	9.972800e-02	1.499966e+01	-1.50000e+01	1.487592e+00	
1005	9.982800e-02	1.499978e+01	-1.50000e+01	1.158807e+00	
1006	9.992800e-02	1.499990e+01	-1.50000e+01	8.198758e-01	
1007	1.000000e-01	1.499998e+01	-1.50000e+01	5.455272e-01	

                                kicad schematic
                                Transient Analysis  Mon Feb 10 01:04:19  2025
--------------------------------------------------------------------------------
Index   time            x1.net-_c1-pad1 x1.net-_c1-pad2 x1.net-_q1-pad1 
--------------------------------------------------------------------------------
0	0.000000e+00	5.393000e-01	-1.37803e+01	1.446107e+01	
1	1.000000e-06	5.375716e-01	-1.37803e+01	1.446107e+01	
2	2.000000e-06	5.347943e-01	-1.37803e+01	1.446107e+01	
3	4.000000e-06	5.279815e-01	-1.37802e+01	1.446107e+01	
4	8.000000e-06	5.111390e-01	-1.37802e+01	1.446107e+01	
5	1.600000e-05	4.767006e-01	-1.37801e+01	1.446107e+01	
6	3.200000e-05	4.113675e-01	-1.37799e+01	1.446107e+01	
7	6.400000e-05	2.911556e-01	-1.37796e+01	1.446107e+01	
8	1.280000e-04	6.759251e-02	-1.37790e+01	1.446107e+01	
9	2.280000e-04	-2.68453e-01	-1.37780e+01	1.446107e+01	
10	3.280000e-04	-5.97807e-01	-1.37770e+01	1.446107e+01	
11	4.280000e-04	-9.23828e-01	-1.37760e+01	1.446107e+01	
12	5.280000e-04	-1.24683e+00	-1.37750e+01	1.446107e+01	
13	6.280000e-04	-1.56726e+00	-1.37741e+01	1.446107e+01	
14	7.280000e-04	-1.88504e+00	-1.37731e+01	1.446107e+01	
15	8.280000e-04	-2.20007e+00	-1.37722e+01	1.446107e+01	
16	9.280000e-04	-2.51210e+00	-1.37712e+01	1.446107e+01	
17	1.028000e-03	-2.82095e+00	-1.37703e+01	1.446107e+01	
18	1.128000e-03	-3.12633e+00	-1.37693e+01	1.446107e+01	
19	1.228000e-03	-3.42802e+00	-1.37684e+01	1.446107e+01	
20	1.328000e-03	-3.72572e+00	-1.37675e+01	1.446107e+01	
21	1.428000e-03	-4.01921e+00	-1.37666e+01	1.446107e+01	
22	1.528000e-03	-4.30818e+00	-1.37657e+01	1.446107e+01	
23	1.628000e-03	-4.59238e+00	-1.37648e+01	1.446107e+01	
24	1.728000e-03	-4.87154e+00	-1.37640e+01	1.446107e+01	
25	1.828000e-03	-5.14541e+00	-1.37631e+01	1.446107e+01	
26	1.928000e-03	-5.41371e+00	-1.37623e+01	1.446107e+01	
27	2.028000e-03	-5.67619e+00	-1.37614e+01	1.446107e+01	
28	2.128000e-03	-5.93260e+00	-1.37606e+01	1.446107e+01	
29	2.228000e-03	-6.18271e+00	-1.37599e+01	1.446107e+01	
30	2.328000e-03	-6.42625e+00	-1.37591e+01	1.446107e+01	
31	2.428000e-03	-6.66300e+00	-1.37583e+01	1.446107e+01	
32	2.528000e-03	-6.89272e+00	-1.37576e+01	1.446107e+01	
33	2.628000e-03	-7.11521e+00	-1.37569e+01	1.446107e+01	
34	2.728000e-03	-7.33023e+00	-1.37562e+01	1.446107e+01	
35	2.828000e-03	-7.53759e+00	-1.37556e+01	1.446107e+01	
36	2.928000e-03	-7.73706e+00	-1.37549e+01	1.446107e+01	
37	3.028000e-03	-7.92848e+00	-1.37543e+01	1.446107e+01	
38	3.128000e-03	-8.11163e+00	-1.37537e+01	1.446107e+01	
39	3.228000e-03	-8.28636e+00	-1.37532e+01	1.446107e+01	
40	3.328000e-03	-8.45248e+00	-1.37526e+01	1.446107e+01	
41	3.428000e-03	-8.60984e+00	-1.37521e+01	1.446107e+01	
42	3.528000e-03	-8.75827e+00	-1.37517e+01	1.446107e+01	
43	3.628000e-03	-8.89765e+00	-1.37512e+01	1.446107e+01	
44	3.728000e-03	-9.02781e+00	-1.37508e+01	1.446107e+01	
45	3.828000e-03	-9.14865e+00	-1.37504e+01	1.446107e+01	
46	3.928000e-03	-9.26004e+00	-1.37500e+01	1.446107e+01	
47	4.028000e-03	-9.36187e+00	-1.37497e+01	1.446107e+01	
48	4.128000e-03	-9.45404e+00	-1.37494e+01	1.446107e+01	
49	4.228000e-03	-9.53647e+00	-1.37491e+01	1.446107e+01	
50	4.328000e-03	-9.60906e+00	-1.37489e+01	1.446107e+01	
51	4.428000e-03	-9.67176e+00	-1.37487e+01	1.446107e+01	
52	4.528000e-03	-9.72449e+00	-1.37485e+01	1.446107e+01	
53	4.628000e-03	-9.76721e+00	-1.37484e+01	1.446107e+01	
54	4.728000e-03	-9.79988e+00	-1.37483e+01	1.446107e+01	

Index   time            x1.net-_c1-pad1 x1.net-_c1-pad2 x1.net-_q1-pad1 
--------------------------------------------------------------------------------
55	4.828000e-03	-9.82245e+00	-1.37482e+01	1.446107e+01	
56	4.928000e-03	-9.83492e+00	-1.37482e+01	1.446107e+01	
57	5.028000e-03	-9.83726e+00	-1.37481e+01	1.446107e+01	
58	5.128000e-03	-9.82948e+00	-1.37482e+01	1.446107e+01	
59	5.228000e-03	-9.81158e+00	-1.37482e+01	1.446107e+01	
60	5.328000e-03	-9.78359e+00	-1.37483e+01	1.446107e+01	
61	5.428000e-03	-9.74552e+00	-1.37484e+01	1.446107e+01	
62	5.528000e-03	-9.69741e+00	-1.37486e+01	1.446107e+01	
63	5.628000e-03	-9.63932e+00	-1.37488e+01	1.446107e+01	
64	5.728000e-03	-9.57130e+00	-1.37490e+01	1.446107e+01	
65	5.828000e-03	-9.49342e+00	-1.37493e+01	1.446107e+01	
66	5.928000e-03	-9.40574e+00	-1.37496e+01	1.446107e+01	
67	6.028000e-03	-9.30837e+00	-1.37499e+01	1.446107e+01	
68	6.128000e-03	-9.20139e+00	-1.37502e+01	1.446107e+01	
69	6.228000e-03	-9.08492e+00	-1.37506e+01	1.446107e+01	
70	6.328000e-03	-8.95905e+00	-1.37510e+01	1.446107e+01	
71	6.428000e-03	-8.82393e+00	-1.37514e+01	1.446107e+01	
72	6.528000e-03	-8.67967e+00	-1.37519e+01	1.446107e+01	
73	6.628000e-03	-8.52642e+00	-1.37524e+01	1.446107e+01	
74	6.728000e-03	-8.36434e+00	-1.37529e+01	1.446107e+01	
75	6.828000e-03	-8.19357e+00	-1.37535e+01	1.446107e+01	
76	6.928000e-03	-8.01430e+00	-1.37541e+01	1.446107e+01	
77	7.028000e-03	-7.82668e+00	-1.37547e+01	1.446107e+01	
78	7.128000e-03	-7.63091e+00	-1.37553e+01	1.446107e+01	
79	7.228000e-03	-7.42718e+00	-1.37559e+01	1.446107e+01	
80	7.328000e-03	-7.21568e+00	-1.37566e+01	1.446107e+01	
81	7.428000e-03	-6.99662e+00	-1.37573e+01	1.446107e+01	
82	7.528000e-03	-6.77022e+00	-1.37580e+01	1.446107e+01	
83	7.628000e-03	-6.53669e+00	-1.37588e+01	1.446107e+01	
84	7.728000e-03	-6.29627e+00	-1.37595e+01	1.446107e+01	
85	7.828000e-03	-6.04917e+00	-1.37603e+01	1.446107e+01	
86	7.928000e-03	-5.79565e+00	-1.37611e+01	1.446107e+01	
87	8.028000e-03	-5.53595e+00	-1.37619e+01	1.446107e+01	
88	8.128000e-03	-5.27031e+00	-1.37627e+01	1.446107e+01	
89	8.228000e-03	-4.99899e+00	-1.37636e+01	1.446107e+01	
90	8.328000e-03	-4.72225e+00	-1.37644e+01	1.446107e+01	
91	8.428000e-03	-4.44034e+00	-1.37653e+01	1.446107e+01	
92	8.528000e-03	-4.15355e+00	-1.37662e+01	1.446107e+01	
93	8.628000e-03	-3.86212e+00	-1.37671e+01	1.446107e+01	
94	8.728000e-03	-3.56634e+00	-1.37680e+01	1.446107e+01	
95	8.828000e-03	-3.26646e+00	-1.37689e+01	1.446107e+01	
96	8.928000e-03	-2.96276e+00	-1.37699e+01	1.446107e+01	
97	9.028000e-03	-2.65549e+00	-1.37708e+01	1.446107e+01	
98	9.128000e-03	-2.34491e+00	-1.37717e+01	1.446107e+01	
99	9.228000e-03	-2.03125e+00	-1.37727e+01	1.446107e+01	
100	9.328000e-03	-1.71472e+00	-1.37736e+01	1.446107e+01	
101	9.428000e-03	-1.39550e+00	-1.37746e+01	1.446107e+01	
102	9.528000e-03	-1.07368e+00	-1.37756e+01	1.446107e+01	
103	9.628000e-03	-7.49177e-01	-1.37766e+01	1.446107e+01	
104	9.728000e-03	-4.21599e-01	-1.37775e+01	1.446107e+01	
105	9.828000e-03	-8.93306e-02	-1.37785e+01	1.446107e+01	
106	9.928000e-03	2.535944e-01	-1.37795e+01	1.446107e+01	
107	1.002800e-02	6.488082e-01	-1.37805e+01	1.446107e+01	
108	1.012800e-02	1.004540e+00	-1.37813e+01	1.446107e+01	
109	1.022800e-02	1.335290e+00	-1.37819e+01	1.446107e+01	
110	1.032800e-02	1.662753e+00	-1.37826e+01	1.446107e+01	
111	1.042800e-02	1.984072e+00	-1.37832e+01	1.446107e+01	
112	1.052800e-02	2.304998e+00	-1.37839e+01	1.446107e+01	

Index   time            x1.net-_c1-pad1 x1.net-_c1-pad2 x1.net-_q1-pad1 
--------------------------------------------------------------------------------
113	1.062800e-02	2.620890e+00	-1.37845e+01	1.446107e+01	
114	1.072800e-02	2.936539e+00	-1.37851e+01	1.446107e+01	
115	1.082800e-02	3.247183e+00	-1.37857e+01	1.446107e+01	
116	1.092800e-02	3.557024e+00	-1.37864e+01	1.446107e+01	
117	1.102800e-02	3.861639e+00	-1.37870e+01	1.446107e+01	
118	1.112800e-02	4.164796e+00	-1.37876e+01	1.446107e+01	
119	1.122800e-02	4.462406e+00	-1.37882e+01	1.446107e+01	
120	1.132800e-02	4.757875e+00	-1.37888e+01	1.446107e+01	
121	1.142800e-02	5.047436e+00	-1.37893e+01	1.446107e+01	
122	1.152800e-02	5.334171e+00	-1.37899e+01	1.446107e+01	
123	1.162800e-02	5.614616e+00	-1.37905e+01	1.446107e+01	
124	1.172800e-02	5.891567e+00	-1.37910e+01	1.446107e+01	
125	1.182800e-02	6.161839e+00	-1.37916e+01	1.446107e+01	
126	1.192800e-02	6.427971e+00	-1.37921e+01	1.446107e+01	
127	1.202800e-02	6.687037e+00	-1.37926e+01	1.446107e+01	
128	1.212800e-02	6.941345e+00	-1.37931e+01	1.446107e+01	
129	1.222800e-02	7.188206e+00	-1.37936e+01	1.446107e+01	
130	1.232800e-02	7.429718e+00	-1.37941e+01	1.446107e+01	
131	1.242800e-02	7.663416e+00	-1.37946e+01	1.446107e+01	
132	1.252800e-02	7.891208e+00	-1.37950e+01	1.446107e+01	
133	1.262800e-02	8.110831e+00	-1.37955e+01	1.446107e+01	
134	1.272800e-02	8.324025e+00	-1.37959e+01	1.446107e+01	
135	1.282800e-02	8.528715e+00	-1.37963e+01	1.446107e+01	
136	1.292800e-02	8.726488e+00	-1.37967e+01	1.446107e+01	
137	1.302800e-02	8.915443e+00	-1.37971e+01	1.446107e+01	
138	1.312800e-02	9.097029e+00	-1.37975e+01	1.446107e+01	
139	1.322800e-02	9.269508e+00	-1.37978e+01	1.446107e+01	
140	1.332800e-02	9.434204e+00	-1.37982e+01	1.446107e+01	
141	1.342800e-02	9.589528e+00	-1.37985e+01	1.446107e+01	
142	1.352800e-02	9.736693e+00	-1.37988e+01	1.446107e+01	
143	1.362800e-02	9.874251e+00	-1.37991e+01	1.446107e+01	
144	1.372800e-02	1.000331e+01	-1.37993e+01	1.446107e+01	
145	1.382800e-02	1.012256e+01	-1.37996e+01	1.446107e+01	
146	1.392800e-02	1.023302e+01	-1.37998e+01	1.446107e+01	
147	1.402800e-02	1.033350e+01	-1.38000e+01	1.446107e+01	
148	1.412800e-02	1.042492e+01	-1.38002e+01	1.446107e+01	
149	1.422800e-02	1.050622e+01	-1.38003e+01	1.446107e+01	
150	1.432800e-02	1.057826e+01	-1.38005e+01	1.446107e+01	
151	1.442800e-02	1.064006e+01	-1.38006e+01	1.446107e+01	
152	1.452800e-02	1.069243e+01	-1.38007e+01	1.446107e+01	
153	1.462800e-02	1.073448e+01	-1.38008e+01	1.446107e+01	
154	1.472800e-02	1.076698e+01	-1.38009e+01	1.446107e+01	
155	1.482800e-02	1.078913e+01	-1.38009e+01	1.446107e+01	
156	1.492800e-02	1.080163e+01	-1.38009e+01	1.446107e+01	
157	1.502800e-02	1.080378e+01	-1.38009e+01	1.446107e+01	
158	1.512800e-02	1.079624e+01	-1.38009e+01	1.446107e+01	
159	1.522800e-02	1.077838e+01	-1.38009e+01	1.446107e+01	
160	1.532800e-02	1.075083e+01	-1.38008e+01	1.446107e+01	
161	1.542800e-02	1.071303e+01	-1.38008e+01	1.446107e+01	
162	1.552800e-02	1.066558e+01	-1.38007e+01	1.446107e+01	
163	1.562800e-02	1.060799e+01	-1.38005e+01	1.446107e+01	
164	1.572800e-02	1.054082e+01	-1.38004e+01	1.446107e+01	
165	1.582800e-02	1.046365e+01	-1.38002e+01	1.446107e+01	
166	1.592800e-02	1.037704e+01	-1.38001e+01	1.446107e+01	
167	1.602800e-02	1.028061e+01	-1.37999e+01	1.446107e+01	
168	1.612800e-02	1.017488e+01	-1.37997e+01	1.446107e+01	
169	1.622800e-02	1.005956e+01	-1.37994e+01	1.446107e+01	
170	1.632800e-02	9.935140e+00	-1.37992e+01	1.446107e+01	

Index   time            x1.net-_c1-pad1 x1.net-_c1-pad2 x1.net-_q1-pad1 
--------------------------------------------------------------------------------
171	1.642800e-02	9.801376e+00	-1.37989e+01	1.446107e+01	
172	1.652800e-02	9.658753e+00	-1.37986e+01	1.446107e+01	
173	1.662800e-02	9.507070e+00	-1.37983e+01	1.446107e+01	
174	1.672800e-02	9.346801e+00	-1.37980e+01	1.446107e+01	
175	1.682800e-02	9.177791e+00	-1.37976e+01	1.446107e+01	
176	1.692800e-02	9.000505e+00	-1.37973e+01	1.446107e+01	
177	1.702800e-02	8.814828e+00	-1.37969e+01	1.446107e+01	
178	1.712800e-02	8.621216e+00	-1.37965e+01	1.446107e+01	
179	1.722800e-02	8.419596e+00	-1.37961e+01	1.446107e+01	
180	1.732800e-02	8.210415e+00	-1.37957e+01	1.446107e+01	
181	1.742800e-02	7.993635e+00	-1.37952e+01	1.446107e+01	
182	1.752800e-02	7.769698e+00	-1.37948e+01	1.446107e+01	
183	1.762800e-02	7.538602e+00	-1.37943e+01	1.446107e+01	
184	1.772800e-02	7.300779e+00	-1.37938e+01	1.446107e+01	
185	1.782800e-02	7.056260e+00	-1.37933e+01	1.446107e+01	
186	1.792800e-02	6.805472e+00	-1.37928e+01	1.446107e+01	
187	1.802800e-02	6.548472e+00	-1.37923e+01	1.446107e+01	
188	1.812800e-02	6.285684e+00	-1.37918e+01	1.446107e+01	
189	1.822800e-02	6.017189e+00	-1.37913e+01	1.446107e+01	
190	1.832800e-02	5.743405e+00	-1.37907e+01	1.446107e+01	
191	1.842800e-02	5.464436e+00	-1.37901e+01	1.446107e+01	
192	1.852800e-02	5.180691e+00	-1.37896e+01	1.446107e+01	
193	1.862800e-02	4.892293e+00	-1.37890e+01	1.446107e+01	
194	1.872800e-02	4.599643e+00	-1.37884e+01	1.446107e+01	
195	1.882800e-02	4.302875e+00	-1.37878e+01	1.446107e+01	
196	1.892800e-02	4.002376e+00	-1.37872e+01	1.446107e+01	
197	1.902800e-02	3.698286e+00	-1.37866e+01	1.446107e+01	
198	1.912800e-02	3.390965e+00	-1.37860e+01	1.446107e+01	
199	1.922800e-02	3.080542e+00	-1.37854e+01	1.446107e+01	
200	1.932800e-02	2.767327e+00	-1.37848e+01	1.446107e+01	
201	1.942800e-02	2.451390e+00	-1.37841e+01	1.446107e+01	
202	1.952800e-02	2.132915e+00	-1.37835e+01	1.446107e+01	
203	1.962800e-02	1.811752e+00	-1.37829e+01	1.446107e+01	
204	1.972800e-02	1.487592e+00	-1.37822e+01	1.446107e+01	
205	1.982800e-02	1.158807e+00	-1.37815e+01	1.446107e+01	
206	1.992800e-02	8.198756e-01	-1.37809e+01	1.446107e+01	
207	2.002800e-02	4.277645e-01	-1.37800e+01	1.446107e+01	
208	2.012800e-02	6.690452e-02	-1.37790e+01	1.446107e+01	
209	2.022800e-02	-2.67699e-01	-1.37780e+01	1.446107e+01	
210	2.032800e-02	-5.98941e-01	-1.37770e+01	1.446107e+01	
211	2.042800e-02	-9.23424e-01	-1.37760e+01	1.446107e+01	
212	2.052800e-02	-1.24734e+00	-1.37750e+01	1.446107e+01	
213	2.062800e-02	-1.56676e+00	-1.37741e+01	1.446107e+01	
214	2.072800e-02	-1.88552e+00	-1.37731e+01	1.446107e+01	
215	2.082800e-02	-2.19962e+00	-1.37722e+01	1.446107e+01	
216	2.092800e-02	-2.51253e+00	-1.37712e+01	1.446107e+01	
217	2.102800e-02	-2.82053e+00	-1.37703e+01	1.446107e+01	
218	2.112800e-02	-3.12672e+00	-1.37693e+01	1.446107e+01	
219	2.122800e-02	-3.42764e+00	-1.37684e+01	1.446107e+01	
220	2.132800e-02	-3.72609e+00	-1.37675e+01	1.446107e+01	
221	2.142800e-02	-4.01887e+00	-1.37666e+01	1.446107e+01	
222	2.152800e-02	-4.30851e+00	-1.37657e+01	1.446107e+01	
223	2.162800e-02	-4.59207e+00	-1.37648e+01	1.446107e+01	
224	2.172800e-02	-4.87184e+00	-1.37640e+01	1.446107e+01	
225	2.182800e-02	-5.14512e+00	-1.37631e+01	1.446107e+01	
226	2.192800e-02	-5.41398e+00	-1.37623e+01	1.446107e+01	
227	2.202800e-02	-5.67593e+00	-1.37614e+01	1.446107e+01	
228	2.212800e-02	-5.93285e+00	-1.37606e+01	1.446107e+01	

Index   time            x1.net-_c1-pad1 x1.net-_c1-pad2 x1.net-_q1-pad1 
--------------------------------------------------------------------------------
229	2.222800e-02	-6.18247e+00	-1.37599e+01	1.446107e+01	
230	2.232800e-02	-6.42647e+00	-1.37591e+01	1.446107e+01	
231	2.242800e-02	-6.66278e+00	-1.37583e+01	1.446107e+01	
232	2.252800e-02	-6.89293e+00	-1.37576e+01	1.446107e+01	
233	2.262800e-02	-7.11501e+00	-1.37569e+01	1.446107e+01	
234	2.272800e-02	-7.33042e+00	-1.37562e+01	1.446107e+01	
235	2.282800e-02	-7.53740e+00	-1.37556e+01	1.446107e+01	
236	2.292800e-02	-7.73724e+00	-1.37549e+01	1.446107e+01	
237	2.302800e-02	-7.92831e+00	-1.37543e+01	1.446107e+01	
238	2.312800e-02	-8.11179e+00	-1.37537e+01	1.446107e+01	
239	2.322800e-02	-8.28621e+00	-1.37532e+01	1.446107e+01	
240	2.332800e-02	-8.45263e+00	-1.37526e+01	1.446107e+01	
241	2.342800e-02	-8.60970e+00	-1.37521e+01	1.446107e+01	
242	2.352800e-02	-8.75841e+00	-1.37517e+01	1.446107e+01	
243	2.362800e-02	-8.89752e+00	-1.37512e+01	1.446107e+01	
244	2.372800e-02	-9.02793e+00	-1.37508e+01	1.446107e+01	
245	2.382800e-02	-9.14854e+00	-1.37504e+01	1.446107e+01	
246	2.392800e-02	-9.26015e+00	-1.37500e+01	1.446107e+01	
247	2.402800e-02	-9.36177e+00	-1.37497e+01	1.446107e+01	
248	2.412800e-02	-9.45414e+00	-1.37494e+01	1.446107e+01	
249	2.422800e-02	-9.53637e+00	-1.37491e+01	1.446107e+01	
250	2.432800e-02	-9.60916e+00	-1.37489e+01	1.446107e+01	
251	2.442800e-02	-9.67167e+00	-1.37487e+01	1.446107e+01	
252	2.452800e-02	-9.72458e+00	-1.37485e+01	1.446107e+01	
253	2.462800e-02	-9.76713e+00	-1.37484e+01	1.446107e+01	
254	2.472800e-02	-9.79995e+00	-1.37483e+01	1.446107e+01	
255	2.482800e-02	-9.82238e+00	-1.37482e+01	1.446107e+01	
256	2.492800e-02	-9.83499e+00	-1.37482e+01	1.446107e+01	
257	2.502800e-02	-9.83720e+00	-1.37481e+01	1.446107e+01	
258	2.512800e-02	-9.82954e+00	-1.37482e+01	1.446107e+01	
259	2.522800e-02	-9.81152e+00	-1.37482e+01	1.446107e+01	
260	2.532800e-02	-9.78364e+00	-1.37483e+01	1.446107e+01	
261	2.542800e-02	-9.74546e+00	-1.37484e+01	1.446107e+01	
262	2.552800e-02	-9.69747e+00	-1.37486e+01	1.446107e+01	
263	2.562800e-02	-9.63927e+00	-1.37488e+01	1.446107e+01	
264	2.572800e-02	-9.57135e+00	-1.37490e+01	1.446107e+01	
265	2.582800e-02	-9.49337e+00	-1.37493e+01	1.446107e+01	
266	2.592800e-02	-9.40579e+00	-1.37496e+01	1.446107e+01	
267	2.602800e-02	-9.30833e+00	-1.37499e+01	1.446107e+01	
268	2.612800e-02	-9.20143e+00	-1.37502e+01	1.446107e+01	
269	2.622800e-02	-9.08488e+00	-1.37506e+01	1.446107e+01	
270	2.632800e-02	-8.95909e+00	-1.37510e+01	1.446107e+01	
271	2.642800e-02	-8.82389e+00	-1.37514e+01	1.446107e+01	
272	2.652800e-02	-8.67970e+00	-1.37519e+01	1.446107e+01	
273	2.662800e-02	-8.52639e+00	-1.37524e+01	1.446107e+01	
274	2.672800e-02	-8.36437e+00	-1.37529e+01	1.446107e+01	
275	2.682800e-02	-8.19354e+00	-1.37535e+01	1.446107e+01	
276	2.692800e-02	-8.01432e+00	-1.37541e+01	1.446107e+01	
277	2.702800e-02	-7.82665e+00	-1.37547e+01	1.446107e+01	
278	2.712800e-02	-7.63094e+00	-1.37553e+01	1.446107e+01	
279	2.722800e-02	-7.42715e+00	-1.37559e+01	1.446107e+01	
280	2.732800e-02	-7.21570e+00	-1.37566e+01	1.446107e+01	
281	2.742800e-02	-6.99660e+00	-1.37573e+01	1.446107e+01	
282	2.752800e-02	-6.77024e+00	-1.37580e+01	1.446107e+01	
283	2.762800e-02	-6.53667e+00	-1.37588e+01	1.446107e+01	
284	2.772800e-02	-6.29629e+00	-1.37595e+01	1.446107e+01	
285	2.782800e-02	-6.04915e+00	-1.37603e+01	1.446107e+01	
286	2.792800e-02	-5.79567e+00	-1.37611e+01	1.446107e+01	

Index   time            x1.net-_c1-pad1 x1.net-_c1-pad2 x1.net-_q1-pad1 
--------------------------------------------------------------------------------
287	2.802800e-02	-5.53593e+00	-1.37619e+01	1.446107e+01	
288	2.812800e-02	-5.27032e+00	-1.37627e+01	1.446107e+01	
289	2.822800e-02	-4.99897e+00	-1.37636e+01	1.446107e+01	
290	2.832800e-02	-4.72226e+00	-1.37644e+01	1.446107e+01	
291	2.842800e-02	-4.44033e+00	-1.37653e+01	1.446107e+01	
292	2.852800e-02	-4.15356e+00	-1.37662e+01	1.446107e+01	
293	2.862800e-02	-3.86211e+00	-1.37671e+01	1.446107e+01	
294	2.872800e-02	-3.56635e+00	-1.37680e+01	1.446107e+01	
295	2.882800e-02	-3.26645e+00	-1.37689e+01	1.446107e+01	
296	2.892800e-02	-2.96277e+00	-1.37699e+01	1.446107e+01	
297	2.902800e-02	-2.65548e+00	-1.37708e+01	1.446107e+01	
298	2.912800e-02	-2.34492e+00	-1.37717e+01	1.446107e+01	
299	2.922800e-02	-2.03124e+00	-1.37727e+01	1.446107e+01	
300	2.932800e-02	-1.71473e+00	-1.37736e+01	1.446107e+01	
301	2.942800e-02	-1.39549e+00	-1.37746e+01	1.446107e+01	
302	2.952800e-02	-1.07368e+00	-1.37756e+01	1.446107e+01	
303	2.962800e-02	-7.49168e-01	-1.37766e+01	1.446107e+01	
304	2.972800e-02	-4.21607e-01	-1.37775e+01	1.446107e+01	
305	2.982800e-02	-8.93229e-02	-1.37785e+01	1.446107e+01	
306	2.992800e-02	2.535867e-01	-1.37795e+01	1.446107e+01	
307	3.002800e-02	6.488156e-01	-1.37805e+01	1.446107e+01	
308	3.012800e-02	1.004534e+00	-1.37813e+01	1.446107e+01	
309	3.022800e-02	1.335296e+00	-1.37819e+01	1.446107e+01	
310	3.032800e-02	1.662747e+00	-1.37826e+01	1.446107e+01	
311	3.042800e-02	1.984077e+00	-1.37832e+01	1.446107e+01	
312	3.052800e-02	2.304993e+00	-1.37839e+01	1.446107e+01	
313	3.062800e-02	2.620895e+00	-1.37845e+01	1.446107e+01	
314	3.072800e-02	2.936534e+00	-1.37851e+01	1.446107e+01	
315	3.082800e-02	3.247187e+00	-1.37857e+01	1.446107e+01	
316	3.092800e-02	3.557020e+00	-1.37864e+01	1.446107e+01	
317	3.102800e-02	3.861642e+00	-1.37870e+01	1.446107e+01	
318	3.112800e-02	4.164792e+00	-1.37876e+01	1.446107e+01	
319	3.122800e-02	4.462410e+00	-1.37882e+01	1.446107e+01	
320	3.132800e-02	4.757872e+00	-1.37888e+01	1.446107e+01	
321	3.142800e-02	5.047439e+00	-1.37893e+01	1.446107e+01	
322	3.152800e-02	5.334168e+00	-1.37899e+01	1.446107e+01	
323	3.162800e-02	5.614619e+00	-1.37905e+01	1.446107e+01	
324	3.172800e-02	5.891564e+00	-1.37910e+01	1.446107e+01	
325	3.182800e-02	6.161841e+00	-1.37916e+01	1.446107e+01	
326	3.192800e-02	6.427969e+00	-1.37921e+01	1.446107e+01	
327	3.202800e-02	6.687040e+00	-1.37926e+01	1.446107e+01	
328	3.212800e-02	6.941342e+00	-1.37931e+01	1.446107e+01	
329	3.222800e-02	7.188208e+00	-1.37936e+01	1.446107e+01	
330	3.232800e-02	7.429716e+00	-1.37941e+01	1.446107e+01	
331	3.242800e-02	7.663418e+00	-1.37946e+01	1.446107e+01	
332	3.252800e-02	7.891206e+00	-1.37950e+01	1.446107e+01	
333	3.262800e-02	8.110833e+00	-1.37955e+01	1.446107e+01	
334	3.272800e-02	8.324023e+00	-1.37959e+01	1.446107e+01	
335	3.282800e-02	8.528717e+00	-1.37963e+01	1.446107e+01	
336	3.292800e-02	8.726486e+00	-1.37967e+01	1.446107e+01	
337	3.302800e-02	8.915445e+00	-1.37971e+01	1.446107e+01	
338	3.312800e-02	9.097028e+00	-1.37975e+01	1.446107e+01	
339	3.322800e-02	9.269510e+00	-1.37978e+01	1.446107e+01	
340	3.332800e-02	9.434202e+00	-1.37982e+01	1.446107e+01	
341	3.342800e-02	9.589529e+00	-1.37985e+01	1.446107e+01	
342	3.352800e-02	9.736692e+00	-1.37988e+01	1.446107e+01	
343	3.362800e-02	9.874252e+00	-1.37991e+01	1.446107e+01	
344	3.372800e-02	1.000331e+01	-1.37993e+01	1.446107e+01	

Index   time            x1.net-_c1-pad1 x1.net-_c1-pad2 x1.net-_q1-pad1 
--------------------------------------------------------------------------------
345	3.382800e-02	1.012257e+01	-1.37996e+01	1.446107e+01	
346	3.392800e-02	1.023302e+01	-1.37998e+01	1.446107e+01	
347	3.402800e-02	1.033350e+01	-1.38000e+01	1.446107e+01	
348	3.412800e-02	1.042492e+01	-1.38002e+01	1.446107e+01	
349	3.422800e-02	1.050622e+01	-1.38003e+01	1.446107e+01	
350	3.432800e-02	1.057826e+01	-1.38005e+01	1.446107e+01	
351	3.442800e-02	1.064006e+01	-1.38006e+01	1.446107e+01	
352	3.452800e-02	1.069243e+01	-1.38007e+01	1.446107e+01	
353	3.462800e-02	1.073448e+01	-1.38008e+01	1.446107e+01	
354	3.472800e-02	1.076698e+01	-1.38009e+01	1.446107e+01	
355	3.482800e-02	1.078913e+01	-1.38009e+01	1.446107e+01	
356	3.492800e-02	1.080163e+01	-1.38009e+01	1.446107e+01	
357	3.502800e-02	1.080378e+01	-1.38009e+01	1.446107e+01	
358	3.512800e-02	1.079624e+01	-1.38009e+01	1.446107e+01	
359	3.522800e-02	1.077838e+01	-1.38009e+01	1.446107e+01	
360	3.532800e-02	1.075083e+01	-1.38008e+01	1.446107e+01	
361	3.542800e-02	1.071303e+01	-1.38008e+01	1.446107e+01	
362	3.552800e-02	1.066558e+01	-1.38007e+01	1.446107e+01	
363	3.562800e-02	1.060799e+01	-1.38005e+01	1.446107e+01	
364	3.572800e-02	1.054082e+01	-1.38004e+01	1.446107e+01	
365	3.582800e-02	1.046366e+01	-1.38002e+01	1.446107e+01	
366	3.592800e-02	1.037704e+01	-1.38001e+01	1.446107e+01	
367	3.602800e-02	1.028061e+01	-1.37999e+01	1.446107e+01	
368	3.612800e-02	1.017488e+01	-1.37997e+01	1.446107e+01	
369	3.622800e-02	1.005956e+01	-1.37994e+01	1.446107e+01	
370	3.632800e-02	9.935140e+00	-1.37992e+01	1.446107e+01	
371	3.642800e-02	9.801376e+00	-1.37989e+01	1.446107e+01	
372	3.652800e-02	9.658753e+00	-1.37986e+01	1.446107e+01	
373	3.662800e-02	9.507070e+00	-1.37983e+01	1.446107e+01	
374	3.672800e-02	9.346801e+00	-1.37980e+01	1.446107e+01	
375	3.682800e-02	9.177792e+00	-1.37976e+01	1.446107e+01	
376	3.692800e-02	9.000505e+00	-1.37973e+01	1.446107e+01	
377	3.702800e-02	8.814828e+00	-1.37969e+01	1.446107e+01	
378	3.712800e-02	8.621216e+00	-1.37965e+01	1.446107e+01	
379	3.722800e-02	8.419596e+00	-1.37961e+01	1.446107e+01	
380	3.732800e-02	8.210414e+00	-1.37957e+01	1.446107e+01	
381	3.742800e-02	7.993636e+00	-1.37952e+01	1.446107e+01	
382	3.752800e-02	7.769698e+00	-1.37948e+01	1.446107e+01	
383	3.762800e-02	7.538602e+00	-1.37943e+01	1.446107e+01	
384	3.772800e-02	7.300779e+00	-1.37938e+01	1.446107e+01	
385	3.782800e-02	7.056260e+00	-1.37933e+01	1.446107e+01	
386	3.792800e-02	6.805472e+00	-1.37928e+01	1.446107e+01	
387	3.802800e-02	6.548472e+00	-1.37923e+01	1.446107e+01	
388	3.812800e-02	6.285684e+00	-1.37918e+01	1.446107e+01	
389	3.822800e-02	6.017189e+00	-1.37913e+01	1.446107e+01	
390	3.832800e-02	5.743405e+00	-1.37907e+01	1.446107e+01	
391	3.842800e-02	5.464436e+00	-1.37901e+01	1.446107e+01	
392	3.852800e-02	5.180691e+00	-1.37896e+01	1.446107e+01	
393	3.862800e-02	4.892293e+00	-1.37890e+01	1.446107e+01	
394	3.872800e-02	4.599643e+00	-1.37884e+01	1.446107e+01	
395	3.882800e-02	4.302875e+00	-1.37878e+01	1.446107e+01	
396	3.892800e-02	4.002376e+00	-1.37872e+01	1.446107e+01	
397	3.902800e-02	3.698286e+00	-1.37866e+01	1.446107e+01	
398	3.912800e-02	3.390965e+00	-1.37860e+01	1.446107e+01	
399	3.922800e-02	3.080542e+00	-1.37854e+01	1.446107e+01	
400	3.932800e-02	2.767327e+00	-1.37848e+01	1.446107e+01	
401	3.942800e-02	2.451390e+00	-1.37841e+01	1.446107e+01	
402	3.952800e-02	2.132915e+00	-1.37835e+01	1.446107e+01	

Index   time            x1.net-_c1-pad1 x1.net-_c1-pad2 x1.net-_q1-pad1 
--------------------------------------------------------------------------------
403	3.962800e-02	1.811752e+00	-1.37829e+01	1.446107e+01	
404	3.972800e-02	1.487592e+00	-1.37822e+01	1.446107e+01	
405	3.982800e-02	1.158807e+00	-1.37815e+01	1.446107e+01	
406	3.992800e-02	8.198756e-01	-1.37809e+01	1.446107e+01	
407	4.002800e-02	4.277650e-01	-1.37800e+01	1.446107e+01	
408	4.012800e-02	6.690397e-02	-1.37790e+01	1.446107e+01	
409	4.022800e-02	-2.67698e-01	-1.37780e+01	1.446107e+01	
410	4.032800e-02	-5.98942e-01	-1.37770e+01	1.446107e+01	
411	4.042800e-02	-9.23424e-01	-1.37760e+01	1.446107e+01	
412	4.052800e-02	-1.24734e+00	-1.37750e+01	1.446107e+01	
413	4.062800e-02	-1.56676e+00	-1.37741e+01	1.446107e+01	
414	4.072800e-02	-1.88552e+00	-1.37731e+01	1.446107e+01	
415	4.082800e-02	-2.19962e+00	-1.37722e+01	1.446107e+01	
416	4.092800e-02	-2.51253e+00	-1.37712e+01	1.446107e+01	
417	4.102800e-02	-2.82053e+00	-1.37703e+01	1.446107e+01	
418	4.112800e-02	-3.12672e+00	-1.37693e+01	1.446107e+01	
419	4.122800e-02	-3.42764e+00	-1.37684e+01	1.446107e+01	
420	4.132800e-02	-3.72609e+00	-1.37675e+01	1.446107e+01	
421	4.142800e-02	-4.01887e+00	-1.37666e+01	1.446107e+01	
422	4.152800e-02	-4.30851e+00	-1.37657e+01	1.446107e+01	
423	4.162800e-02	-4.59207e+00	-1.37648e+01	1.446107e+01	
424	4.172800e-02	-4.87184e+00	-1.37640e+01	1.446107e+01	
425	4.182800e-02	-5.14512e+00	-1.37631e+01	1.446107e+01	
426	4.192800e-02	-5.41398e+00	-1.37623e+01	1.446107e+01	
427	4.202800e-02	-5.67593e+00	-1.37614e+01	1.446107e+01	
428	4.212800e-02	-5.93285e+00	-1.37606e+01	1.446107e+01	
429	4.222800e-02	-6.18247e+00	-1.37599e+01	1.446107e+01	
430	4.232800e-02	-6.42647e+00	-1.37591e+01	1.446107e+01	
431	4.242800e-02	-6.66278e+00	-1.37583e+01	1.446107e+01	
432	4.252800e-02	-6.89293e+00	-1.37576e+01	1.446107e+01	
433	4.262800e-02	-7.11501e+00	-1.37569e+01	1.446107e+01	
434	4.272800e-02	-7.33042e+00	-1.37562e+01	1.446107e+01	
435	4.282800e-02	-7.53740e+00	-1.37556e+01	1.446107e+01	
436	4.292800e-02	-7.73724e+00	-1.37549e+01	1.446107e+01	
437	4.302800e-02	-7.92831e+00	-1.37543e+01	1.446107e+01	
438	4.312800e-02	-8.11179e+00	-1.37537e+01	1.446107e+01	
439	4.322800e-02	-8.28621e+00	-1.37532e+01	1.446107e+01	
440	4.332800e-02	-8.45263e+00	-1.37526e+01	1.446107e+01	
441	4.342800e-02	-8.60970e+00	-1.37521e+01	1.446107e+01	
442	4.352800e-02	-8.75841e+00	-1.37517e+01	1.446107e+01	
443	4.362800e-02	-8.89752e+00	-1.37512e+01	1.446107e+01	
444	4.372800e-02	-9.02793e+00	-1.37508e+01	1.446107e+01	
445	4.382800e-02	-9.14854e+00	-1.37504e+01	1.446107e+01	
446	4.392800e-02	-9.26015e+00	-1.37500e+01	1.446107e+01	
447	4.402800e-02	-9.36177e+00	-1.37497e+01	1.446107e+01	
448	4.412800e-02	-9.45414e+00	-1.37494e+01	1.446107e+01	
449	4.422800e-02	-9.53637e+00	-1.37491e+01	1.446107e+01	
450	4.432800e-02	-9.60916e+00	-1.37489e+01	1.446107e+01	
451	4.442800e-02	-9.67167e+00	-1.37487e+01	1.446107e+01	
452	4.452800e-02	-9.72458e+00	-1.37485e+01	1.446107e+01	
453	4.462800e-02	-9.76713e+00	-1.37484e+01	1.446107e+01	
454	4.472800e-02	-9.79995e+00	-1.37483e+01	1.446107e+01	
455	4.482800e-02	-9.82238e+00	-1.37482e+01	1.446107e+01	
456	4.492800e-02	-9.83499e+00	-1.37482e+01	1.446107e+01	
457	4.502800e-02	-9.83720e+00	-1.37481e+01	1.446107e+01	
458	4.512800e-02	-9.82954e+00	-1.37482e+01	1.446107e+01	
459	4.522800e-02	-9.81152e+00	-1.37482e+01	1.446107e+01	
460	4.532800e-02	-9.78364e+00	-1.37483e+01	1.446107e+01	

Index   time            x1.net-_c1-pad1 x1.net-_c1-pad2 x1.net-_q1-pad1 
--------------------------------------------------------------------------------
461	4.542800e-02	-9.74546e+00	-1.37484e+01	1.446107e+01	
462	4.552800e-02	-9.69747e+00	-1.37486e+01	1.446107e+01	
463	4.562800e-02	-9.63927e+00	-1.37488e+01	1.446107e+01	
464	4.572800e-02	-9.57135e+00	-1.37490e+01	1.446107e+01	
465	4.582800e-02	-9.49337e+00	-1.37493e+01	1.446107e+01	
466	4.592800e-02	-9.40579e+00	-1.37496e+01	1.446107e+01	
467	4.602800e-02	-9.30833e+00	-1.37499e+01	1.446107e+01	
468	4.612800e-02	-9.20143e+00	-1.37502e+01	1.446107e+01	
469	4.622800e-02	-9.08488e+00	-1.37506e+01	1.446107e+01	
470	4.632800e-02	-8.95909e+00	-1.37510e+01	1.446107e+01	
471	4.642800e-02	-8.82389e+00	-1.37514e+01	1.446107e+01	
472	4.652800e-02	-8.67970e+00	-1.37519e+01	1.446107e+01	
473	4.662800e-02	-8.52639e+00	-1.37524e+01	1.446107e+01	
474	4.672800e-02	-8.36437e+00	-1.37529e+01	1.446107e+01	
475	4.682800e-02	-8.19354e+00	-1.37535e+01	1.446107e+01	
476	4.692800e-02	-8.01432e+00	-1.37541e+01	1.446107e+01	
477	4.702800e-02	-7.82665e+00	-1.37547e+01	1.446107e+01	
478	4.712800e-02	-7.63094e+00	-1.37553e+01	1.446107e+01	
479	4.722800e-02	-7.42715e+00	-1.37559e+01	1.446107e+01	
480	4.732800e-02	-7.21570e+00	-1.37566e+01	1.446107e+01	
481	4.742800e-02	-6.99660e+00	-1.37573e+01	1.446107e+01	
482	4.752800e-02	-6.77024e+00	-1.37580e+01	1.446107e+01	
483	4.762800e-02	-6.53667e+00	-1.37588e+01	1.446107e+01	
484	4.772800e-02	-6.29629e+00	-1.37595e+01	1.446107e+01	
485	4.782800e-02	-6.04915e+00	-1.37603e+01	1.446107e+01	
486	4.792800e-02	-5.79567e+00	-1.37611e+01	1.446107e+01	
487	4.802800e-02	-5.53593e+00	-1.37619e+01	1.446107e+01	
488	4.812800e-02	-5.27032e+00	-1.37627e+01	1.446107e+01	
489	4.822800e-02	-4.99897e+00	-1.37636e+01	1.446107e+01	
490	4.832800e-02	-4.72226e+00	-1.37644e+01	1.446107e+01	
491	4.842800e-02	-4.44033e+00	-1.37653e+01	1.446107e+01	
492	4.852800e-02	-4.15356e+00	-1.37662e+01	1.446107e+01	
493	4.862800e-02	-3.86211e+00	-1.37671e+01	1.446107e+01	
494	4.872800e-02	-3.56635e+00	-1.37680e+01	1.446107e+01	
495	4.882800e-02	-3.26645e+00	-1.37689e+01	1.446107e+01	
496	4.892800e-02	-2.96277e+00	-1.37699e+01	1.446107e+01	
497	4.902800e-02	-2.65548e+00	-1.37708e+01	1.446107e+01	
498	4.912800e-02	-2.34492e+00	-1.37717e+01	1.446107e+01	
499	4.922800e-02	-2.03124e+00	-1.37727e+01	1.446107e+01	
500	4.932800e-02	-1.71473e+00	-1.37736e+01	1.446107e+01	
501	4.942800e-02	-1.39549e+00	-1.37746e+01	1.446107e+01	
502	4.952800e-02	-1.07368e+00	-1.37756e+01	1.446107e+01	
503	4.962800e-02	-7.49168e-01	-1.37766e+01	1.446107e+01	
504	4.972800e-02	-4.21607e-01	-1.37775e+01	1.446107e+01	
505	4.982800e-02	-8.93230e-02	-1.37785e+01	1.446107e+01	
506	4.992800e-02	2.535869e-01	-1.37795e+01	1.446107e+01	
507	5.002800e-02	6.488148e-01	-1.37805e+01	1.446107e+01	
508	5.012800e-02	1.004535e+00	-1.37813e+01	1.446107e+01	
509	5.022800e-02	1.335295e+00	-1.37819e+01	1.446107e+01	
510	5.032800e-02	1.662748e+00	-1.37826e+01	1.446107e+01	
511	5.042800e-02	1.984076e+00	-1.37832e+01	1.446107e+01	
512	5.052800e-02	2.304994e+00	-1.37839e+01	1.446107e+01	
513	5.062800e-02	2.620894e+00	-1.37845e+01	1.446107e+01	
514	5.072800e-02	2.936535e+00	-1.37851e+01	1.446107e+01	
515	5.082800e-02	3.247187e+00	-1.37857e+01	1.446107e+01	
516	5.092800e-02	3.557021e+00	-1.37864e+01	1.446107e+01	
517	5.102800e-02	3.861642e+00	-1.37870e+01	1.446107e+01	
518	5.112800e-02	4.164792e+00	-1.37876e+01	1.446107e+01	

Index   time            x1.net-_c1-pad1 x1.net-_c1-pad2 x1.net-_q1-pad1 
--------------------------------------------------------------------------------
519	5.122800e-02	4.462410e+00	-1.37882e+01	1.446107e+01	
520	5.132800e-02	4.757872e+00	-1.37888e+01	1.446107e+01	
521	5.142800e-02	5.047439e+00	-1.37893e+01	1.446107e+01	
522	5.152800e-02	5.334168e+00	-1.37899e+01	1.446107e+01	
523	5.162800e-02	5.614618e+00	-1.37905e+01	1.446107e+01	
524	5.172800e-02	5.891564e+00	-1.37910e+01	1.446107e+01	
525	5.182800e-02	6.161841e+00	-1.37916e+01	1.446107e+01	
526	5.192800e-02	6.427969e+00	-1.37921e+01	1.446107e+01	
527	5.202800e-02	6.687040e+00	-1.37926e+01	1.446107e+01	
528	5.212800e-02	6.941343e+00	-1.37931e+01	1.446107e+01	
529	5.222800e-02	7.188208e+00	-1.37936e+01	1.446107e+01	
530	5.232800e-02	7.429716e+00	-1.37941e+01	1.446107e+01	
531	5.242800e-02	7.663417e+00	-1.37946e+01	1.446107e+01	
532	5.252800e-02	7.891206e+00	-1.37950e+01	1.446107e+01	
533	5.262800e-02	8.110832e+00	-1.37955e+01	1.446107e+01	
534	5.272800e-02	8.324023e+00	-1.37959e+01	1.446107e+01	
535	5.282800e-02	8.528717e+00	-1.37963e+01	1.446107e+01	
536	5.292800e-02	8.726486e+00	-1.37967e+01	1.446107e+01	
537	5.302800e-02	8.915445e+00	-1.37971e+01	1.446107e+01	
538	5.312800e-02	9.097028e+00	-1.37975e+01	1.446107e+01	
539	5.322800e-02	9.269509e+00	-1.37978e+01	1.446107e+01	
540	5.332800e-02	9.434203e+00	-1.37982e+01	1.446107e+01	
541	5.342800e-02	9.589529e+00	-1.37985e+01	1.446107e+01	
542	5.352800e-02	9.736692e+00	-1.37988e+01	1.446107e+01	
543	5.362800e-02	9.874252e+00	-1.37991e+01	1.446107e+01	
544	5.372800e-02	1.000331e+01	-1.37993e+01	1.446107e+01	
545	5.382800e-02	1.012257e+01	-1.37996e+01	1.446107e+01	
546	5.392800e-02	1.023302e+01	-1.37998e+01	1.446107e+01	
547	5.402800e-02	1.033350e+01	-1.38000e+01	1.446107e+01	
548	5.412800e-02	1.042492e+01	-1.38002e+01	1.446107e+01	
549	5.422800e-02	1.050622e+01	-1.38003e+01	1.446107e+01	
550	5.432800e-02	1.057826e+01	-1.38005e+01	1.446107e+01	
551	5.442800e-02	1.064006e+01	-1.38006e+01	1.446107e+01	
552	5.452800e-02	1.069243e+01	-1.38007e+01	1.446107e+01	
553	5.462800e-02	1.073448e+01	-1.38008e+01	1.446107e+01	
554	5.472800e-02	1.076698e+01	-1.38009e+01	1.446107e+01	
555	5.482800e-02	1.078913e+01	-1.38009e+01	1.446107e+01	
556	5.492800e-02	1.080163e+01	-1.38009e+01	1.446107e+01	
557	5.502800e-02	1.080378e+01	-1.38009e+01	1.446107e+01	
558	5.512800e-02	1.079624e+01	-1.38009e+01	1.446107e+01	
559	5.522800e-02	1.077838e+01	-1.38009e+01	1.446107e+01	
560	5.532800e-02	1.075083e+01	-1.38008e+01	1.446107e+01	
561	5.542800e-02	1.071303e+01	-1.38008e+01	1.446107e+01	
562	5.552800e-02	1.066558e+01	-1.38007e+01	1.446107e+01	
563	5.562800e-02	1.060799e+01	-1.38005e+01	1.446107e+01	
564	5.572800e-02	1.054082e+01	-1.38004e+01	1.446107e+01	
565	5.582800e-02	1.046366e+01	-1.38002e+01	1.446107e+01	
566	5.592800e-02	1.037704e+01	-1.38001e+01	1.446107e+01	
567	5.602800e-02	1.028061e+01	-1.37999e+01	1.446107e+01	
568	5.612800e-02	1.017488e+01	-1.37997e+01	1.446107e+01	
569	5.622800e-02	1.005956e+01	-1.37994e+01	1.446107e+01	
570	5.632800e-02	9.935140e+00	-1.37992e+01	1.446107e+01	
571	5.642800e-02	9.801376e+00	-1.37989e+01	1.446107e+01	
572	5.652800e-02	9.658753e+00	-1.37986e+01	1.446107e+01	
573	5.662800e-02	9.507070e+00	-1.37983e+01	1.446107e+01	
574	5.672800e-02	9.346801e+00	-1.37980e+01	1.446107e+01	
575	5.682800e-02	9.177792e+00	-1.37976e+01	1.446107e+01	
576	5.692800e-02	9.000505e+00	-1.37973e+01	1.446107e+01	

Index   time            x1.net-_c1-pad1 x1.net-_c1-pad2 x1.net-_q1-pad1 
--------------------------------------------------------------------------------
577	5.702800e-02	8.814828e+00	-1.37969e+01	1.446107e+01	
578	5.712800e-02	8.621216e+00	-1.37965e+01	1.446107e+01	
579	5.722800e-02	8.419596e+00	-1.37961e+01	1.446107e+01	
580	5.732800e-02	8.210414e+00	-1.37957e+01	1.446107e+01	
581	5.742800e-02	7.993635e+00	-1.37952e+01	1.446107e+01	
582	5.752800e-02	7.769698e+00	-1.37948e+01	1.446107e+01	
583	5.762800e-02	7.538602e+00	-1.37943e+01	1.446107e+01	
584	5.772800e-02	7.300779e+00	-1.37938e+01	1.446107e+01	
585	5.782800e-02	7.056260e+00	-1.37933e+01	1.446107e+01	
586	5.792800e-02	6.805472e+00	-1.37928e+01	1.446107e+01	
587	5.802800e-02	6.548472e+00	-1.37923e+01	1.446107e+01	
588	5.812800e-02	6.285684e+00	-1.37918e+01	1.446107e+01	
589	5.822800e-02	6.017189e+00	-1.37913e+01	1.446107e+01	
590	5.832800e-02	5.743405e+00	-1.37907e+01	1.446107e+01	
591	5.842800e-02	5.464436e+00	-1.37901e+01	1.446107e+01	
592	5.852800e-02	5.180691e+00	-1.37896e+01	1.446107e+01	
593	5.862800e-02	4.892293e+00	-1.37890e+01	1.446107e+01	
594	5.872800e-02	4.599643e+00	-1.37884e+01	1.446107e+01	
595	5.882800e-02	4.302875e+00	-1.37878e+01	1.446107e+01	
596	5.892800e-02	4.002376e+00	-1.37872e+01	1.446107e+01	
597	5.902800e-02	3.698286e+00	-1.37866e+01	1.446107e+01	
598	5.912800e-02	3.390965e+00	-1.37860e+01	1.446107e+01	
599	5.922800e-02	3.080542e+00	-1.37854e+01	1.446107e+01	
600	5.932800e-02	2.767327e+00	-1.37848e+01	1.446107e+01	
601	5.942800e-02	2.451390e+00	-1.37841e+01	1.446107e+01	
602	5.952800e-02	2.132915e+00	-1.37835e+01	1.446107e+01	
603	5.962800e-02	1.811752e+00	-1.37829e+01	1.446107e+01	
604	5.972800e-02	1.487592e+00	-1.37822e+01	1.446107e+01	
605	5.982800e-02	1.158807e+00	-1.37815e+01	1.446107e+01	
606	5.992800e-02	8.198756e-01	-1.37809e+01	1.446107e+01	
607	6.002800e-02	4.277653e-01	-1.37800e+01	1.446107e+01	
608	6.012800e-02	6.690347e-02	-1.37790e+01	1.446107e+01	
609	6.022800e-02	-2.67698e-01	-1.37780e+01	1.446107e+01	
610	6.032800e-02	-5.98942e-01	-1.37770e+01	1.446107e+01	
611	6.042800e-02	-9.23423e-01	-1.37760e+01	1.446107e+01	
612	6.052800e-02	-1.24734e+00	-1.37750e+01	1.446107e+01	
613	6.062800e-02	-1.56676e+00	-1.37741e+01	1.446107e+01	
614	6.072800e-02	-1.88552e+00	-1.37731e+01	1.446107e+01	
615	6.082800e-02	-2.19962e+00	-1.37722e+01	1.446107e+01	
616	6.092800e-02	-2.51254e+00	-1.37712e+01	1.446107e+01	
617	6.102800e-02	-2.82053e+00	-1.37703e+01	1.446107e+01	
618	6.112800e-02	-3.12672e+00	-1.37693e+01	1.446107e+01	
619	6.122800e-02	-3.42764e+00	-1.37684e+01	1.446107e+01	
620	6.132800e-02	-3.72609e+00	-1.37675e+01	1.446107e+01	
621	6.142800e-02	-4.01886e+00	-1.37666e+01	1.446107e+01	
622	6.152800e-02	-4.30851e+00	-1.37657e+01	1.446107e+01	
623	6.162800e-02	-4.59207e+00	-1.37648e+01	1.446107e+01	
624	6.172800e-02	-4.87184e+00	-1.37640e+01	1.446107e+01	
625	6.182800e-02	-5.14512e+00	-1.37631e+01	1.446107e+01	
626	6.192800e-02	-5.41398e+00	-1.37623e+01	1.446107e+01	
627	6.202800e-02	-5.67593e+00	-1.37614e+01	1.446107e+01	
628	6.212800e-02	-5.93285e+00	-1.37606e+01	1.446107e+01	
629	6.222800e-02	-6.18247e+00	-1.37599e+01	1.446107e+01	
630	6.232800e-02	-6.42647e+00	-1.37591e+01	1.446107e+01	
631	6.242800e-02	-6.66278e+00	-1.37583e+01	1.446107e+01	
632	6.252800e-02	-6.89293e+00	-1.37576e+01	1.446107e+01	
633	6.262800e-02	-7.11501e+00	-1.37569e+01	1.446107e+01	
634	6.272800e-02	-7.33042e+00	-1.37562e+01	1.446107e+01	

Index   time            x1.net-_c1-pad1 x1.net-_c1-pad2 x1.net-_q1-pad1 
--------------------------------------------------------------------------------
635	6.282800e-02	-7.53740e+00	-1.37556e+01	1.446107e+01	
636	6.292800e-02	-7.73724e+00	-1.37549e+01	1.446107e+01	
637	6.302800e-02	-7.92831e+00	-1.37543e+01	1.446107e+01	
638	6.312800e-02	-8.11179e+00	-1.37537e+01	1.446107e+01	
639	6.322800e-02	-8.28621e+00	-1.37532e+01	1.446107e+01	
640	6.332800e-02	-8.45263e+00	-1.37526e+01	1.446107e+01	
641	6.342800e-02	-8.60970e+00	-1.37521e+01	1.446107e+01	
642	6.352800e-02	-8.75841e+00	-1.37517e+01	1.446107e+01	
643	6.362800e-02	-8.89752e+00	-1.37512e+01	1.446107e+01	
644	6.372800e-02	-9.02793e+00	-1.37508e+01	1.446107e+01	
645	6.382800e-02	-9.14854e+00	-1.37504e+01	1.446107e+01	
646	6.392800e-02	-9.26015e+00	-1.37500e+01	1.446107e+01	
647	6.402800e-02	-9.36177e+00	-1.37497e+01	1.446107e+01	
648	6.412800e-02	-9.45414e+00	-1.37494e+01	1.446107e+01	
649	6.422800e-02	-9.53637e+00	-1.37491e+01	1.446107e+01	
650	6.432800e-02	-9.60916e+00	-1.37489e+01	1.446107e+01	
651	6.442800e-02	-9.67167e+00	-1.37487e+01	1.446107e+01	
652	6.452800e-02	-9.72458e+00	-1.37485e+01	1.446107e+01	
653	6.462800e-02	-9.76713e+00	-1.37484e+01	1.446107e+01	
654	6.472800e-02	-9.79995e+00	-1.37483e+01	1.446107e+01	
655	6.482800e-02	-9.82238e+00	-1.37482e+01	1.446107e+01	
656	6.492800e-02	-9.83499e+00	-1.37482e+01	1.446107e+01	
657	6.502800e-02	-9.83720e+00	-1.37481e+01	1.446107e+01	
658	6.512800e-02	-9.82954e+00	-1.37482e+01	1.446107e+01	
659	6.522800e-02	-9.81152e+00	-1.37482e+01	1.446107e+01	
660	6.532800e-02	-9.78364e+00	-1.37483e+01	1.446107e+01	
661	6.542800e-02	-9.74546e+00	-1.37484e+01	1.446107e+01	
662	6.552800e-02	-9.69747e+00	-1.37486e+01	1.446107e+01	
663	6.562800e-02	-9.63927e+00	-1.37488e+01	1.446107e+01	
664	6.572800e-02	-9.57135e+00	-1.37490e+01	1.446107e+01	
665	6.582800e-02	-9.49337e+00	-1.37493e+01	1.446107e+01	
666	6.592800e-02	-9.40579e+00	-1.37496e+01	1.446107e+01	
667	6.602800e-02	-9.30833e+00	-1.37499e+01	1.446107e+01	
668	6.612800e-02	-9.20143e+00	-1.37502e+01	1.446107e+01	
669	6.622800e-02	-9.08488e+00	-1.37506e+01	1.446107e+01	
670	6.632800e-02	-8.95909e+00	-1.37510e+01	1.446107e+01	
671	6.642800e-02	-8.82389e+00	-1.37514e+01	1.446107e+01	
672	6.652800e-02	-8.67970e+00	-1.37519e+01	1.446107e+01	
673	6.662800e-02	-8.52639e+00	-1.37524e+01	1.446107e+01	
674	6.672800e-02	-8.36437e+00	-1.37529e+01	1.446107e+01	
675	6.682800e-02	-8.19354e+00	-1.37535e+01	1.446107e+01	
676	6.692800e-02	-8.01432e+00	-1.37541e+01	1.446107e+01	
677	6.702800e-02	-7.82665e+00	-1.37547e+01	1.446107e+01	
678	6.712800e-02	-7.63094e+00	-1.37553e+01	1.446107e+01	
679	6.722800e-02	-7.42715e+00	-1.37559e+01	1.446107e+01	
680	6.732800e-02	-7.21570e+00	-1.37566e+01	1.446107e+01	
681	6.742800e-02	-6.99660e+00	-1.37573e+01	1.446107e+01	
682	6.752800e-02	-6.77024e+00	-1.37580e+01	1.446107e+01	
683	6.762800e-02	-6.53667e+00	-1.37588e+01	1.446107e+01	
684	6.772800e-02	-6.29629e+00	-1.37595e+01	1.446107e+01	
685	6.782800e-02	-6.04915e+00	-1.37603e+01	1.446107e+01	
686	6.792800e-02	-5.79567e+00	-1.37611e+01	1.446107e+01	
687	6.802800e-02	-5.53593e+00	-1.37619e+01	1.446107e+01	
688	6.812800e-02	-5.27032e+00	-1.37627e+01	1.446107e+01	
689	6.822800e-02	-4.99897e+00	-1.37636e+01	1.446107e+01	
690	6.832800e-02	-4.72226e+00	-1.37644e+01	1.446107e+01	
691	6.842800e-02	-4.44033e+00	-1.37653e+01	1.446107e+01	
692	6.852800e-02	-4.15356e+00	-1.37662e+01	1.446107e+01	

Index   time            x1.net-_c1-pad1 x1.net-_c1-pad2 x1.net-_q1-pad1 
--------------------------------------------------------------------------------
693	6.862800e-02	-3.86211e+00	-1.37671e+01	1.446107e+01	
694	6.872800e-02	-3.56635e+00	-1.37680e+01	1.446107e+01	
695	6.882800e-02	-3.26645e+00	-1.37689e+01	1.446107e+01	
696	6.892800e-02	-2.96277e+00	-1.37699e+01	1.446107e+01	
697	6.902800e-02	-2.65548e+00	-1.37708e+01	1.446107e+01	
698	6.912800e-02	-2.34492e+00	-1.37717e+01	1.446107e+01	
699	6.922800e-02	-2.03124e+00	-1.37727e+01	1.446107e+01	
700	6.932800e-02	-1.71473e+00	-1.37736e+01	1.446107e+01	
701	6.942800e-02	-1.39549e+00	-1.37746e+01	1.446107e+01	
702	6.952800e-02	-1.07368e+00	-1.37756e+01	1.446107e+01	
703	6.962800e-02	-7.49168e-01	-1.37766e+01	1.446107e+01	
704	6.972800e-02	-4.21607e-01	-1.37775e+01	1.446107e+01	
705	6.982800e-02	-8.93230e-02	-1.37785e+01	1.446107e+01	
706	6.992800e-02	2.535870e-01	-1.37795e+01	1.446107e+01	
707	7.002800e-02	6.488141e-01	-1.37805e+01	1.446107e+01	
708	7.012800e-02	1.004536e+00	-1.37813e+01	1.446107e+01	
709	7.022800e-02	1.335295e+00	-1.37819e+01	1.446107e+01	
710	7.032800e-02	1.662748e+00	-1.37826e+01	1.446107e+01	
711	7.042800e-02	1.984076e+00	-1.37832e+01	1.446107e+01	
712	7.052800e-02	2.304994e+00	-1.37839e+01	1.446107e+01	
713	7.062800e-02	2.620894e+00	-1.37845e+01	1.446107e+01	
714	7.072800e-02	2.936535e+00	-1.37851e+01	1.446107e+01	
715	7.082800e-02	3.247186e+00	-1.37857e+01	1.446107e+01	
716	7.092800e-02	3.557021e+00	-1.37864e+01	1.446107e+01	
717	7.102800e-02	3.861642e+00	-1.37870e+01	1.446107e+01	
718	7.112800e-02	4.164793e+00	-1.37876e+01	1.446107e+01	
719	7.122800e-02	4.462409e+00	-1.37882e+01	1.446107e+01	
720	7.132800e-02	4.757873e+00	-1.37888e+01	1.446107e+01	
721	7.142800e-02	5.047438e+00	-1.37893e+01	1.446107e+01	
722	7.152800e-02	5.334168e+00	-1.37899e+01	1.446107e+01	
723	7.162800e-02	5.614618e+00	-1.37905e+01	1.446107e+01	
724	7.172800e-02	5.891564e+00	-1.37910e+01	1.446107e+01	
725	7.182800e-02	6.161841e+00	-1.37916e+01	1.446107e+01	
726	7.192800e-02	6.427969e+00	-1.37921e+01	1.446107e+01	
727	7.202800e-02	6.687039e+00	-1.37926e+01	1.446107e+01	
728	7.212800e-02	6.941343e+00	-1.37931e+01	1.446107e+01	
729	7.222800e-02	7.188207e+00	-1.37936e+01	1.446107e+01	
730	7.232800e-02	7.429717e+00	-1.37941e+01	1.446107e+01	
731	7.242800e-02	7.663417e+00	-1.37946e+01	1.446107e+01	
732	7.252800e-02	7.891206e+00	-1.37950e+01	1.446107e+01	
733	7.262800e-02	8.110832e+00	-1.37955e+01	1.446107e+01	
734	7.272800e-02	8.324023e+00	-1.37959e+01	1.446107e+01	
735	7.282800e-02	8.528716e+00	-1.37963e+01	1.446107e+01	
736	7.292800e-02	8.726487e+00	-1.37967e+01	1.446107e+01	
737	7.302800e-02	8.915444e+00	-1.37971e+01	1.446107e+01	
738	7.312800e-02	9.097028e+00	-1.37975e+01	1.446107e+01	
739	7.322800e-02	9.269509e+00	-1.37978e+01	1.446107e+01	
740	7.332800e-02	9.434203e+00	-1.37982e+01	1.446107e+01	
741	7.342800e-02	9.589529e+00	-1.37985e+01	1.446107e+01	
742	7.352800e-02	9.736692e+00	-1.37988e+01	1.446107e+01	
743	7.362800e-02	9.874252e+00	-1.37991e+01	1.446107e+01	
744	7.372800e-02	1.000331e+01	-1.37993e+01	1.446107e+01	
745	7.382800e-02	1.012256e+01	-1.37996e+01	1.446107e+01	
746	7.392800e-02	1.023302e+01	-1.37998e+01	1.446107e+01	
747	7.402800e-02	1.033350e+01	-1.38000e+01	1.446107e+01	
748	7.412800e-02	1.042492e+01	-1.38002e+01	1.446107e+01	
749	7.422800e-02	1.050622e+01	-1.38003e+01	1.446107e+01	
750	7.432800e-02	1.057826e+01	-1.38005e+01	1.446107e+01	

Index   time            x1.net-_c1-pad1 x1.net-_c1-pad2 x1.net-_q1-pad1 
--------------------------------------------------------------------------------
751	7.442800e-02	1.064006e+01	-1.38006e+01	1.446107e+01	
752	7.452800e-02	1.069243e+01	-1.38007e+01	1.446107e+01	
753	7.462800e-02	1.073448e+01	-1.38008e+01	1.446107e+01	
754	7.472800e-02	1.076698e+01	-1.38009e+01	1.446107e+01	
755	7.482800e-02	1.078913e+01	-1.38009e+01	1.446107e+01	
756	7.492800e-02	1.080163e+01	-1.38009e+01	1.446107e+01	
757	7.502800e-02	1.080378e+01	-1.38009e+01	1.446107e+01	
758	7.512800e-02	1.079624e+01	-1.38009e+01	1.446107e+01	
759	7.522800e-02	1.077838e+01	-1.38009e+01	1.446107e+01	
760	7.532800e-02	1.075083e+01	-1.38008e+01	1.446107e+01	
761	7.542800e-02	1.071303e+01	-1.38008e+01	1.446107e+01	
762	7.552800e-02	1.066558e+01	-1.38007e+01	1.446107e+01	
763	7.562800e-02	1.060799e+01	-1.38005e+01	1.446107e+01	
764	7.572800e-02	1.054082e+01	-1.38004e+01	1.446107e+01	
765	7.582800e-02	1.046366e+01	-1.38002e+01	1.446107e+01	
766	7.592800e-02	1.037704e+01	-1.38001e+01	1.446107e+01	
767	7.602800e-02	1.028061e+01	-1.37999e+01	1.446107e+01	
768	7.612800e-02	1.017488e+01	-1.37997e+01	1.446107e+01	
769	7.622800e-02	1.005956e+01	-1.37994e+01	1.446107e+01	
770	7.632800e-02	9.935140e+00	-1.37992e+01	1.446107e+01	
771	7.642800e-02	9.801376e+00	-1.37989e+01	1.446107e+01	
772	7.652800e-02	9.658753e+00	-1.37986e+01	1.446107e+01	
773	7.662800e-02	9.507070e+00	-1.37983e+01	1.446107e+01	
774	7.672800e-02	9.346801e+00	-1.37980e+01	1.446107e+01	
775	7.682800e-02	9.177792e+00	-1.37976e+01	1.446107e+01	
776	7.692800e-02	9.000505e+00	-1.37973e+01	1.446107e+01	
777	7.702800e-02	8.814828e+00	-1.37969e+01	1.446107e+01	
778	7.712800e-02	8.621216e+00	-1.37965e+01	1.446107e+01	
779	7.722800e-02	8.419596e+00	-1.37961e+01	1.446107e+01	
780	7.732800e-02	8.210414e+00	-1.37957e+01	1.446107e+01	
781	7.742800e-02	7.993635e+00	-1.37952e+01	1.446107e+01	
782	7.752800e-02	7.769698e+00	-1.37948e+01	1.446107e+01	
783	7.762800e-02	7.538602e+00	-1.37943e+01	1.446107e+01	
784	7.772800e-02	7.300779e+00	-1.37938e+01	1.446107e+01	
785	7.782800e-02	7.056260e+00	-1.37933e+01	1.446107e+01	
786	7.792800e-02	6.805472e+00	-1.37928e+01	1.446107e+01	
787	7.802800e-02	6.548472e+00	-1.37923e+01	1.446107e+01	
788	7.812800e-02	6.285684e+00	-1.37918e+01	1.446107e+01	
789	7.822800e-02	6.017189e+00	-1.37913e+01	1.446107e+01	
790	7.832800e-02	5.743405e+00	-1.37907e+01	1.446107e+01	
791	7.842800e-02	5.464436e+00	-1.37901e+01	1.446107e+01	
792	7.852800e-02	5.180691e+00	-1.37896e+01	1.446107e+01	
793	7.862800e-02	4.892293e+00	-1.37890e+01	1.446107e+01	
794	7.872800e-02	4.599643e+00	-1.37884e+01	1.446107e+01	
795	7.882800e-02	4.302875e+00	-1.37878e+01	1.446107e+01	
796	7.892800e-02	4.002376e+00	-1.37872e+01	1.446107e+01	
797	7.902800e-02	3.698286e+00	-1.37866e+01	1.446107e+01	
798	7.912800e-02	3.390965e+00	-1.37860e+01	1.446107e+01	
799	7.922800e-02	3.080542e+00	-1.37854e+01	1.446107e+01	
800	7.932800e-02	2.767327e+00	-1.37848e+01	1.446107e+01	
801	7.942800e-02	2.451390e+00	-1.37841e+01	1.446107e+01	
802	7.952800e-02	2.132915e+00	-1.37835e+01	1.446107e+01	
803	7.962800e-02	1.811752e+00	-1.37829e+01	1.446107e+01	
804	7.972800e-02	1.487592e+00	-1.37822e+01	1.446107e+01	
805	7.982800e-02	1.158807e+00	-1.37815e+01	1.446107e+01	
806	7.992800e-02	8.198757e-01	-1.37809e+01	1.446107e+01	
807	8.002800e-02	4.277657e-01	-1.37800e+01	1.446107e+01	
808	8.012800e-02	6.690296e-02	-1.37790e+01	1.446107e+01	

Index   time            x1.net-_c1-pad1 x1.net-_c1-pad2 x1.net-_q1-pad1 
--------------------------------------------------------------------------------
809	8.022800e-02	-2.67697e-01	-1.37780e+01	1.446107e+01	
810	8.032800e-02	-5.98943e-01	-1.37770e+01	1.446107e+01	
811	8.042800e-02	-9.23423e-01	-1.37760e+01	1.446107e+01	
812	8.052800e-02	-1.24734e+00	-1.37750e+01	1.446107e+01	
813	8.062800e-02	-1.56675e+00	-1.37741e+01	1.446107e+01	
814	8.072800e-02	-1.88552e+00	-1.37731e+01	1.446107e+01	
815	8.082800e-02	-2.19961e+00	-1.37722e+01	1.446107e+01	
816	8.092800e-02	-2.51254e+00	-1.37712e+01	1.446107e+01	
817	8.102800e-02	-2.82053e+00	-1.37703e+01	1.446107e+01	
818	8.112800e-02	-3.12672e+00	-1.37693e+01	1.446107e+01	
819	8.122800e-02	-3.42764e+00	-1.37684e+01	1.446107e+01	
820	8.132800e-02	-3.72609e+00	-1.37675e+01	1.446107e+01	
821	8.142800e-02	-4.01886e+00	-1.37666e+01	1.446107e+01	
822	8.152800e-02	-4.30851e+00	-1.37657e+01	1.446107e+01	
823	8.162800e-02	-4.59207e+00	-1.37648e+01	1.446107e+01	
824	8.172800e-02	-4.87184e+00	-1.37640e+01	1.446107e+01	
825	8.182800e-02	-5.14512e+00	-1.37631e+01	1.446107e+01	
826	8.192800e-02	-5.41398e+00	-1.37623e+01	1.446107e+01	
827	8.202800e-02	-5.67593e+00	-1.37614e+01	1.446107e+01	
828	8.212800e-02	-5.93285e+00	-1.37606e+01	1.446107e+01	
829	8.222800e-02	-6.18247e+00	-1.37599e+01	1.446107e+01	
830	8.232800e-02	-6.42647e+00	-1.37591e+01	1.446107e+01	
831	8.242800e-02	-6.66278e+00	-1.37583e+01	1.446107e+01	
832	8.252800e-02	-6.89293e+00	-1.37576e+01	1.446107e+01	
833	8.262800e-02	-7.11501e+00	-1.37569e+01	1.446107e+01	
834	8.272800e-02	-7.33042e+00	-1.37562e+01	1.446107e+01	
835	8.282800e-02	-7.53740e+00	-1.37556e+01	1.446107e+01	
836	8.292800e-02	-7.73724e+00	-1.37549e+01	1.446107e+01	
837	8.302800e-02	-7.92831e+00	-1.37543e+01	1.446107e+01	
838	8.312800e-02	-8.11179e+00	-1.37537e+01	1.446107e+01	
839	8.322800e-02	-8.28621e+00	-1.37532e+01	1.446107e+01	
840	8.332800e-02	-8.45263e+00	-1.37526e+01	1.446107e+01	
841	8.342800e-02	-8.60970e+00	-1.37521e+01	1.446107e+01	
842	8.352800e-02	-8.75841e+00	-1.37517e+01	1.446107e+01	
843	8.362800e-02	-8.89752e+00	-1.37512e+01	1.446107e+01	
844	8.372800e-02	-9.02793e+00	-1.37508e+01	1.446107e+01	
845	8.382800e-02	-9.14854e+00	-1.37504e+01	1.446107e+01	
846	8.392800e-02	-9.26015e+00	-1.37500e+01	1.446107e+01	
847	8.402800e-02	-9.36177e+00	-1.37497e+01	1.446107e+01	
848	8.412800e-02	-9.45414e+00	-1.37494e+01	1.446107e+01	
849	8.422800e-02	-9.53637e+00	-1.37491e+01	1.446107e+01	
850	8.432800e-02	-9.60916e+00	-1.37489e+01	1.446107e+01	
851	8.442800e-02	-9.67167e+00	-1.37487e+01	1.446107e+01	
852	8.452800e-02	-9.72458e+00	-1.37485e+01	1.446107e+01	
853	8.462800e-02	-9.76713e+00	-1.37484e+01	1.446107e+01	
854	8.472800e-02	-9.79995e+00	-1.37483e+01	1.446107e+01	
855	8.482800e-02	-9.82238e+00	-1.37482e+01	1.446107e+01	
856	8.492800e-02	-9.83499e+00	-1.37482e+01	1.446107e+01	
857	8.502800e-02	-9.83720e+00	-1.37481e+01	1.446107e+01	
858	8.512800e-02	-9.82954e+00	-1.37482e+01	1.446107e+01	
859	8.522800e-02	-9.81152e+00	-1.37482e+01	1.446107e+01	
860	8.532800e-02	-9.78364e+00	-1.37483e+01	1.446107e+01	
861	8.542800e-02	-9.74546e+00	-1.37484e+01	1.446107e+01	
862	8.552800e-02	-9.69747e+00	-1.37486e+01	1.446107e+01	
863	8.562800e-02	-9.63927e+00	-1.37488e+01	1.446107e+01	
864	8.572800e-02	-9.57135e+00	-1.37490e+01	1.446107e+01	
865	8.582800e-02	-9.49337e+00	-1.37493e+01	1.446107e+01	
866	8.592800e-02	-9.40579e+00	-1.37496e+01	1.446107e+01	

Index   time            x1.net-_c1-pad1 x1.net-_c1-pad2 x1.net-_q1-pad1 
--------------------------------------------------------------------------------
867	8.602800e-02	-9.30833e+00	-1.37499e+01	1.446107e+01	
868	8.612800e-02	-9.20143e+00	-1.37502e+01	1.446107e+01	
869	8.622800e-02	-9.08488e+00	-1.37506e+01	1.446107e+01	
870	8.632800e-02	-8.95909e+00	-1.37510e+01	1.446107e+01	
871	8.642800e-02	-8.82389e+00	-1.37514e+01	1.446107e+01	
872	8.652800e-02	-8.67970e+00	-1.37519e+01	1.446107e+01	
873	8.662800e-02	-8.52639e+00	-1.37524e+01	1.446107e+01	
874	8.672800e-02	-8.36437e+00	-1.37529e+01	1.446107e+01	
875	8.682800e-02	-8.19354e+00	-1.37535e+01	1.446107e+01	
876	8.692800e-02	-8.01432e+00	-1.37541e+01	1.446107e+01	
877	8.702800e-02	-7.82665e+00	-1.37547e+01	1.446107e+01	
878	8.712800e-02	-7.63094e+00	-1.37553e+01	1.446107e+01	
879	8.722800e-02	-7.42715e+00	-1.37559e+01	1.446107e+01	
880	8.732800e-02	-7.21570e+00	-1.37566e+01	1.446107e+01	
881	8.742800e-02	-6.99660e+00	-1.37573e+01	1.446107e+01	
882	8.752800e-02	-6.77024e+00	-1.37580e+01	1.446107e+01	
883	8.762800e-02	-6.53667e+00	-1.37588e+01	1.446107e+01	
884	8.772800e-02	-6.29629e+00	-1.37595e+01	1.446107e+01	
885	8.782800e-02	-6.04915e+00	-1.37603e+01	1.446107e+01	
886	8.792800e-02	-5.79567e+00	-1.37611e+01	1.446107e+01	
887	8.802800e-02	-5.53593e+00	-1.37619e+01	1.446107e+01	
888	8.812800e-02	-5.27032e+00	-1.37627e+01	1.446107e+01	
889	8.822800e-02	-4.99897e+00	-1.37636e+01	1.446107e+01	
890	8.832800e-02	-4.72226e+00	-1.37644e+01	1.446107e+01	
891	8.842800e-02	-4.44033e+00	-1.37653e+01	1.446107e+01	
892	8.852800e-02	-4.15356e+00	-1.37662e+01	1.446107e+01	
893	8.862800e-02	-3.86211e+00	-1.37671e+01	1.446107e+01	
894	8.872800e-02	-3.56635e+00	-1.37680e+01	1.446107e+01	
895	8.882800e-02	-3.26645e+00	-1.37689e+01	1.446107e+01	
896	8.892800e-02	-2.96277e+00	-1.37699e+01	1.446107e+01	
897	8.902800e-02	-2.65548e+00	-1.37708e+01	1.446107e+01	
898	8.912800e-02	-2.34492e+00	-1.37717e+01	1.446107e+01	
899	8.922800e-02	-2.03124e+00	-1.37727e+01	1.446107e+01	
900	8.932800e-02	-1.71473e+00	-1.37736e+01	1.446107e+01	
901	8.942800e-02	-1.39549e+00	-1.37746e+01	1.446107e+01	
902	8.952800e-02	-1.07368e+00	-1.37756e+01	1.446107e+01	
903	8.962800e-02	-7.49169e-01	-1.37766e+01	1.446107e+01	
904	8.972800e-02	-4.21607e-01	-1.37775e+01	1.446107e+01	
905	8.982800e-02	-8.93231e-02	-1.37785e+01	1.446107e+01	
906	8.992800e-02	2.535871e-01	-1.37795e+01	1.446107e+01	
907	9.002800e-02	6.488133e-01	-1.37805e+01	1.446107e+01	
908	9.012800e-02	1.004536e+00	-1.37813e+01	1.446107e+01	
909	9.022800e-02	1.335294e+00	-1.37819e+01	1.446107e+01	
910	9.032800e-02	1.662749e+00	-1.37826e+01	1.446107e+01	
911	9.042800e-02	1.984075e+00	-1.37832e+01	1.446107e+01	
912	9.052800e-02	2.304995e+00	-1.37839e+01	1.446107e+01	
913	9.062800e-02	2.620893e+00	-1.37845e+01	1.446107e+01	
914	9.072800e-02	2.936536e+00	-1.37851e+01	1.446107e+01	
915	9.082800e-02	3.247186e+00	-1.37857e+01	1.446107e+01	
916	9.092800e-02	3.557022e+00	-1.37864e+01	1.446107e+01	
917	9.102800e-02	3.861641e+00	-1.37870e+01	1.446107e+01	
918	9.112800e-02	4.164793e+00	-1.37876e+01	1.446107e+01	
919	9.122800e-02	4.462409e+00	-1.37882e+01	1.446107e+01	
920	9.132800e-02	4.757873e+00	-1.37888e+01	1.446107e+01	
921	9.142800e-02	5.047438e+00	-1.37893e+01	1.446107e+01	
922	9.152800e-02	5.334169e+00	-1.37899e+01	1.446107e+01	
923	9.162800e-02	5.614618e+00	-1.37905e+01	1.446107e+01	
924	9.172800e-02	5.891565e+00	-1.37910e+01	1.446107e+01	

Index   time            x1.net-_c1-pad1 x1.net-_c1-pad2 x1.net-_q1-pad1 
--------------------------------------------------------------------------------
925	9.182800e-02	6.161841e+00	-1.37916e+01	1.446107e+01	
926	9.192800e-02	6.427969e+00	-1.37921e+01	1.446107e+01	
927	9.202800e-02	6.687039e+00	-1.37926e+01	1.446107e+01	
928	9.212800e-02	6.941343e+00	-1.37931e+01	1.446107e+01	
929	9.222800e-02	7.188207e+00	-1.37936e+01	1.446107e+01	
930	9.232800e-02	7.429717e+00	-1.37941e+01	1.446107e+01	
931	9.242800e-02	7.663417e+00	-1.37946e+01	1.446107e+01	
932	9.252800e-02	7.891206e+00	-1.37950e+01	1.446107e+01	
933	9.262800e-02	8.110832e+00	-1.37955e+01	1.446107e+01	
934	9.272800e-02	8.324024e+00	-1.37959e+01	1.446107e+01	
935	9.282800e-02	8.528716e+00	-1.37963e+01	1.446107e+01	
936	9.292800e-02	8.726487e+00	-1.37967e+01	1.446107e+01	
937	9.302800e-02	8.915444e+00	-1.37971e+01	1.446107e+01	
938	9.312800e-02	9.097029e+00	-1.37975e+01	1.446107e+01	
939	9.322800e-02	9.269509e+00	-1.37978e+01	1.446107e+01	
940	9.332800e-02	9.434203e+00	-1.37982e+01	1.446107e+01	
941	9.342800e-02	9.589528e+00	-1.37985e+01	1.446107e+01	
942	9.352800e-02	9.736692e+00	-1.37988e+01	1.446107e+01	
943	9.362800e-02	9.874252e+00	-1.37991e+01	1.446107e+01	
944	9.372800e-02	1.000331e+01	-1.37993e+01	1.446107e+01	
945	9.382800e-02	1.012256e+01	-1.37996e+01	1.446107e+01	
946	9.392800e-02	1.023302e+01	-1.37998e+01	1.446107e+01	
947	9.402800e-02	1.033350e+01	-1.38000e+01	1.446107e+01	
948	9.412800e-02	1.042492e+01	-1.38002e+01	1.446107e+01	
949	9.422800e-02	1.050622e+01	-1.38003e+01	1.446107e+01	
950	9.432800e-02	1.057826e+01	-1.38005e+01	1.446107e+01	
951	9.442800e-02	1.064006e+01	-1.38006e+01	1.446107e+01	
952	9.452800e-02	1.069243e+01	-1.38007e+01	1.446107e+01	
953	9.462800e-02	1.073448e+01	-1.38008e+01	1.446107e+01	
954	9.472800e-02	1.076698e+01	-1.38009e+01	1.446107e+01	
955	9.482800e-02	1.078913e+01	-1.38009e+01	1.446107e+01	
956	9.492800e-02	1.080163e+01	-1.38009e+01	1.446107e+01	
957	9.502800e-02	1.080378e+01	-1.38009e+01	1.446107e+01	
958	9.512800e-02	1.079624e+01	-1.38009e+01	1.446107e+01	
959	9.522800e-02	1.077838e+01	-1.38009e+01	1.446107e+01	
960	9.532800e-02	1.075083e+01	-1.38008e+01	1.446107e+01	
961	9.542800e-02	1.071303e+01	-1.38008e+01	1.446107e+01	
962	9.552800e-02	1.066558e+01	-1.38007e+01	1.446107e+01	
963	9.562800e-02	1.060799e+01	-1.38005e+01	1.446107e+01	
964	9.572800e-02	1.054082e+01	-1.38004e+01	1.446107e+01	
965	9.582800e-02	1.046366e+01	-1.38002e+01	1.446107e+01	
966	9.592800e-02	1.037704e+01	-1.38001e+01	1.446107e+01	
967	9.602800e-02	1.028061e+01	-1.37999e+01	1.446107e+01	
968	9.612800e-02	1.017488e+01	-1.37997e+01	1.446107e+01	
969	9.622800e-02	1.005956e+01	-1.37994e+01	1.446107e+01	
970	9.632800e-02	9.935140e+00	-1.37992e+01	1.446107e+01	
971	9.642800e-02	9.801376e+00	-1.37989e+01	1.446107e+01	
972	9.652800e-02	9.658753e+00	-1.37986e+01	1.446107e+01	
973	9.662800e-02	9.507070e+00	-1.37983e+01	1.446107e+01	
974	9.672800e-02	9.346801e+00	-1.37980e+01	1.446107e+01	
975	9.682800e-02	9.177792e+00	-1.37976e+01	1.446107e+01	
976	9.692800e-02	9.000505e+00	-1.37973e+01	1.446107e+01	
977	9.702800e-02	8.814828e+00	-1.37969e+01	1.446107e+01	
978	9.712800e-02	8.621216e+00	-1.37965e+01	1.446107e+01	
979	9.722800e-02	8.419596e+00	-1.37961e+01	1.446107e+01	
980	9.732800e-02	8.210415e+00	-1.37957e+01	1.446107e+01	
981	9.742800e-02	7.993635e+00	-1.37952e+01	1.446107e+01	
982	9.752800e-02	7.769699e+00	-1.37948e+01	1.446107e+01	

Index   time            x1.net-_c1-pad1 x1.net-_c1-pad2 x1.net-_q1-pad1 
--------------------------------------------------------------------------------
983	9.762800e-02	7.538602e+00	-1.37943e+01	1.446107e+01	
984	9.772800e-02	7.300779e+00	-1.37938e+01	1.446107e+01	
985	9.782800e-02	7.056260e+00	-1.37933e+01	1.446107e+01	
986	9.792800e-02	6.805472e+00	-1.37928e+01	1.446107e+01	
987	9.802800e-02	6.548472e+00	-1.37923e+01	1.446107e+01	
988	9.812800e-02	6.285684e+00	-1.37918e+01	1.446107e+01	
989	9.822800e-02	6.017189e+00	-1.37913e+01	1.446107e+01	
990	9.832800e-02	5.743405e+00	-1.37907e+01	1.446107e+01	
991	9.842800e-02	5.464436e+00	-1.37901e+01	1.446107e+01	
992	9.852800e-02	5.180691e+00	-1.37896e+01	1.446107e+01	
993	9.862800e-02	4.892293e+00	-1.37890e+01	1.446107e+01	
994	9.872800e-02	4.599643e+00	-1.37884e+01	1.446107e+01	
995	9.882800e-02	4.302875e+00	-1.37878e+01	1.446107e+01	
996	9.892800e-02	4.002376e+00	-1.37872e+01	1.446107e+01	
997	9.902800e-02	3.698286e+00	-1.37866e+01	1.446107e+01	
998	9.912800e-02	3.390965e+00	-1.37860e+01	1.446107e+01	
999	9.922800e-02	3.080541e+00	-1.37854e+01	1.446107e+01	
1000	9.932800e-02	2.767327e+00	-1.37848e+01	1.446107e+01	
1001	9.942800e-02	2.451390e+00	-1.37841e+01	1.446107e+01	
1002	9.952800e-02	2.132915e+00	-1.37835e+01	1.446107e+01	
1003	9.962800e-02	1.811752e+00	-1.37829e+01	1.446107e+01	
1004	9.972800e-02	1.487592e+00	-1.37822e+01	1.446107e+01	
1005	9.982800e-02	1.158807e+00	-1.37815e+01	1.446107e+01	
1006	9.992800e-02	8.198758e-01	-1.37809e+01	1.446107e+01	
1007	1.000000e-01	5.455272e-01	-1.37803e+01	1.446107e+01	

                                kicad schematic
                                Transient Analysis  Mon Feb 10 01:04:19  2025
--------------------------------------------------------------------------------
Index   time            x1.net-_q1-pad3 x1.net-_q2-pad3 x1.net-_q3-pad2 
--------------------------------------------------------------------------------
0	0.000000e+00	-5.18373e-01	-5.17856e-01	-1.39498e+01	
1	1.000000e-06	-5.18293e-01	-5.17615e-01	-1.39499e+01	
2	2.000000e-06	-5.18243e-01	-5.17469e-01	-1.39500e+01	
3	4.000000e-06	-5.18184e-01	-5.17294e-01	-1.39500e+01	
4	8.000000e-06	-5.18168e-01	-5.17245e-01	-1.39501e+01	
5	1.600000e-05	-5.18175e-01	-5.17266e-01	-1.39501e+01	
6	3.200000e-05	-5.18187e-01	-5.17303e-01	-1.39500e+01	
7	6.400000e-05	-5.18204e-01	-5.17352e-01	-1.39500e+01	
8	1.280000e-04	-5.18209e-01	-5.17366e-01	-1.39500e+01	
9	2.280000e-04	-5.18210e-01	-5.17371e-01	-1.39500e+01	
10	3.280000e-04	-5.18208e-01	-5.17363e-01	-1.39500e+01	
11	4.280000e-04	-5.18206e-01	-5.17359e-01	-1.39500e+01	
12	5.280000e-04	-5.18204e-01	-5.17350e-01	-1.39500e+01	
13	6.280000e-04	-5.18202e-01	-5.17344e-01	-1.39500e+01	
14	7.280000e-04	-5.18199e-01	-5.17336e-01	-1.39500e+01	
15	8.280000e-04	-5.18197e-01	-5.17330e-01	-1.39500e+01	
16	9.280000e-04	-5.18195e-01	-5.17323e-01	-1.39500e+01	
17	1.028000e-03	-5.18193e-01	-5.17318e-01	-1.39500e+01	
18	1.128000e-03	-5.18191e-01	-5.17311e-01	-1.39500e+01	
19	1.228000e-03	-5.18189e-01	-5.17306e-01	-1.39500e+01	
20	1.328000e-03	-5.18188e-01	-5.17300e-01	-1.39500e+01	
21	1.428000e-03	-5.18186e-01	-5.17297e-01	-1.39500e+01	
22	1.528000e-03	-5.18185e-01	-5.17292e-01	-1.39500e+01	
23	1.628000e-03	-5.18184e-01	-5.17289e-01	-1.39500e+01	
24	1.728000e-03	-5.18183e-01	-5.17284e-01	-1.39500e+01	
25	1.828000e-03	-5.18182e-01	-5.17282e-01	-1.39501e+01	
26	1.928000e-03	-5.18181e-01	-5.17279e-01	-1.39501e+01	
27	2.028000e-03	-5.18181e-01	-5.17278e-01	-1.39501e+01	
28	2.128000e-03	-5.18180e-01	-5.17276e-01	-1.39501e+01	
29	2.228000e-03	-5.18180e-01	-5.17276e-01	-1.39501e+01	
30	2.328000e-03	-5.18180e-01	-5.17274e-01	-1.39501e+01	
31	2.428000e-03	-5.18180e-01	-5.17275e-01	-1.39501e+01	
32	2.528000e-03	-5.18180e-01	-5.17275e-01	-1.39501e+01	
33	2.628000e-03	-5.18181e-01	-5.17277e-01	-1.39501e+01	
34	2.728000e-03	-5.18181e-01	-5.17278e-01	-1.39501e+01	
35	2.828000e-03	-5.18182e-01	-5.17281e-01	-1.39501e+01	
36	2.928000e-03	-5.18183e-01	-5.17283e-01	-1.39500e+01	
37	3.028000e-03	-5.18184e-01	-5.17287e-01	-1.39500e+01	
38	3.128000e-03	-5.18185e-01	-5.17290e-01	-1.39500e+01	
39	3.228000e-03	-5.18187e-01	-5.17295e-01	-1.39500e+01	
40	3.328000e-03	-5.18189e-01	-5.17299e-01	-1.39500e+01	
41	3.428000e-03	-5.18191e-01	-5.17305e-01	-1.39500e+01	
42	3.528000e-03	-5.18193e-01	-5.17311e-01	-1.39500e+01	
43	3.628000e-03	-5.18195e-01	-5.17318e-01	-1.39500e+01	
44	3.728000e-03	-5.18197e-01	-5.17325e-01	-1.39500e+01	
45	3.828000e-03	-5.18200e-01	-5.17333e-01	-1.39500e+01	
46	3.928000e-03	-5.18203e-01	-5.17341e-01	-1.39500e+01	
47	4.028000e-03	-5.18206e-01	-5.17350e-01	-1.39500e+01	
48	4.128000e-03	-5.18209e-01	-5.17359e-01	-1.39500e+01	
49	4.228000e-03	-5.18212e-01	-5.17369e-01	-1.39500e+01	
50	4.328000e-03	-5.18216e-01	-5.17380e-01	-1.39500e+01	
51	4.428000e-03	-5.18220e-01	-5.17391e-01	-1.39500e+01	
52	4.528000e-03	-5.18224e-01	-5.17402e-01	-1.39500e+01	
53	4.628000e-03	-5.18228e-01	-5.17414e-01	-1.39500e+01	
54	4.728000e-03	-5.18232e-01	-5.17427e-01	-1.39500e+01	

Index   time            x1.net-_q1-pad3 x1.net-_q2-pad3 x1.net-_q3-pad2 
--------------------------------------------------------------------------------
55	4.828000e-03	-5.18236e-01	-5.17440e-01	-1.39500e+01	
56	4.928000e-03	-5.18241e-01	-5.17454e-01	-1.39500e+01	
57	5.028000e-03	-5.18246e-01	-5.17468e-01	-1.39500e+01	
58	5.128000e-03	-5.18250e-01	-5.17482e-01	-1.39500e+01	
59	5.228000e-03	-5.18256e-01	-5.17497e-01	-1.39499e+01	
60	5.328000e-03	-5.18261e-01	-5.17512e-01	-1.39499e+01	
61	5.428000e-03	-5.18266e-01	-5.17528e-01	-1.39499e+01	
62	5.528000e-03	-5.18271e-01	-5.17545e-01	-1.39499e+01	
63	5.628000e-03	-5.18277e-01	-5.17561e-01	-1.39499e+01	
64	5.728000e-03	-5.18283e-01	-5.17578e-01	-1.39499e+01	
65	5.828000e-03	-5.18288e-01	-5.17595e-01	-1.39499e+01	
66	5.928000e-03	-5.18294e-01	-5.17613e-01	-1.39499e+01	
67	6.028000e-03	-5.18300e-01	-5.17631e-01	-1.39499e+01	
68	6.128000e-03	-5.18306e-01	-5.17649e-01	-1.39499e+01	
69	6.228000e-03	-5.18312e-01	-5.17667e-01	-1.39499e+01	
70	6.328000e-03	-5.18319e-01	-5.17686e-01	-1.39499e+01	
71	6.428000e-03	-5.18325e-01	-5.17705e-01	-1.39498e+01	
72	6.528000e-03	-5.18331e-01	-5.17724e-01	-1.39498e+01	
73	6.628000e-03	-5.18337e-01	-5.17743e-01	-1.39498e+01	
74	6.728000e-03	-5.18344e-01	-5.17762e-01	-1.39498e+01	
75	6.828000e-03	-5.18350e-01	-5.17781e-01	-1.39498e+01	
76	6.928000e-03	-5.18357e-01	-5.17801e-01	-1.39498e+01	
77	7.028000e-03	-5.18363e-01	-5.17820e-01	-1.39498e+01	
78	7.128000e-03	-5.18370e-01	-5.17840e-01	-1.39498e+01	
79	7.228000e-03	-5.18376e-01	-5.17859e-01	-1.39498e+01	
80	7.328000e-03	-5.18383e-01	-5.17878e-01	-1.39498e+01	
81	7.428000e-03	-5.18389e-01	-5.17898e-01	-1.39498e+01	
82	7.528000e-03	-5.18395e-01	-5.17917e-01	-1.39497e+01	
83	7.628000e-03	-5.18402e-01	-5.17936e-01	-1.39497e+01	
84	7.728000e-03	-5.18408e-01	-5.17955e-01	-1.39497e+01	
85	7.828000e-03	-5.18414e-01	-5.17974e-01	-1.39497e+01	
86	7.928000e-03	-5.18420e-01	-5.17993e-01	-1.39497e+01	
87	8.028000e-03	-5.18427e-01	-5.18011e-01	-1.39497e+01	
88	8.128000e-03	-5.18433e-01	-5.18030e-01	-1.39497e+01	
89	8.228000e-03	-5.18439e-01	-5.18048e-01	-1.39497e+01	
90	8.328000e-03	-5.18444e-01	-5.18066e-01	-1.39497e+01	
91	8.428000e-03	-5.18450e-01	-5.18083e-01	-1.39497e+01	
92	8.528000e-03	-5.18456e-01	-5.18100e-01	-1.39497e+01	
93	8.628000e-03	-5.18461e-01	-5.18117e-01	-1.39497e+01	
94	8.728000e-03	-5.18467e-01	-5.18134e-01	-1.39496e+01	
95	8.828000e-03	-5.18472e-01	-5.18150e-01	-1.39496e+01	
96	8.928000e-03	-5.18477e-01	-5.18166e-01	-1.39496e+01	
97	9.028000e-03	-5.18483e-01	-5.18181e-01	-1.39496e+01	
98	9.128000e-03	-5.18487e-01	-5.18196e-01	-1.39496e+01	
99	9.228000e-03	-5.18492e-01	-5.18211e-01	-1.39496e+01	
100	9.328000e-03	-5.18497e-01	-5.18226e-01	-1.39496e+01	
101	9.428000e-03	-5.18502e-01	-5.18240e-01	-1.39496e+01	
102	9.528000e-03	-5.18506e-01	-5.18254e-01	-1.39496e+01	
103	9.628000e-03	-5.18511e-01	-5.18269e-01	-1.39496e+01	
104	9.728000e-03	-5.18516e-01	-5.18284e-01	-1.39496e+01	
105	9.828000e-03	-5.18522e-01	-5.18303e-01	-1.39496e+01	
106	9.928000e-03	-5.18533e-01	-5.18335e-01	-1.39495e+01	
107	1.002800e-02	-5.18578e-01	-5.18470e-01	-1.39495e+01	
108	1.012800e-02	-5.18503e-01	-5.18245e-01	-1.39496e+01	
109	1.022800e-02	-5.18560e-01	-5.18418e-01	-1.39495e+01	
110	1.032800e-02	-5.18505e-01	-5.18252e-01	-1.39496e+01	
111	1.042800e-02	-5.18560e-01	-5.18417e-01	-1.39495e+01	
112	1.052800e-02	-5.18510e-01	-5.18267e-01	-1.39496e+01	

Index   time            x1.net-_q1-pad3 x1.net-_q2-pad3 x1.net-_q3-pad2 
--------------------------------------------------------------------------------
113	1.062800e-02	-5.18560e-01	-5.18418e-01	-1.39495e+01	
114	1.072800e-02	-5.18515e-01	-5.18281e-01	-1.39496e+01	
115	1.082800e-02	-5.18560e-01	-5.18419e-01	-1.39495e+01	
116	1.092800e-02	-5.18519e-01	-5.18293e-01	-1.39496e+01	
117	1.102800e-02	-5.18560e-01	-5.18419e-01	-1.39495e+01	
118	1.112800e-02	-5.18522e-01	-5.18303e-01	-1.39496e+01	
119	1.122800e-02	-5.18559e-01	-5.18417e-01	-1.39495e+01	
120	1.132800e-02	-5.18524e-01	-5.18311e-01	-1.39496e+01	
121	1.142800e-02	-5.18558e-01	-5.18414e-01	-1.39495e+01	
122	1.152800e-02	-5.18526e-01	-5.18316e-01	-1.39496e+01	
123	1.162800e-02	-5.18557e-01	-5.18409e-01	-1.39495e+01	
124	1.172800e-02	-5.18526e-01	-5.18318e-01	-1.39496e+01	
125	1.182800e-02	-5.18554e-01	-5.18402e-01	-1.39495e+01	
126	1.192800e-02	-5.18526e-01	-5.18318e-01	-1.39496e+01	
127	1.202800e-02	-5.18551e-01	-5.18394e-01	-1.39495e+01	
128	1.212800e-02	-5.18526e-01	-5.18316e-01	-1.39496e+01	
129	1.222800e-02	-5.18548e-01	-5.18384e-01	-1.39495e+01	
130	1.232800e-02	-5.18524e-01	-5.18312e-01	-1.39496e+01	
131	1.242800e-02	-5.18544e-01	-5.18372e-01	-1.39495e+01	
132	1.252800e-02	-5.18522e-01	-5.18305e-01	-1.39496e+01	
133	1.262800e-02	-5.18539e-01	-5.18359e-01	-1.39495e+01	
134	1.272800e-02	-5.18519e-01	-5.18296e-01	-1.39496e+01	
135	1.282800e-02	-5.18534e-01	-5.18344e-01	-1.39495e+01	
136	1.292800e-02	-5.18515e-01	-5.18285e-01	-1.39496e+01	
137	1.302800e-02	-5.18529e-01	-5.18328e-01	-1.39496e+01	
138	1.312800e-02	-5.18511e-01	-5.18272e-01	-1.39496e+01	
139	1.322800e-02	-5.18523e-01	-5.18310e-01	-1.39496e+01	
140	1.332800e-02	-5.18506e-01	-5.18258e-01	-1.39496e+01	
141	1.342800e-02	-5.18516e-01	-5.18290e-01	-1.39496e+01	
142	1.352800e-02	-5.18500e-01	-5.18241e-01	-1.39496e+01	
143	1.362800e-02	-5.18509e-01	-5.18269e-01	-1.39496e+01	
144	1.372800e-02	-5.18494e-01	-5.18223e-01	-1.39496e+01	
145	1.382800e-02	-5.18502e-01	-5.18247e-01	-1.39496e+01	
146	1.392800e-02	-5.18487e-01	-5.18203e-01	-1.39496e+01	
147	1.402800e-02	-5.18494e-01	-5.18224e-01	-1.39496e+01	
148	1.412800e-02	-5.18480e-01	-5.18182e-01	-1.39496e+01	
149	1.422800e-02	-5.18486e-01	-5.18199e-01	-1.39496e+01	
150	1.432800e-02	-5.18472e-01	-5.18159e-01	-1.39496e+01	
151	1.442800e-02	-5.18477e-01	-5.18173e-01	-1.39496e+01	
152	1.452800e-02	-5.18464e-01	-5.18135e-01	-1.39496e+01	
153	1.462800e-02	-5.18468e-01	-5.18146e-01	-1.39496e+01	
154	1.472800e-02	-5.18456e-01	-5.18110e-01	-1.39497e+01	
155	1.482800e-02	-5.18459e-01	-5.18119e-01	-1.39497e+01	
156	1.492800e-02	-5.18447e-01	-5.18084e-01	-1.39497e+01	
157	1.502800e-02	-5.18449e-01	-5.18090e-01	-1.39497e+01	
158	1.512800e-02	-5.18438e-01	-5.18057e-01	-1.39497e+01	
159	1.522800e-02	-5.18439e-01	-5.18061e-01	-1.39497e+01	
160	1.532800e-02	-5.18429e-01	-5.18029e-01	-1.39497e+01	
161	1.542800e-02	-5.18430e-01	-5.18031e-01	-1.39497e+01	
162	1.552800e-02	-5.18420e-01	-5.18001e-01	-1.39497e+01	
163	1.562800e-02	-5.18419e-01	-5.18001e-01	-1.39497e+01	
164	1.572800e-02	-5.18410e-01	-5.17972e-01	-1.39497e+01	
165	1.582800e-02	-5.18409e-01	-5.17971e-01	-1.39497e+01	
166	1.592800e-02	-5.18400e-01	-5.17942e-01	-1.39497e+01	
167	1.602800e-02	-5.18399e-01	-5.17940e-01	-1.39497e+01	
168	1.612800e-02	-5.18390e-01	-5.17912e-01	-1.39498e+01	
169	1.622800e-02	-5.18389e-01	-5.17909e-01	-1.39498e+01	
170	1.632800e-02	-5.18380e-01	-5.17882e-01	-1.39498e+01	

Index   time            x1.net-_q1-pad3 x1.net-_q2-pad3 x1.net-_q3-pad2 
--------------------------------------------------------------------------------
171	1.642800e-02	-5.18378e-01	-5.17878e-01	-1.39498e+01	
172	1.652800e-02	-5.18370e-01	-5.17852e-01	-1.39498e+01	
173	1.662800e-02	-5.18368e-01	-5.17847e-01	-1.39498e+01	
174	1.672800e-02	-5.18360e-01	-5.17822e-01	-1.39498e+01	
175	1.682800e-02	-5.18358e-01	-5.17816e-01	-1.39498e+01	
176	1.692800e-02	-5.18350e-01	-5.17792e-01	-1.39498e+01	
177	1.702800e-02	-5.18347e-01	-5.17785e-01	-1.39498e+01	
178	1.712800e-02	-5.18340e-01	-5.17762e-01	-1.39498e+01	
179	1.722800e-02	-5.18337e-01	-5.17754e-01	-1.39498e+01	
180	1.732800e-02	-5.18330e-01	-5.17733e-01	-1.39498e+01	
181	1.742800e-02	-5.18327e-01	-5.17724e-01	-1.39498e+01	
182	1.752800e-02	-5.18321e-01	-5.17703e-01	-1.39499e+01	
183	1.762800e-02	-5.18317e-01	-5.17695e-01	-1.39499e+01	
184	1.772800e-02	-5.18311e-01	-5.17675e-01	-1.39499e+01	
185	1.782800e-02	-5.18308e-01	-5.17666e-01	-1.39499e+01	
186	1.792800e-02	-5.18302e-01	-5.17647e-01	-1.39499e+01	
187	1.802800e-02	-5.18298e-01	-5.17638e-01	-1.39499e+01	
188	1.812800e-02	-5.18293e-01	-5.17619e-01	-1.39499e+01	
189	1.822800e-02	-5.18289e-01	-5.17610e-01	-1.39499e+01	
190	1.832800e-02	-5.18284e-01	-5.17593e-01	-1.39499e+01	
191	1.842800e-02	-5.18280e-01	-5.17584e-01	-1.39499e+01	
192	1.852800e-02	-5.18275e-01	-5.17567e-01	-1.39499e+01	
193	1.862800e-02	-5.18272e-01	-5.17558e-01	-1.39499e+01	
194	1.872800e-02	-5.18267e-01	-5.17542e-01	-1.39499e+01	
195	1.882800e-02	-5.18264e-01	-5.17533e-01	-1.39499e+01	
196	1.892800e-02	-5.18259e-01	-5.17518e-01	-1.39499e+01	
197	1.902800e-02	-5.18256e-01	-5.17509e-01	-1.39499e+01	
198	1.912800e-02	-5.18251e-01	-5.17495e-01	-1.39500e+01	
199	1.922800e-02	-5.18248e-01	-5.17486e-01	-1.39500e+01	
200	1.932800e-02	-5.18244e-01	-5.17472e-01	-1.39500e+01	
201	1.942800e-02	-5.18241e-01	-5.17463e-01	-1.39500e+01	
202	1.952800e-02	-5.18236e-01	-5.17450e-01	-1.39500e+01	
203	1.962800e-02	-5.18233e-01	-5.17440e-01	-1.39500e+01	
204	1.972800e-02	-5.18229e-01	-5.17426e-01	-1.39500e+01	
205	1.982800e-02	-5.18223e-01	-5.17411e-01	-1.39500e+01	
206	1.992800e-02	-5.18214e-01	-5.17381e-01	-1.39500e+01	
207	2.002800e-02	-5.18167e-01	-5.17244e-01	-1.39501e+01	
208	2.012800e-02	-5.18235e-01	-5.17446e-01	-1.39500e+01	
209	2.022800e-02	-5.18185e-01	-5.17295e-01	-1.39500e+01	
210	2.032800e-02	-5.18232e-01	-5.17434e-01	-1.39500e+01	
211	2.042800e-02	-5.18184e-01	-5.17293e-01	-1.39500e+01	
212	2.052800e-02	-5.18225e-01	-5.17414e-01	-1.39500e+01	
213	2.062800e-02	-5.18181e-01	-5.17284e-01	-1.39501e+01	
214	2.072800e-02	-5.18219e-01	-5.17394e-01	-1.39500e+01	
215	2.082800e-02	-5.18179e-01	-5.17275e-01	-1.39501e+01	
216	2.092800e-02	-5.18213e-01	-5.17376e-01	-1.39500e+01	
217	2.102800e-02	-5.18176e-01	-5.17267e-01	-1.39501e+01	
218	2.112800e-02	-5.18207e-01	-5.17359e-01	-1.39500e+01	
219	2.122800e-02	-5.18174e-01	-5.17260e-01	-1.39501e+01	
220	2.132800e-02	-5.18203e-01	-5.17344e-01	-1.39500e+01	
221	2.142800e-02	-5.18172e-01	-5.17255e-01	-1.39501e+01	
222	2.152800e-02	-5.18198e-01	-5.17332e-01	-1.39500e+01	
223	2.162800e-02	-5.18171e-01	-5.17250e-01	-1.39501e+01	
224	2.172800e-02	-5.18195e-01	-5.17321e-01	-1.39500e+01	
225	2.182800e-02	-5.18170e-01	-5.17247e-01	-1.39501e+01	
226	2.192800e-02	-5.18192e-01	-5.17313e-01	-1.39500e+01	
227	2.202800e-02	-5.18170e-01	-5.17246e-01	-1.39501e+01	
228	2.212800e-02	-5.18190e-01	-5.17306e-01	-1.39500e+01	

Index   time            x1.net-_q1-pad3 x1.net-_q2-pad3 x1.net-_q3-pad2 
--------------------------------------------------------------------------------
229	2.222800e-02	-5.18170e-01	-5.17246e-01	-1.39501e+01	
230	2.232800e-02	-5.18189e-01	-5.17302e-01	-1.39500e+01	
231	2.242800e-02	-5.18171e-01	-5.17248e-01	-1.39501e+01	
232	2.252800e-02	-5.18189e-01	-5.17301e-01	-1.39500e+01	
233	2.262800e-02	-5.18172e-01	-5.17252e-01	-1.39501e+01	
234	2.272800e-02	-5.18189e-01	-5.17301e-01	-1.39500e+01	
235	2.282800e-02	-5.18174e-01	-5.17258e-01	-1.39501e+01	
236	2.292800e-02	-5.18190e-01	-5.17304e-01	-1.39500e+01	
237	2.302800e-02	-5.18177e-01	-5.17266e-01	-1.39501e+01	
238	2.312800e-02	-5.18192e-01	-5.17309e-01	-1.39500e+01	
239	2.322800e-02	-5.18181e-01	-5.17276e-01	-1.39501e+01	
240	2.332800e-02	-5.18195e-01	-5.17317e-01	-1.39500e+01	
241	2.342800e-02	-5.18185e-01	-5.17288e-01	-1.39500e+01	
242	2.352800e-02	-5.18198e-01	-5.17327e-01	-1.39500e+01	
243	2.362800e-02	-5.18190e-01	-5.17302e-01	-1.39500e+01	
244	2.372800e-02	-5.18202e-01	-5.17339e-01	-1.39500e+01	
245	2.382800e-02	-5.18195e-01	-5.17319e-01	-1.39500e+01	
246	2.392800e-02	-5.18207e-01	-5.17354e-01	-1.39500e+01	
247	2.402800e-02	-5.18201e-01	-5.17337e-01	-1.39500e+01	
248	2.412800e-02	-5.18213e-01	-5.17371e-01	-1.39500e+01	
249	2.422800e-02	-5.18208e-01	-5.17357e-01	-1.39500e+01	
250	2.432800e-02	-5.18220e-01	-5.17391e-01	-1.39500e+01	
251	2.442800e-02	-5.18216e-01	-5.17380e-01	-1.39500e+01	
252	2.452800e-02	-5.18227e-01	-5.17412e-01	-1.39500e+01	
253	2.462800e-02	-5.18224e-01	-5.17405e-01	-1.39500e+01	
254	2.472800e-02	-5.18235e-01	-5.17436e-01	-1.39500e+01	
255	2.482800e-02	-5.18233e-01	-5.17431e-01	-1.39500e+01	
256	2.492800e-02	-5.18244e-01	-5.17462e-01	-1.39500e+01	
257	2.502800e-02	-5.18243e-01	-5.17460e-01	-1.39500e+01	
258	2.512800e-02	-5.18253e-01	-5.17490e-01	-1.39499e+01	
259	2.522800e-02	-5.18253e-01	-5.17490e-01	-1.39499e+01	
260	2.532800e-02	-5.18263e-01	-5.17520e-01	-1.39499e+01	
261	2.542800e-02	-5.18264e-01	-5.17522e-01	-1.39499e+01	
262	2.552800e-02	-5.18274e-01	-5.17551e-01	-1.39499e+01	
263	2.562800e-02	-5.18275e-01	-5.17555e-01	-1.39499e+01	
264	2.572800e-02	-5.18285e-01	-5.17584e-01	-1.39499e+01	
265	2.582800e-02	-5.18286e-01	-5.17590e-01	-1.39499e+01	
266	2.592800e-02	-5.18296e-01	-5.17618e-01	-1.39499e+01	
267	2.602800e-02	-5.18298e-01	-5.17626e-01	-1.39499e+01	
268	2.612800e-02	-5.18308e-01	-5.17654e-01	-1.39499e+01	
269	2.622800e-02	-5.18311e-01	-5.17663e-01	-1.39499e+01	
270	2.632800e-02	-5.18320e-01	-5.17690e-01	-1.39499e+01	
271	2.642800e-02	-5.18323e-01	-5.17700e-01	-1.39498e+01	
272	2.652800e-02	-5.18333e-01	-5.17728e-01	-1.39498e+01	
273	2.662800e-02	-5.18336e-01	-5.17739e-01	-1.39498e+01	
274	2.672800e-02	-5.18345e-01	-5.17766e-01	-1.39498e+01	
275	2.682800e-02	-5.18349e-01	-5.17778e-01	-1.39498e+01	
276	2.692800e-02	-5.18358e-01	-5.17804e-01	-1.39498e+01	
277	2.702800e-02	-5.18362e-01	-5.17817e-01	-1.39498e+01	
278	2.712800e-02	-5.18371e-01	-5.17843e-01	-1.39498e+01	
279	2.722800e-02	-5.18375e-01	-5.17856e-01	-1.39498e+01	
280	2.732800e-02	-5.18384e-01	-5.17881e-01	-1.39498e+01	
281	2.742800e-02	-5.18388e-01	-5.17895e-01	-1.39498e+01	
282	2.752800e-02	-5.18396e-01	-5.17920e-01	-1.39497e+01	
283	2.762800e-02	-5.18401e-01	-5.17934e-01	-1.39497e+01	
284	2.772800e-02	-5.18409e-01	-5.17958e-01	-1.39497e+01	
285	2.782800e-02	-5.18413e-01	-5.17972e-01	-1.39497e+01	
286	2.792800e-02	-5.18421e-01	-5.17995e-01	-1.39497e+01	

Index   time            x1.net-_q1-pad3 x1.net-_q2-pad3 x1.net-_q3-pad2 
--------------------------------------------------------------------------------
287	2.802800e-02	-5.18426e-01	-5.18009e-01	-1.39497e+01	
288	2.812800e-02	-5.18433e-01	-5.18032e-01	-1.39497e+01	
289	2.822800e-02	-5.18438e-01	-5.18046e-01	-1.39497e+01	
290	2.832800e-02	-5.18445e-01	-5.18067e-01	-1.39497e+01	
291	2.842800e-02	-5.18450e-01	-5.18081e-01	-1.39497e+01	
292	2.852800e-02	-5.18456e-01	-5.18102e-01	-1.39497e+01	
293	2.862800e-02	-5.18461e-01	-5.18116e-01	-1.39497e+01	
294	2.872800e-02	-5.18467e-01	-5.18135e-01	-1.39496e+01	
295	2.882800e-02	-5.18472e-01	-5.18148e-01	-1.39496e+01	
296	2.892800e-02	-5.18478e-01	-5.18167e-01	-1.39496e+01	
297	2.902800e-02	-5.18482e-01	-5.18180e-01	-1.39496e+01	
298	2.912800e-02	-5.18488e-01	-5.18198e-01	-1.39496e+01	
299	2.922800e-02	-5.18492e-01	-5.18210e-01	-1.39496e+01	
300	2.932800e-02	-5.18498e-01	-5.18227e-01	-1.39496e+01	
301	2.942800e-02	-5.18501e-01	-5.18239e-01	-1.39496e+01	
302	2.952800e-02	-5.18507e-01	-5.18255e-01	-1.39496e+01	
303	2.962800e-02	-5.18511e-01	-5.18268e-01	-1.39496e+01	
304	2.972800e-02	-5.18517e-01	-5.18285e-01	-1.39496e+01	
305	2.982800e-02	-5.18522e-01	-5.18302e-01	-1.39496e+01	
306	2.992800e-02	-5.18533e-01	-5.18336e-01	-1.39495e+01	
307	3.002800e-02	-5.18578e-01	-5.18469e-01	-1.39495e+01	
308	3.012800e-02	-5.18503e-01	-5.18246e-01	-1.39496e+01	
309	3.022800e-02	-5.18560e-01	-5.18417e-01	-1.39495e+01	
310	3.032800e-02	-5.18505e-01	-5.18253e-01	-1.39496e+01	
311	3.042800e-02	-5.18560e-01	-5.18416e-01	-1.39495e+01	
312	3.052800e-02	-5.18510e-01	-5.18267e-01	-1.39496e+01	
313	3.062800e-02	-5.18560e-01	-5.18417e-01	-1.39495e+01	
314	3.072800e-02	-5.18515e-01	-5.18282e-01	-1.39496e+01	
315	3.082800e-02	-5.18560e-01	-5.18418e-01	-1.39495e+01	
316	3.092800e-02	-5.18519e-01	-5.18294e-01	-1.39496e+01	
317	3.102800e-02	-5.18560e-01	-5.18418e-01	-1.39495e+01	
318	3.112800e-02	-5.18522e-01	-5.18304e-01	-1.39496e+01	
319	3.122800e-02	-5.18559e-01	-5.18416e-01	-1.39495e+01	
320	3.132800e-02	-5.18524e-01	-5.18311e-01	-1.39496e+01	
321	3.142800e-02	-5.18558e-01	-5.18413e-01	-1.39495e+01	
322	3.152800e-02	-5.18526e-01	-5.18316e-01	-1.39496e+01	
323	3.162800e-02	-5.18556e-01	-5.18408e-01	-1.39495e+01	
324	3.172800e-02	-5.18527e-01	-5.18319e-01	-1.39496e+01	
325	3.182800e-02	-5.18554e-01	-5.18402e-01	-1.39495e+01	
326	3.192800e-02	-5.18527e-01	-5.18319e-01	-1.39496e+01	
327	3.202800e-02	-5.18551e-01	-5.18394e-01	-1.39495e+01	
328	3.212800e-02	-5.18526e-01	-5.18316e-01	-1.39496e+01	
329	3.222800e-02	-5.18548e-01	-5.18384e-01	-1.39495e+01	
330	3.232800e-02	-5.18524e-01	-5.18312e-01	-1.39496e+01	
331	3.242800e-02	-5.18544e-01	-5.18372e-01	-1.39495e+01	
332	3.252800e-02	-5.18522e-01	-5.18305e-01	-1.39496e+01	
333	3.262800e-02	-5.18539e-01	-5.18359e-01	-1.39495e+01	
334	3.272800e-02	-5.18519e-01	-5.18296e-01	-1.39496e+01	
335	3.282800e-02	-5.18534e-01	-5.18344e-01	-1.39495e+01	
336	3.292800e-02	-5.18515e-01	-5.18285e-01	-1.39496e+01	
337	3.302800e-02	-5.18529e-01	-5.18328e-01	-1.39496e+01	
338	3.312800e-02	-5.18511e-01	-5.18273e-01	-1.39496e+01	
339	3.322800e-02	-5.18523e-01	-5.18310e-01	-1.39496e+01	
340	3.332800e-02	-5.18506e-01	-5.18258e-01	-1.39496e+01	
341	3.342800e-02	-5.18516e-01	-5.18290e-01	-1.39496e+01	
342	3.352800e-02	-5.18500e-01	-5.18241e-01	-1.39496e+01	
343	3.362800e-02	-5.18509e-01	-5.18269e-01	-1.39496e+01	
344	3.372800e-02	-5.18494e-01	-5.18223e-01	-1.39496e+01	

Index   time            x1.net-_q1-pad3 x1.net-_q2-pad3 x1.net-_q3-pad2 
--------------------------------------------------------------------------------
345	3.382800e-02	-5.18502e-01	-5.18247e-01	-1.39496e+01	
346	3.392800e-02	-5.18487e-01	-5.18203e-01	-1.39496e+01	
347	3.402800e-02	-5.18494e-01	-5.18223e-01	-1.39496e+01	
348	3.412800e-02	-5.18480e-01	-5.18182e-01	-1.39496e+01	
349	3.422800e-02	-5.18485e-01	-5.18199e-01	-1.39496e+01	
350	3.432800e-02	-5.18473e-01	-5.18159e-01	-1.39496e+01	
351	3.442800e-02	-5.18477e-01	-5.18173e-01	-1.39496e+01	
352	3.452800e-02	-5.18465e-01	-5.18135e-01	-1.39496e+01	
353	3.462800e-02	-5.18468e-01	-5.18146e-01	-1.39496e+01	
354	3.472800e-02	-5.18456e-01	-5.18110e-01	-1.39497e+01	
355	3.482800e-02	-5.18459e-01	-5.18119e-01	-1.39497e+01	
356	3.492800e-02	-5.18447e-01	-5.18084e-01	-1.39497e+01	
357	3.502800e-02	-5.18449e-01	-5.18090e-01	-1.39497e+01	
358	3.512800e-02	-5.18438e-01	-5.18057e-01	-1.39497e+01	
359	3.522800e-02	-5.18439e-01	-5.18061e-01	-1.39497e+01	
360	3.532800e-02	-5.18429e-01	-5.18029e-01	-1.39497e+01	
361	3.542800e-02	-5.18429e-01	-5.18031e-01	-1.39497e+01	
362	3.552800e-02	-5.18420e-01	-5.18001e-01	-1.39497e+01	
363	3.562800e-02	-5.18419e-01	-5.18001e-01	-1.39497e+01	
364	3.572800e-02	-5.18410e-01	-5.17972e-01	-1.39497e+01	
365	3.582800e-02	-5.18409e-01	-5.17971e-01	-1.39497e+01	
366	3.592800e-02	-5.18400e-01	-5.17942e-01	-1.39497e+01	
367	3.602800e-02	-5.18399e-01	-5.17940e-01	-1.39497e+01	
368	3.612800e-02	-5.18390e-01	-5.17913e-01	-1.39498e+01	
369	3.622800e-02	-5.18389e-01	-5.17909e-01	-1.39498e+01	
370	3.632800e-02	-5.18380e-01	-5.17882e-01	-1.39498e+01	
371	3.642800e-02	-5.18378e-01	-5.17878e-01	-1.39498e+01	
372	3.652800e-02	-5.18370e-01	-5.17852e-01	-1.39498e+01	
373	3.662800e-02	-5.18368e-01	-5.17846e-01	-1.39498e+01	
374	3.672800e-02	-5.18360e-01	-5.17822e-01	-1.39498e+01	
375	3.682800e-02	-5.18357e-01	-5.17815e-01	-1.39498e+01	
376	3.692800e-02	-5.18350e-01	-5.17792e-01	-1.39498e+01	
377	3.702800e-02	-5.18347e-01	-5.17785e-01	-1.39498e+01	
378	3.712800e-02	-5.18340e-01	-5.17762e-01	-1.39498e+01	
379	3.722800e-02	-5.18337e-01	-5.17754e-01	-1.39498e+01	
380	3.732800e-02	-5.18330e-01	-5.17733e-01	-1.39498e+01	
381	3.742800e-02	-5.18327e-01	-5.17724e-01	-1.39498e+01	
382	3.752800e-02	-5.18321e-01	-5.17704e-01	-1.39499e+01	
383	3.762800e-02	-5.18317e-01	-5.17695e-01	-1.39499e+01	
384	3.772800e-02	-5.18311e-01	-5.17675e-01	-1.39499e+01	
385	3.782800e-02	-5.18308e-01	-5.17666e-01	-1.39499e+01	
386	3.792800e-02	-5.18302e-01	-5.17647e-01	-1.39499e+01	
387	3.802800e-02	-5.18298e-01	-5.17638e-01	-1.39499e+01	
388	3.812800e-02	-5.18293e-01	-5.17620e-01	-1.39499e+01	
389	3.822800e-02	-5.18289e-01	-5.17610e-01	-1.39499e+01	
390	3.832800e-02	-5.18284e-01	-5.17593e-01	-1.39499e+01	
391	3.842800e-02	-5.18280e-01	-5.17584e-01	-1.39499e+01	
392	3.852800e-02	-5.18275e-01	-5.17567e-01	-1.39499e+01	
393	3.862800e-02	-5.18272e-01	-5.17558e-01	-1.39499e+01	
394	3.872800e-02	-5.18267e-01	-5.17542e-01	-1.39499e+01	
395	3.882800e-02	-5.18264e-01	-5.17533e-01	-1.39499e+01	
396	3.892800e-02	-5.18259e-01	-5.17518e-01	-1.39499e+01	
397	3.902800e-02	-5.18256e-01	-5.17509e-01	-1.39499e+01	
398	3.912800e-02	-5.18251e-01	-5.17495e-01	-1.39500e+01	
399	3.922800e-02	-5.18248e-01	-5.17486e-01	-1.39500e+01	
400	3.932800e-02	-5.18244e-01	-5.17472e-01	-1.39500e+01	
401	3.942800e-02	-5.18241e-01	-5.17463e-01	-1.39500e+01	
402	3.952800e-02	-5.18237e-01	-5.17450e-01	-1.39500e+01	

Index   time            x1.net-_q1-pad3 x1.net-_q2-pad3 x1.net-_q3-pad2 
--------------------------------------------------------------------------------
403	3.962800e-02	-5.18233e-01	-5.17440e-01	-1.39500e+01	
404	3.972800e-02	-5.18229e-01	-5.17426e-01	-1.39500e+01	
405	3.982800e-02	-5.18223e-01	-5.17411e-01	-1.39500e+01	
406	3.992800e-02	-5.18214e-01	-5.17381e-01	-1.39500e+01	
407	4.002800e-02	-5.18167e-01	-5.17244e-01	-1.39501e+01	
408	4.012800e-02	-5.18235e-01	-5.17446e-01	-1.39500e+01	
409	4.022800e-02	-5.18185e-01	-5.17295e-01	-1.39500e+01	
410	4.032800e-02	-5.18232e-01	-5.17434e-01	-1.39500e+01	
411	4.042800e-02	-5.18184e-01	-5.17293e-01	-1.39500e+01	
412	4.052800e-02	-5.18225e-01	-5.17414e-01	-1.39500e+01	
413	4.062800e-02	-5.18181e-01	-5.17284e-01	-1.39501e+01	
414	4.072800e-02	-5.18219e-01	-5.17394e-01	-1.39500e+01	
415	4.082800e-02	-5.18179e-01	-5.17275e-01	-1.39501e+01	
416	4.092800e-02	-5.18213e-01	-5.17376e-01	-1.39500e+01	
417	4.102800e-02	-5.18176e-01	-5.17267e-01	-1.39501e+01	
418	4.112800e-02	-5.18207e-01	-5.17359e-01	-1.39500e+01	
419	4.122800e-02	-5.18174e-01	-5.17260e-01	-1.39501e+01	
420	4.132800e-02	-5.18203e-01	-5.17345e-01	-1.39500e+01	
421	4.142800e-02	-5.18172e-01	-5.17255e-01	-1.39501e+01	
422	4.152800e-02	-5.18198e-01	-5.17332e-01	-1.39500e+01	
423	4.162800e-02	-5.18171e-01	-5.17250e-01	-1.39501e+01	
424	4.172800e-02	-5.18195e-01	-5.17321e-01	-1.39500e+01	
425	4.182800e-02	-5.18170e-01	-5.17247e-01	-1.39501e+01	
426	4.192800e-02	-5.18192e-01	-5.17313e-01	-1.39500e+01	
427	4.202800e-02	-5.18170e-01	-5.17246e-01	-1.39501e+01	
428	4.212800e-02	-5.18190e-01	-5.17307e-01	-1.39500e+01	
429	4.222800e-02	-5.18170e-01	-5.17246e-01	-1.39501e+01	
430	4.232800e-02	-5.18189e-01	-5.17302e-01	-1.39500e+01	
431	4.242800e-02	-5.18171e-01	-5.17248e-01	-1.39501e+01	
432	4.252800e-02	-5.18189e-01	-5.17301e-01	-1.39500e+01	
433	4.262800e-02	-5.18172e-01	-5.17252e-01	-1.39501e+01	
434	4.272800e-02	-5.18189e-01	-5.17301e-01	-1.39500e+01	
435	4.282800e-02	-5.18174e-01	-5.17258e-01	-1.39501e+01	
436	4.292800e-02	-5.18190e-01	-5.17304e-01	-1.39500e+01	
437	4.302800e-02	-5.18177e-01	-5.17266e-01	-1.39501e+01	
438	4.312800e-02	-5.18192e-01	-5.17309e-01	-1.39500e+01	
439	4.322800e-02	-5.18181e-01	-5.17276e-01	-1.39501e+01	
440	4.332800e-02	-5.18195e-01	-5.17317e-01	-1.39500e+01	
441	4.342800e-02	-5.18185e-01	-5.17288e-01	-1.39500e+01	
442	4.352800e-02	-5.18198e-01	-5.17327e-01	-1.39500e+01	
443	4.362800e-02	-5.18190e-01	-5.17302e-01	-1.39500e+01	
444	4.372800e-02	-5.18202e-01	-5.17339e-01	-1.39500e+01	
445	4.382800e-02	-5.18195e-01	-5.17319e-01	-1.39500e+01	
446	4.392800e-02	-5.18207e-01	-5.17354e-01	-1.39500e+01	
447	4.402800e-02	-5.18201e-01	-5.17337e-01	-1.39500e+01	
448	4.412800e-02	-5.18213e-01	-5.17371e-01	-1.39500e+01	
449	4.422800e-02	-5.18208e-01	-5.17357e-01	-1.39500e+01	
450	4.432800e-02	-5.18220e-01	-5.17391e-01	-1.39500e+01	
451	4.442800e-02	-5.18216e-01	-5.17380e-01	-1.39500e+01	
452	4.452800e-02	-5.18227e-01	-5.17412e-01	-1.39500e+01	
453	4.462800e-02	-5.18224e-01	-5.17405e-01	-1.39500e+01	
454	4.472800e-02	-5.18235e-01	-5.17436e-01	-1.39500e+01	
455	4.482800e-02	-5.18233e-01	-5.17431e-01	-1.39500e+01	
456	4.492800e-02	-5.18244e-01	-5.17462e-01	-1.39500e+01	
457	4.502800e-02	-5.18243e-01	-5.17460e-01	-1.39500e+01	
458	4.512800e-02	-5.18253e-01	-5.17490e-01	-1.39499e+01	
459	4.522800e-02	-5.18253e-01	-5.17490e-01	-1.39499e+01	
460	4.532800e-02	-5.18263e-01	-5.17520e-01	-1.39499e+01	

Index   time            x1.net-_q1-pad3 x1.net-_q2-pad3 x1.net-_q3-pad2 
--------------------------------------------------------------------------------
461	4.542800e-02	-5.18264e-01	-5.17522e-01	-1.39499e+01	
462	4.552800e-02	-5.18274e-01	-5.17551e-01	-1.39499e+01	
463	4.562800e-02	-5.18275e-01	-5.17555e-01	-1.39499e+01	
464	4.572800e-02	-5.18285e-01	-5.17584e-01	-1.39499e+01	
465	4.582800e-02	-5.18286e-01	-5.17590e-01	-1.39499e+01	
466	4.592800e-02	-5.18296e-01	-5.17618e-01	-1.39499e+01	
467	4.602800e-02	-5.18298e-01	-5.17626e-01	-1.39499e+01	
468	4.612800e-02	-5.18308e-01	-5.17654e-01	-1.39499e+01	
469	4.622800e-02	-5.18311e-01	-5.17663e-01	-1.39499e+01	
470	4.632800e-02	-5.18320e-01	-5.17690e-01	-1.39499e+01	
471	4.642800e-02	-5.18323e-01	-5.17700e-01	-1.39498e+01	
472	4.652800e-02	-5.18333e-01	-5.17728e-01	-1.39498e+01	
473	4.662800e-02	-5.18336e-01	-5.17739e-01	-1.39498e+01	
474	4.672800e-02	-5.18345e-01	-5.17766e-01	-1.39498e+01	
475	4.682800e-02	-5.18349e-01	-5.17778e-01	-1.39498e+01	
476	4.692800e-02	-5.18358e-01	-5.17804e-01	-1.39498e+01	
477	4.702800e-02	-5.18362e-01	-5.17817e-01	-1.39498e+01	
478	4.712800e-02	-5.18371e-01	-5.17843e-01	-1.39498e+01	
479	4.722800e-02	-5.18375e-01	-5.17856e-01	-1.39498e+01	
480	4.732800e-02	-5.18384e-01	-5.17881e-01	-1.39498e+01	
481	4.742800e-02	-5.18388e-01	-5.17895e-01	-1.39498e+01	
482	4.752800e-02	-5.18396e-01	-5.17920e-01	-1.39497e+01	
483	4.762800e-02	-5.18401e-01	-5.17934e-01	-1.39497e+01	
484	4.772800e-02	-5.18409e-01	-5.17958e-01	-1.39497e+01	
485	4.782800e-02	-5.18413e-01	-5.17972e-01	-1.39497e+01	
486	4.792800e-02	-5.18421e-01	-5.17995e-01	-1.39497e+01	
487	4.802800e-02	-5.18426e-01	-5.18009e-01	-1.39497e+01	
488	4.812800e-02	-5.18433e-01	-5.18032e-01	-1.39497e+01	
489	4.822800e-02	-5.18438e-01	-5.18046e-01	-1.39497e+01	
490	4.832800e-02	-5.18445e-01	-5.18067e-01	-1.39497e+01	
491	4.842800e-02	-5.18450e-01	-5.18081e-01	-1.39497e+01	
492	4.852800e-02	-5.18456e-01	-5.18102e-01	-1.39497e+01	
493	4.862800e-02	-5.18461e-01	-5.18116e-01	-1.39497e+01	
494	4.872800e-02	-5.18467e-01	-5.18135e-01	-1.39496e+01	
495	4.882800e-02	-5.18472e-01	-5.18148e-01	-1.39496e+01	
496	4.892800e-02	-5.18478e-01	-5.18167e-01	-1.39496e+01	
497	4.902800e-02	-5.18482e-01	-5.18180e-01	-1.39496e+01	
498	4.912800e-02	-5.18488e-01	-5.18198e-01	-1.39496e+01	
499	4.922800e-02	-5.18492e-01	-5.18210e-01	-1.39496e+01	
500	4.932800e-02	-5.18498e-01	-5.18227e-01	-1.39496e+01	
501	4.942800e-02	-5.18501e-01	-5.18239e-01	-1.39496e+01	
502	4.952800e-02	-5.18507e-01	-5.18255e-01	-1.39496e+01	
503	4.962800e-02	-5.18511e-01	-5.18268e-01	-1.39496e+01	
504	4.972800e-02	-5.18517e-01	-5.18285e-01	-1.39496e+01	
505	4.982800e-02	-5.18522e-01	-5.18302e-01	-1.39496e+01	
506	4.992800e-02	-5.18533e-01	-5.18336e-01	-1.39495e+01	
507	5.002800e-02	-5.18578e-01	-5.18469e-01	-1.39495e+01	
508	5.012800e-02	-5.18503e-01	-5.18246e-01	-1.39496e+01	
509	5.022800e-02	-5.18560e-01	-5.18417e-01	-1.39495e+01	
510	5.032800e-02	-5.18505e-01	-5.18253e-01	-1.39496e+01	
511	5.042800e-02	-5.18560e-01	-5.18416e-01	-1.39495e+01	
512	5.052800e-02	-5.18510e-01	-5.18267e-01	-1.39496e+01	
513	5.062800e-02	-5.18560e-01	-5.18417e-01	-1.39495e+01	
514	5.072800e-02	-5.18515e-01	-5.18282e-01	-1.39496e+01	
515	5.082800e-02	-5.18560e-01	-5.18418e-01	-1.39495e+01	
516	5.092800e-02	-5.18519e-01	-5.18294e-01	-1.39496e+01	
517	5.102800e-02	-5.18560e-01	-5.18418e-01	-1.39495e+01	
518	5.112800e-02	-5.18522e-01	-5.18304e-01	-1.39496e+01	

Index   time            x1.net-_q1-pad3 x1.net-_q2-pad3 x1.net-_q3-pad2 
--------------------------------------------------------------------------------
519	5.122800e-02	-5.18559e-01	-5.18416e-01	-1.39495e+01	
520	5.132800e-02	-5.18524e-01	-5.18311e-01	-1.39496e+01	
521	5.142800e-02	-5.18558e-01	-5.18413e-01	-1.39495e+01	
522	5.152800e-02	-5.18526e-01	-5.18316e-01	-1.39496e+01	
523	5.162800e-02	-5.18556e-01	-5.18408e-01	-1.39495e+01	
524	5.172800e-02	-5.18527e-01	-5.18319e-01	-1.39496e+01	
525	5.182800e-02	-5.18554e-01	-5.18402e-01	-1.39495e+01	
526	5.192800e-02	-5.18527e-01	-5.18319e-01	-1.39496e+01	
527	5.202800e-02	-5.18551e-01	-5.18394e-01	-1.39495e+01	
528	5.212800e-02	-5.18526e-01	-5.18316e-01	-1.39496e+01	
529	5.222800e-02	-5.18548e-01	-5.18384e-01	-1.39495e+01	
530	5.232800e-02	-5.18524e-01	-5.18312e-01	-1.39496e+01	
531	5.242800e-02	-5.18544e-01	-5.18372e-01	-1.39495e+01	
532	5.252800e-02	-5.18522e-01	-5.18305e-01	-1.39496e+01	
533	5.262800e-02	-5.18539e-01	-5.18359e-01	-1.39495e+01	
534	5.272800e-02	-5.18519e-01	-5.18296e-01	-1.39496e+01	
535	5.282800e-02	-5.18534e-01	-5.18344e-01	-1.39495e+01	
536	5.292800e-02	-5.18515e-01	-5.18285e-01	-1.39496e+01	
537	5.302800e-02	-5.18529e-01	-5.18328e-01	-1.39496e+01	
538	5.312800e-02	-5.18511e-01	-5.18273e-01	-1.39496e+01	
539	5.322800e-02	-5.18523e-01	-5.18309e-01	-1.39496e+01	
540	5.332800e-02	-5.18506e-01	-5.18258e-01	-1.39496e+01	
541	5.342800e-02	-5.18516e-01	-5.18290e-01	-1.39496e+01	
542	5.352800e-02	-5.18500e-01	-5.18241e-01	-1.39496e+01	
543	5.362800e-02	-5.18509e-01	-5.18269e-01	-1.39496e+01	
544	5.372800e-02	-5.18494e-01	-5.18223e-01	-1.39496e+01	
545	5.382800e-02	-5.18502e-01	-5.18247e-01	-1.39496e+01	
546	5.392800e-02	-5.18487e-01	-5.18203e-01	-1.39496e+01	
547	5.402800e-02	-5.18494e-01	-5.18223e-01	-1.39496e+01	
548	5.412800e-02	-5.18480e-01	-5.18182e-01	-1.39496e+01	
549	5.422800e-02	-5.18485e-01	-5.18199e-01	-1.39496e+01	
550	5.432800e-02	-5.18473e-01	-5.18159e-01	-1.39496e+01	
551	5.442800e-02	-5.18477e-01	-5.18173e-01	-1.39496e+01	
552	5.452800e-02	-5.18465e-01	-5.18135e-01	-1.39496e+01	
553	5.462800e-02	-5.18468e-01	-5.18146e-01	-1.39496e+01	
554	5.472800e-02	-5.18456e-01	-5.18110e-01	-1.39497e+01	
555	5.482800e-02	-5.18459e-01	-5.18119e-01	-1.39497e+01	
556	5.492800e-02	-5.18447e-01	-5.18084e-01	-1.39497e+01	
557	5.502800e-02	-5.18449e-01	-5.18090e-01	-1.39497e+01	
558	5.512800e-02	-5.18438e-01	-5.18057e-01	-1.39497e+01	
559	5.522800e-02	-5.18439e-01	-5.18061e-01	-1.39497e+01	
560	5.532800e-02	-5.18429e-01	-5.18029e-01	-1.39497e+01	
561	5.542800e-02	-5.18429e-01	-5.18031e-01	-1.39497e+01	
562	5.552800e-02	-5.18420e-01	-5.18001e-01	-1.39497e+01	
563	5.562800e-02	-5.18419e-01	-5.18001e-01	-1.39497e+01	
564	5.572800e-02	-5.18410e-01	-5.17972e-01	-1.39497e+01	
565	5.582800e-02	-5.18409e-01	-5.17971e-01	-1.39497e+01	
566	5.592800e-02	-5.18400e-01	-5.17942e-01	-1.39497e+01	
567	5.602800e-02	-5.18399e-01	-5.17940e-01	-1.39497e+01	
568	5.612800e-02	-5.18390e-01	-5.17913e-01	-1.39498e+01	
569	5.622800e-02	-5.18388e-01	-5.17909e-01	-1.39498e+01	
570	5.632800e-02	-5.18380e-01	-5.17883e-01	-1.39498e+01	
571	5.642800e-02	-5.18378e-01	-5.17877e-01	-1.39498e+01	
572	5.652800e-02	-5.18370e-01	-5.17852e-01	-1.39498e+01	
573	5.662800e-02	-5.18368e-01	-5.17846e-01	-1.39498e+01	
574	5.672800e-02	-5.18360e-01	-5.17822e-01	-1.39498e+01	
575	5.682800e-02	-5.18357e-01	-5.17815e-01	-1.39498e+01	
576	5.692800e-02	-5.18350e-01	-5.17792e-01	-1.39498e+01	

Index   time            x1.net-_q1-pad3 x1.net-_q2-pad3 x1.net-_q3-pad2 
--------------------------------------------------------------------------------
577	5.702800e-02	-5.18347e-01	-5.17785e-01	-1.39498e+01	
578	5.712800e-02	-5.18340e-01	-5.17762e-01	-1.39498e+01	
579	5.722800e-02	-5.18337e-01	-5.17754e-01	-1.39498e+01	
580	5.732800e-02	-5.18330e-01	-5.17733e-01	-1.39498e+01	
581	5.742800e-02	-5.18327e-01	-5.17724e-01	-1.39498e+01	
582	5.752800e-02	-5.18321e-01	-5.17704e-01	-1.39499e+01	
583	5.762800e-02	-5.18317e-01	-5.17695e-01	-1.39499e+01	
584	5.772800e-02	-5.18311e-01	-5.17675e-01	-1.39499e+01	
585	5.782800e-02	-5.18308e-01	-5.17666e-01	-1.39499e+01	
586	5.792800e-02	-5.18302e-01	-5.17647e-01	-1.39499e+01	
587	5.802800e-02	-5.18298e-01	-5.17638e-01	-1.39499e+01	
588	5.812800e-02	-5.18293e-01	-5.17620e-01	-1.39499e+01	
589	5.822800e-02	-5.18289e-01	-5.17610e-01	-1.39499e+01	
590	5.832800e-02	-5.18284e-01	-5.17593e-01	-1.39499e+01	
591	5.842800e-02	-5.18280e-01	-5.17584e-01	-1.39499e+01	
592	5.852800e-02	-5.18275e-01	-5.17567e-01	-1.39499e+01	
593	5.862800e-02	-5.18272e-01	-5.17558e-01	-1.39499e+01	
594	5.872800e-02	-5.18267e-01	-5.17542e-01	-1.39499e+01	
595	5.882800e-02	-5.18264e-01	-5.17533e-01	-1.39499e+01	
596	5.892800e-02	-5.18259e-01	-5.17518e-01	-1.39499e+01	
597	5.902800e-02	-5.18256e-01	-5.17509e-01	-1.39499e+01	
598	5.912800e-02	-5.18251e-01	-5.17495e-01	-1.39500e+01	
599	5.922800e-02	-5.18248e-01	-5.17486e-01	-1.39500e+01	
600	5.932800e-02	-5.18244e-01	-5.17472e-01	-1.39500e+01	
601	5.942800e-02	-5.18241e-01	-5.17463e-01	-1.39500e+01	
602	5.952800e-02	-5.18237e-01	-5.17450e-01	-1.39500e+01	
603	5.962800e-02	-5.18233e-01	-5.17440e-01	-1.39500e+01	
604	5.972800e-02	-5.18229e-01	-5.17426e-01	-1.39500e+01	
605	5.982800e-02	-5.18223e-01	-5.17411e-01	-1.39500e+01	
606	5.992800e-02	-5.18214e-01	-5.17381e-01	-1.39500e+01	
607	6.002800e-02	-5.18167e-01	-5.17244e-01	-1.39501e+01	
608	6.012800e-02	-5.18236e-01	-5.17446e-01	-1.39500e+01	
609	6.022800e-02	-5.18185e-01	-5.17295e-01	-1.39500e+01	
610	6.032800e-02	-5.18232e-01	-5.17434e-01	-1.39500e+01	
611	6.042800e-02	-5.18184e-01	-5.17293e-01	-1.39500e+01	
612	6.052800e-02	-5.18225e-01	-5.17414e-01	-1.39500e+01	
613	6.062800e-02	-5.18181e-01	-5.17284e-01	-1.39501e+01	
614	6.072800e-02	-5.18219e-01	-5.17394e-01	-1.39500e+01	
615	6.082800e-02	-5.18179e-01	-5.17275e-01	-1.39501e+01	
616	6.092800e-02	-5.18213e-01	-5.17376e-01	-1.39500e+01	
617	6.102800e-02	-5.18176e-01	-5.17267e-01	-1.39501e+01	
618	6.112800e-02	-5.18207e-01	-5.17359e-01	-1.39500e+01	
619	6.122800e-02	-5.18174e-01	-5.17260e-01	-1.39501e+01	
620	6.132800e-02	-5.18203e-01	-5.17345e-01	-1.39500e+01	
621	6.142800e-02	-5.18172e-01	-5.17255e-01	-1.39501e+01	
622	6.152800e-02	-5.18198e-01	-5.17332e-01	-1.39500e+01	
623	6.162800e-02	-5.18171e-01	-5.17250e-01	-1.39501e+01	
624	6.172800e-02	-5.18195e-01	-5.17321e-01	-1.39500e+01	
625	6.182800e-02	-5.18170e-01	-5.17247e-01	-1.39501e+01	
626	6.192800e-02	-5.18192e-01	-5.17313e-01	-1.39500e+01	
627	6.202800e-02	-5.18170e-01	-5.17246e-01	-1.39501e+01	
628	6.212800e-02	-5.18190e-01	-5.17307e-01	-1.39500e+01	
629	6.222800e-02	-5.18170e-01	-5.17246e-01	-1.39501e+01	
630	6.232800e-02	-5.18189e-01	-5.17302e-01	-1.39500e+01	
631	6.242800e-02	-5.18171e-01	-5.17248e-01	-1.39501e+01	
632	6.252800e-02	-5.18189e-01	-5.17301e-01	-1.39500e+01	
633	6.262800e-02	-5.18172e-01	-5.17252e-01	-1.39501e+01	
634	6.272800e-02	-5.18189e-01	-5.17301e-01	-1.39500e+01	

Index   time            x1.net-_q1-pad3 x1.net-_q2-pad3 x1.net-_q3-pad2 
--------------------------------------------------------------------------------
635	6.282800e-02	-5.18174e-01	-5.17258e-01	-1.39501e+01	
636	6.292800e-02	-5.18190e-01	-5.17304e-01	-1.39500e+01	
637	6.302800e-02	-5.18177e-01	-5.17266e-01	-1.39501e+01	
638	6.312800e-02	-5.18192e-01	-5.17309e-01	-1.39500e+01	
639	6.322800e-02	-5.18181e-01	-5.17276e-01	-1.39501e+01	
640	6.332800e-02	-5.18195e-01	-5.17317e-01	-1.39500e+01	
641	6.342800e-02	-5.18185e-01	-5.17288e-01	-1.39500e+01	
642	6.352800e-02	-5.18198e-01	-5.17327e-01	-1.39500e+01	
643	6.362800e-02	-5.18190e-01	-5.17302e-01	-1.39500e+01	
644	6.372800e-02	-5.18202e-01	-5.17339e-01	-1.39500e+01	
645	6.382800e-02	-5.18195e-01	-5.17319e-01	-1.39500e+01	
646	6.392800e-02	-5.18207e-01	-5.17354e-01	-1.39500e+01	
647	6.402800e-02	-5.18201e-01	-5.17337e-01	-1.39500e+01	
648	6.412800e-02	-5.18213e-01	-5.17371e-01	-1.39500e+01	
649	6.422800e-02	-5.18208e-01	-5.17358e-01	-1.39500e+01	
650	6.432800e-02	-5.18220e-01	-5.17391e-01	-1.39500e+01	
651	6.442800e-02	-5.18216e-01	-5.17380e-01	-1.39500e+01	
652	6.452800e-02	-5.18227e-01	-5.17412e-01	-1.39500e+01	
653	6.462800e-02	-5.18224e-01	-5.17405e-01	-1.39500e+01	
654	6.472800e-02	-5.18235e-01	-5.17436e-01	-1.39500e+01	
655	6.482800e-02	-5.18233e-01	-5.17431e-01	-1.39500e+01	
656	6.492800e-02	-5.18244e-01	-5.17462e-01	-1.39500e+01	
657	6.502800e-02	-5.18243e-01	-5.17460e-01	-1.39500e+01	
658	6.512800e-02	-5.18253e-01	-5.17490e-01	-1.39499e+01	
659	6.522800e-02	-5.18253e-01	-5.17490e-01	-1.39499e+01	
660	6.532800e-02	-5.18263e-01	-5.17520e-01	-1.39499e+01	
661	6.542800e-02	-5.18264e-01	-5.17522e-01	-1.39499e+01	
662	6.552800e-02	-5.18274e-01	-5.17551e-01	-1.39499e+01	
663	6.562800e-02	-5.18275e-01	-5.17555e-01	-1.39499e+01	
664	6.572800e-02	-5.18285e-01	-5.17584e-01	-1.39499e+01	
665	6.582800e-02	-5.18286e-01	-5.17590e-01	-1.39499e+01	
666	6.592800e-02	-5.18296e-01	-5.17618e-01	-1.39499e+01	
667	6.602800e-02	-5.18298e-01	-5.17626e-01	-1.39499e+01	
668	6.612800e-02	-5.18308e-01	-5.17654e-01	-1.39499e+01	
669	6.622800e-02	-5.18311e-01	-5.17663e-01	-1.39499e+01	
670	6.632800e-02	-5.18320e-01	-5.17690e-01	-1.39499e+01	
671	6.642800e-02	-5.18323e-01	-5.17700e-01	-1.39498e+01	
672	6.652800e-02	-5.18333e-01	-5.17728e-01	-1.39498e+01	
673	6.662800e-02	-5.18336e-01	-5.17739e-01	-1.39498e+01	
674	6.672800e-02	-5.18345e-01	-5.17766e-01	-1.39498e+01	
675	6.682800e-02	-5.18349e-01	-5.17778e-01	-1.39498e+01	
676	6.692800e-02	-5.18358e-01	-5.17804e-01	-1.39498e+01	
677	6.702800e-02	-5.18362e-01	-5.17817e-01	-1.39498e+01	
678	6.712800e-02	-5.18371e-01	-5.17843e-01	-1.39498e+01	
679	6.722800e-02	-5.18375e-01	-5.17856e-01	-1.39498e+01	
680	6.732800e-02	-5.18384e-01	-5.17881e-01	-1.39498e+01	
681	6.742800e-02	-5.18388e-01	-5.17895e-01	-1.39498e+01	
682	6.752800e-02	-5.18396e-01	-5.17920e-01	-1.39497e+01	
683	6.762800e-02	-5.18401e-01	-5.17934e-01	-1.39497e+01	
684	6.772800e-02	-5.18409e-01	-5.17958e-01	-1.39497e+01	
685	6.782800e-02	-5.18413e-01	-5.17972e-01	-1.39497e+01	
686	6.792800e-02	-5.18421e-01	-5.17995e-01	-1.39497e+01	
687	6.802800e-02	-5.18426e-01	-5.18009e-01	-1.39497e+01	
688	6.812800e-02	-5.18433e-01	-5.18032e-01	-1.39497e+01	
689	6.822800e-02	-5.18438e-01	-5.18046e-01	-1.39497e+01	
690	6.832800e-02	-5.18445e-01	-5.18067e-01	-1.39497e+01	
691	6.842800e-02	-5.18450e-01	-5.18081e-01	-1.39497e+01	
692	6.852800e-02	-5.18456e-01	-5.18102e-01	-1.39497e+01	

Index   time            x1.net-_q1-pad3 x1.net-_q2-pad3 x1.net-_q3-pad2 
--------------------------------------------------------------------------------
693	6.862800e-02	-5.18461e-01	-5.18116e-01	-1.39497e+01	
694	6.872800e-02	-5.18467e-01	-5.18135e-01	-1.39496e+01	
695	6.882800e-02	-5.18472e-01	-5.18148e-01	-1.39496e+01	
696	6.892800e-02	-5.18478e-01	-5.18167e-01	-1.39496e+01	
697	6.902800e-02	-5.18482e-01	-5.18180e-01	-1.39496e+01	
698	6.912800e-02	-5.18488e-01	-5.18198e-01	-1.39496e+01	
699	6.922800e-02	-5.18492e-01	-5.18210e-01	-1.39496e+01	
700	6.932800e-02	-5.18498e-01	-5.18227e-01	-1.39496e+01	
701	6.942800e-02	-5.18501e-01	-5.18239e-01	-1.39496e+01	
702	6.952800e-02	-5.18507e-01	-5.18255e-01	-1.39496e+01	
703	6.962800e-02	-5.18511e-01	-5.18268e-01	-1.39496e+01	
704	6.972800e-02	-5.18517e-01	-5.18285e-01	-1.39496e+01	
705	6.982800e-02	-5.18522e-01	-5.18302e-01	-1.39496e+01	
706	6.992800e-02	-5.18533e-01	-5.18336e-01	-1.39495e+01	
707	7.002800e-02	-5.18577e-01	-5.18469e-01	-1.39495e+01	
708	7.012800e-02	-5.18503e-01	-5.18246e-01	-1.39496e+01	
709	7.022800e-02	-5.18560e-01	-5.18417e-01	-1.39495e+01	
710	7.032800e-02	-5.18505e-01	-5.18253e-01	-1.39496e+01	
711	7.042800e-02	-5.18560e-01	-5.18416e-01	-1.39495e+01	
712	7.052800e-02	-5.18510e-01	-5.18267e-01	-1.39496e+01	
713	7.062800e-02	-5.18560e-01	-5.18417e-01	-1.39495e+01	
714	7.072800e-02	-5.18515e-01	-5.18282e-01	-1.39496e+01	
715	7.082800e-02	-5.18560e-01	-5.18418e-01	-1.39495e+01	
716	7.092800e-02	-5.18519e-01	-5.18294e-01	-1.39496e+01	
717	7.102800e-02	-5.18560e-01	-5.18418e-01	-1.39495e+01	
718	7.112800e-02	-5.18522e-01	-5.18304e-01	-1.39496e+01	
719	7.122800e-02	-5.18559e-01	-5.18416e-01	-1.39495e+01	
720	7.132800e-02	-5.18524e-01	-5.18311e-01	-1.39496e+01	
721	7.142800e-02	-5.18558e-01	-5.18413e-01	-1.39495e+01	
722	7.152800e-02	-5.18526e-01	-5.18316e-01	-1.39496e+01	
723	7.162800e-02	-5.18556e-01	-5.18408e-01	-1.39495e+01	
724	7.172800e-02	-5.18527e-01	-5.18319e-01	-1.39496e+01	
725	7.182800e-02	-5.18554e-01	-5.18402e-01	-1.39495e+01	
726	7.192800e-02	-5.18527e-01	-5.18319e-01	-1.39496e+01	
727	7.202800e-02	-5.18551e-01	-5.18394e-01	-1.39495e+01	
728	7.212800e-02	-5.18526e-01	-5.18317e-01	-1.39496e+01	
729	7.222800e-02	-5.18548e-01	-5.18384e-01	-1.39495e+01	
730	7.232800e-02	-5.18524e-01	-5.18312e-01	-1.39496e+01	
731	7.242800e-02	-5.18544e-01	-5.18372e-01	-1.39495e+01	
732	7.252800e-02	-5.18522e-01	-5.18305e-01	-1.39496e+01	
733	7.262800e-02	-5.18539e-01	-5.18359e-01	-1.39495e+01	
734	7.272800e-02	-5.18519e-01	-5.18296e-01	-1.39496e+01	
735	7.282800e-02	-5.18534e-01	-5.18344e-01	-1.39495e+01	
736	7.292800e-02	-5.18515e-01	-5.18286e-01	-1.39496e+01	
737	7.302800e-02	-5.18529e-01	-5.18327e-01	-1.39496e+01	
738	7.312800e-02	-5.18511e-01	-5.18273e-01	-1.39496e+01	
739	7.322800e-02	-5.18523e-01	-5.18309e-01	-1.39496e+01	
740	7.332800e-02	-5.18506e-01	-5.18258e-01	-1.39496e+01	
741	7.342800e-02	-5.18516e-01	-5.18290e-01	-1.39496e+01	
742	7.352800e-02	-5.18500e-01	-5.18241e-01	-1.39496e+01	
743	7.362800e-02	-5.18509e-01	-5.18269e-01	-1.39496e+01	
744	7.372800e-02	-5.18494e-01	-5.18223e-01	-1.39496e+01	
745	7.382800e-02	-5.18502e-01	-5.18247e-01	-1.39496e+01	
746	7.392800e-02	-5.18487e-01	-5.18203e-01	-1.39496e+01	
747	7.402800e-02	-5.18494e-01	-5.18223e-01	-1.39496e+01	
748	7.412800e-02	-5.18480e-01	-5.18182e-01	-1.39496e+01	
749	7.422800e-02	-5.18485e-01	-5.18199e-01	-1.39496e+01	
750	7.432800e-02	-5.18473e-01	-5.18159e-01	-1.39496e+01	

Index   time            x1.net-_q1-pad3 x1.net-_q2-pad3 x1.net-_q3-pad2 
--------------------------------------------------------------------------------
751	7.442800e-02	-5.18477e-01	-5.18173e-01	-1.39496e+01	
752	7.452800e-02	-5.18465e-01	-5.18135e-01	-1.39496e+01	
753	7.462800e-02	-5.18468e-01	-5.18146e-01	-1.39496e+01	
754	7.472800e-02	-5.18456e-01	-5.18110e-01	-1.39497e+01	
755	7.482800e-02	-5.18459e-01	-5.18119e-01	-1.39497e+01	
756	7.492800e-02	-5.18448e-01	-5.18084e-01	-1.39497e+01	
757	7.502800e-02	-5.18449e-01	-5.18090e-01	-1.39497e+01	
758	7.512800e-02	-5.18438e-01	-5.18057e-01	-1.39497e+01	
759	7.522800e-02	-5.18439e-01	-5.18061e-01	-1.39497e+01	
760	7.532800e-02	-5.18429e-01	-5.18029e-01	-1.39497e+01	
761	7.542800e-02	-5.18429e-01	-5.18031e-01	-1.39497e+01	
762	7.552800e-02	-5.18420e-01	-5.18001e-01	-1.39497e+01	
763	7.562800e-02	-5.18419e-01	-5.18001e-01	-1.39497e+01	
764	7.572800e-02	-5.18410e-01	-5.17972e-01	-1.39497e+01	
765	7.582800e-02	-5.18409e-01	-5.17970e-01	-1.39497e+01	
766	7.592800e-02	-5.18400e-01	-5.17942e-01	-1.39497e+01	
767	7.602800e-02	-5.18399e-01	-5.17940e-01	-1.39497e+01	
768	7.612800e-02	-5.18390e-01	-5.17913e-01	-1.39498e+01	
769	7.622800e-02	-5.18388e-01	-5.17909e-01	-1.39498e+01	
770	7.632800e-02	-5.18380e-01	-5.17883e-01	-1.39498e+01	
771	7.642800e-02	-5.18378e-01	-5.17877e-01	-1.39498e+01	
772	7.652800e-02	-5.18370e-01	-5.17852e-01	-1.39498e+01	
773	7.662800e-02	-5.18368e-01	-5.17846e-01	-1.39498e+01	
774	7.672800e-02	-5.18360e-01	-5.17822e-01	-1.39498e+01	
775	7.682800e-02	-5.18357e-01	-5.17815e-01	-1.39498e+01	
776	7.692800e-02	-5.18350e-01	-5.17792e-01	-1.39498e+01	
777	7.702800e-02	-5.18347e-01	-5.17785e-01	-1.39498e+01	
778	7.712800e-02	-5.18340e-01	-5.17762e-01	-1.39498e+01	
779	7.722800e-02	-5.18337e-01	-5.17754e-01	-1.39498e+01	
780	7.732800e-02	-5.18330e-01	-5.17733e-01	-1.39498e+01	
781	7.742800e-02	-5.18327e-01	-5.17724e-01	-1.39498e+01	
782	7.752800e-02	-5.18321e-01	-5.17704e-01	-1.39499e+01	
783	7.762800e-02	-5.18317e-01	-5.17695e-01	-1.39499e+01	
784	7.772800e-02	-5.18311e-01	-5.17675e-01	-1.39499e+01	
785	7.782800e-02	-5.18308e-01	-5.17666e-01	-1.39499e+01	
786	7.792800e-02	-5.18302e-01	-5.17647e-01	-1.39499e+01	
787	7.802800e-02	-5.18298e-01	-5.17638e-01	-1.39499e+01	
788	7.812800e-02	-5.18293e-01	-5.17620e-01	-1.39499e+01	
789	7.822800e-02	-5.18289e-01	-5.17610e-01	-1.39499e+01	
790	7.832800e-02	-5.18284e-01	-5.17593e-01	-1.39499e+01	
791	7.842800e-02	-5.18280e-01	-5.17584e-01	-1.39499e+01	
792	7.852800e-02	-5.18275e-01	-5.17567e-01	-1.39499e+01	
793	7.862800e-02	-5.18272e-01	-5.17558e-01	-1.39499e+01	
794	7.872800e-02	-5.18267e-01	-5.17542e-01	-1.39499e+01	
795	7.882800e-02	-5.18264e-01	-5.17533e-01	-1.39499e+01	
796	7.892800e-02	-5.18259e-01	-5.17518e-01	-1.39499e+01	
797	7.902800e-02	-5.18256e-01	-5.17509e-01	-1.39499e+01	
798	7.912800e-02	-5.18251e-01	-5.17495e-01	-1.39500e+01	
799	7.922800e-02	-5.18248e-01	-5.17486e-01	-1.39500e+01	
800	7.932800e-02	-5.18244e-01	-5.17472e-01	-1.39500e+01	
801	7.942800e-02	-5.18241e-01	-5.17463e-01	-1.39500e+01	
802	7.952800e-02	-5.18237e-01	-5.17450e-01	-1.39500e+01	
803	7.962800e-02	-5.18233e-01	-5.17440e-01	-1.39500e+01	
804	7.972800e-02	-5.18229e-01	-5.17426e-01	-1.39500e+01	
805	7.982800e-02	-5.18223e-01	-5.17411e-01	-1.39500e+01	
806	7.992800e-02	-5.18214e-01	-5.17381e-01	-1.39500e+01	
807	8.002800e-02	-5.18167e-01	-5.17244e-01	-1.39501e+01	
808	8.012800e-02	-5.18236e-01	-5.17446e-01	-1.39500e+01	

Index   time            x1.net-_q1-pad3 x1.net-_q2-pad3 x1.net-_q3-pad2 
--------------------------------------------------------------------------------
809	8.022800e-02	-5.18185e-01	-5.17295e-01	-1.39500e+01	
810	8.032800e-02	-5.18232e-01	-5.17434e-01	-1.39500e+01	
811	8.042800e-02	-5.18184e-01	-5.17293e-01	-1.39500e+01	
812	8.052800e-02	-5.18225e-01	-5.17414e-01	-1.39500e+01	
813	8.062800e-02	-5.18181e-01	-5.17284e-01	-1.39501e+01	
814	8.072800e-02	-5.18219e-01	-5.17394e-01	-1.39500e+01	
815	8.082800e-02	-5.18179e-01	-5.17275e-01	-1.39501e+01	
816	8.092800e-02	-5.18213e-01	-5.17376e-01	-1.39500e+01	
817	8.102800e-02	-5.18176e-01	-5.17267e-01	-1.39501e+01	
818	8.112800e-02	-5.18207e-01	-5.17359e-01	-1.39500e+01	
819	8.122800e-02	-5.18174e-01	-5.17260e-01	-1.39501e+01	
820	8.132800e-02	-5.18203e-01	-5.17345e-01	-1.39500e+01	
821	8.142800e-02	-5.18172e-01	-5.17255e-01	-1.39501e+01	
822	8.152800e-02	-5.18198e-01	-5.17332e-01	-1.39500e+01	
823	8.162800e-02	-5.18171e-01	-5.17250e-01	-1.39501e+01	
824	8.172800e-02	-5.18195e-01	-5.17321e-01	-1.39500e+01	
825	8.182800e-02	-5.18170e-01	-5.17247e-01	-1.39501e+01	
826	8.192800e-02	-5.18192e-01	-5.17313e-01	-1.39500e+01	
827	8.202800e-02	-5.18170e-01	-5.17246e-01	-1.39501e+01	
828	8.212800e-02	-5.18190e-01	-5.17307e-01	-1.39500e+01	
829	8.222800e-02	-5.18170e-01	-5.17246e-01	-1.39501e+01	
830	8.232800e-02	-5.18189e-01	-5.17302e-01	-1.39500e+01	
831	8.242800e-02	-5.18171e-01	-5.17248e-01	-1.39501e+01	
832	8.252800e-02	-5.18189e-01	-5.17301e-01	-1.39500e+01	
833	8.262800e-02	-5.18172e-01	-5.17252e-01	-1.39501e+01	
834	8.272800e-02	-5.18189e-01	-5.17301e-01	-1.39500e+01	
835	8.282800e-02	-5.18174e-01	-5.17258e-01	-1.39501e+01	
836	8.292800e-02	-5.18190e-01	-5.17304e-01	-1.39500e+01	
837	8.302800e-02	-5.18177e-01	-5.17266e-01	-1.39501e+01	
838	8.312800e-02	-5.18192e-01	-5.17309e-01	-1.39500e+01	
839	8.322800e-02	-5.18181e-01	-5.17276e-01	-1.39501e+01	
840	8.332800e-02	-5.18195e-01	-5.17317e-01	-1.39500e+01	
841	8.342800e-02	-5.18185e-01	-5.17288e-01	-1.39500e+01	
842	8.352800e-02	-5.18198e-01	-5.17327e-01	-1.39500e+01	
843	8.362800e-02	-5.18190e-01	-5.17302e-01	-1.39500e+01	
844	8.372800e-02	-5.18202e-01	-5.17339e-01	-1.39500e+01	
845	8.382800e-02	-5.18195e-01	-5.17319e-01	-1.39500e+01	
846	8.392800e-02	-5.18207e-01	-5.17354e-01	-1.39500e+01	
847	8.402800e-02	-5.18201e-01	-5.17337e-01	-1.39500e+01	
848	8.412800e-02	-5.18213e-01	-5.17371e-01	-1.39500e+01	
849	8.422800e-02	-5.18208e-01	-5.17358e-01	-1.39500e+01	
850	8.432800e-02	-5.18220e-01	-5.17391e-01	-1.39500e+01	
851	8.442800e-02	-5.18216e-01	-5.17380e-01	-1.39500e+01	
852	8.452800e-02	-5.18227e-01	-5.17412e-01	-1.39500e+01	
853	8.462800e-02	-5.18224e-01	-5.17405e-01	-1.39500e+01	
854	8.472800e-02	-5.18235e-01	-5.17436e-01	-1.39500e+01	
855	8.482800e-02	-5.18233e-01	-5.17431e-01	-1.39500e+01	
856	8.492800e-02	-5.18244e-01	-5.17462e-01	-1.39500e+01	
857	8.502800e-02	-5.18243e-01	-5.17460e-01	-1.39500e+01	
858	8.512800e-02	-5.18253e-01	-5.17490e-01	-1.39499e+01	
859	8.522800e-02	-5.18253e-01	-5.17490e-01	-1.39499e+01	
860	8.532800e-02	-5.18263e-01	-5.17520e-01	-1.39499e+01	
861	8.542800e-02	-5.18264e-01	-5.17522e-01	-1.39499e+01	
862	8.552800e-02	-5.18274e-01	-5.17551e-01	-1.39499e+01	
863	8.562800e-02	-5.18275e-01	-5.17555e-01	-1.39499e+01	
864	8.572800e-02	-5.18285e-01	-5.17584e-01	-1.39499e+01	
865	8.582800e-02	-5.18286e-01	-5.17590e-01	-1.39499e+01	
866	8.592800e-02	-5.18296e-01	-5.17618e-01	-1.39499e+01	

Index   time            x1.net-_q1-pad3 x1.net-_q2-pad3 x1.net-_q3-pad2 
--------------------------------------------------------------------------------
867	8.602800e-02	-5.18298e-01	-5.17626e-01	-1.39499e+01	
868	8.612800e-02	-5.18308e-01	-5.17654e-01	-1.39499e+01	
869	8.622800e-02	-5.18311e-01	-5.17663e-01	-1.39499e+01	
870	8.632800e-02	-5.18320e-01	-5.17690e-01	-1.39499e+01	
871	8.642800e-02	-5.18323e-01	-5.17700e-01	-1.39498e+01	
872	8.652800e-02	-5.18333e-01	-5.17728e-01	-1.39498e+01	
873	8.662800e-02	-5.18336e-01	-5.17739e-01	-1.39498e+01	
874	8.672800e-02	-5.18345e-01	-5.17766e-01	-1.39498e+01	
875	8.682800e-02	-5.18349e-01	-5.17778e-01	-1.39498e+01	
876	8.692800e-02	-5.18358e-01	-5.17804e-01	-1.39498e+01	
877	8.702800e-02	-5.18362e-01	-5.17817e-01	-1.39498e+01	
878	8.712800e-02	-5.18371e-01	-5.17843e-01	-1.39498e+01	
879	8.722800e-02	-5.18375e-01	-5.17856e-01	-1.39498e+01	
880	8.732800e-02	-5.18384e-01	-5.17881e-01	-1.39498e+01	
881	8.742800e-02	-5.18388e-01	-5.17895e-01	-1.39498e+01	
882	8.752800e-02	-5.18396e-01	-5.17920e-01	-1.39497e+01	
883	8.762800e-02	-5.18401e-01	-5.17934e-01	-1.39497e+01	
884	8.772800e-02	-5.18409e-01	-5.17958e-01	-1.39497e+01	
885	8.782800e-02	-5.18413e-01	-5.17972e-01	-1.39497e+01	
886	8.792800e-02	-5.18421e-01	-5.17995e-01	-1.39497e+01	
887	8.802800e-02	-5.18426e-01	-5.18009e-01	-1.39497e+01	
888	8.812800e-02	-5.18433e-01	-5.18032e-01	-1.39497e+01	
889	8.822800e-02	-5.18438e-01	-5.18046e-01	-1.39497e+01	
890	8.832800e-02	-5.18445e-01	-5.18067e-01	-1.39497e+01	
891	8.842800e-02	-5.18450e-01	-5.18081e-01	-1.39497e+01	
892	8.852800e-02	-5.18456e-01	-5.18102e-01	-1.39497e+01	
893	8.862800e-02	-5.18461e-01	-5.18116e-01	-1.39497e+01	
894	8.872800e-02	-5.18467e-01	-5.18135e-01	-1.39496e+01	
895	8.882800e-02	-5.18472e-01	-5.18149e-01	-1.39496e+01	
896	8.892800e-02	-5.18478e-01	-5.18167e-01	-1.39496e+01	
897	8.902800e-02	-5.18482e-01	-5.18180e-01	-1.39496e+01	
898	8.912800e-02	-5.18488e-01	-5.18198e-01	-1.39496e+01	
899	8.922800e-02	-5.18492e-01	-5.18210e-01	-1.39496e+01	
900	8.932800e-02	-5.18498e-01	-5.18227e-01	-1.39496e+01	
901	8.942800e-02	-5.18501e-01	-5.18239e-01	-1.39496e+01	
902	8.952800e-02	-5.18507e-01	-5.18255e-01	-1.39496e+01	
903	8.962800e-02	-5.18511e-01	-5.18268e-01	-1.39496e+01	
904	8.972800e-02	-5.18517e-01	-5.18285e-01	-1.39496e+01	
905	8.982800e-02	-5.18522e-01	-5.18302e-01	-1.39496e+01	
906	8.992800e-02	-5.18533e-01	-5.18336e-01	-1.39495e+01	
907	9.002800e-02	-5.18577e-01	-5.18469e-01	-1.39495e+01	
908	9.012800e-02	-5.18503e-01	-5.18246e-01	-1.39496e+01	
909	9.022800e-02	-5.18560e-01	-5.18417e-01	-1.39495e+01	
910	9.032800e-02	-5.18505e-01	-5.18253e-01	-1.39496e+01	
911	9.042800e-02	-5.18560e-01	-5.18416e-01	-1.39495e+01	
912	9.052800e-02	-5.18510e-01	-5.18267e-01	-1.39496e+01	
913	9.062800e-02	-5.18560e-01	-5.18417e-01	-1.39495e+01	
914	9.072800e-02	-5.18515e-01	-5.18282e-01	-1.39496e+01	
915	9.082800e-02	-5.18560e-01	-5.18418e-01	-1.39495e+01	
916	9.092800e-02	-5.18519e-01	-5.18294e-01	-1.39496e+01	
917	9.102800e-02	-5.18560e-01	-5.18418e-01	-1.39495e+01	
918	9.112800e-02	-5.18522e-01	-5.18304e-01	-1.39496e+01	
919	9.122800e-02	-5.18559e-01	-5.18416e-01	-1.39495e+01	
920	9.132800e-02	-5.18524e-01	-5.18311e-01	-1.39496e+01	
921	9.142800e-02	-5.18558e-01	-5.18413e-01	-1.39495e+01	
922	9.152800e-02	-5.18526e-01	-5.18316e-01	-1.39496e+01	
923	9.162800e-02	-5.18556e-01	-5.18408e-01	-1.39495e+01	
924	9.172800e-02	-5.18527e-01	-5.18319e-01	-1.39496e+01	

Index   time            x1.net-_q1-pad3 x1.net-_q2-pad3 x1.net-_q3-pad2 
--------------------------------------------------------------------------------
925	9.182800e-02	-5.18554e-01	-5.18402e-01	-1.39495e+01	
926	9.192800e-02	-5.18527e-01	-5.18319e-01	-1.39496e+01	
927	9.202800e-02	-5.18551e-01	-5.18394e-01	-1.39495e+01	
928	9.212800e-02	-5.18526e-01	-5.18317e-01	-1.39496e+01	
929	9.222800e-02	-5.18548e-01	-5.18384e-01	-1.39495e+01	
930	9.232800e-02	-5.18524e-01	-5.18312e-01	-1.39496e+01	
931	9.242800e-02	-5.18544e-01	-5.18372e-01	-1.39495e+01	
932	9.252800e-02	-5.18522e-01	-5.18305e-01	-1.39496e+01	
933	9.262800e-02	-5.18539e-01	-5.18359e-01	-1.39495e+01	
934	9.272800e-02	-5.18519e-01	-5.18296e-01	-1.39496e+01	
935	9.282800e-02	-5.18534e-01	-5.18344e-01	-1.39495e+01	
936	9.292800e-02	-5.18515e-01	-5.18286e-01	-1.39496e+01	
937	9.302800e-02	-5.18529e-01	-5.18327e-01	-1.39496e+01	
938	9.312800e-02	-5.18511e-01	-5.18273e-01	-1.39496e+01	
939	9.322800e-02	-5.18523e-01	-5.18309e-01	-1.39496e+01	
940	9.332800e-02	-5.18506e-01	-5.18258e-01	-1.39496e+01	
941	9.342800e-02	-5.18516e-01	-5.18290e-01	-1.39496e+01	
942	9.352800e-02	-5.18500e-01	-5.18241e-01	-1.39496e+01	
943	9.362800e-02	-5.18509e-01	-5.18269e-01	-1.39496e+01	
944	9.372800e-02	-5.18494e-01	-5.18223e-01	-1.39496e+01	
945	9.382800e-02	-5.18501e-01	-5.18247e-01	-1.39496e+01	
946	9.392800e-02	-5.18487e-01	-5.18203e-01	-1.39496e+01	
947	9.402800e-02	-5.18494e-01	-5.18223e-01	-1.39496e+01	
948	9.412800e-02	-5.18480e-01	-5.18182e-01	-1.39496e+01	
949	9.422800e-02	-5.18485e-01	-5.18199e-01	-1.39496e+01	
950	9.432800e-02	-5.18473e-01	-5.18159e-01	-1.39496e+01	
951	9.442800e-02	-5.18477e-01	-5.18173e-01	-1.39496e+01	
952	9.452800e-02	-5.18465e-01	-5.18135e-01	-1.39496e+01	
953	9.462800e-02	-5.18468e-01	-5.18146e-01	-1.39496e+01	
954	9.472800e-02	-5.18456e-01	-5.18110e-01	-1.39497e+01	
955	9.482800e-02	-5.18459e-01	-5.18118e-01	-1.39497e+01	
956	9.492800e-02	-5.18448e-01	-5.18084e-01	-1.39497e+01	
957	9.502800e-02	-5.18449e-01	-5.18090e-01	-1.39497e+01	
958	9.512800e-02	-5.18439e-01	-5.18057e-01	-1.39497e+01	
959	9.522800e-02	-5.18439e-01	-5.18061e-01	-1.39497e+01	
960	9.532800e-02	-5.18429e-01	-5.18030e-01	-1.39497e+01	
961	9.542800e-02	-5.18429e-01	-5.18031e-01	-1.39497e+01	
962	9.552800e-02	-5.18420e-01	-5.18001e-01	-1.39497e+01	
963	9.562800e-02	-5.18419e-01	-5.18001e-01	-1.39497e+01	
964	9.572800e-02	-5.18410e-01	-5.17972e-01	-1.39497e+01	
965	9.582800e-02	-5.18409e-01	-5.17970e-01	-1.39497e+01	
966	9.592800e-02	-5.18400e-01	-5.17943e-01	-1.39497e+01	
967	9.602800e-02	-5.18399e-01	-5.17940e-01	-1.39497e+01	
968	9.612800e-02	-5.18390e-01	-5.17913e-01	-1.39498e+01	
969	9.622800e-02	-5.18388e-01	-5.17908e-01	-1.39498e+01	
970	9.632800e-02	-5.18380e-01	-5.17883e-01	-1.39498e+01	
971	9.642800e-02	-5.18378e-01	-5.17877e-01	-1.39498e+01	
972	9.652800e-02	-5.18370e-01	-5.17852e-01	-1.39498e+01	
973	9.662800e-02	-5.18368e-01	-5.17846e-01	-1.39498e+01	
974	9.672800e-02	-5.18360e-01	-5.17822e-01	-1.39498e+01	
975	9.682800e-02	-5.18357e-01	-5.17815e-01	-1.39498e+01	
976	9.692800e-02	-5.18350e-01	-5.17792e-01	-1.39498e+01	
977	9.702800e-02	-5.18347e-01	-5.17785e-01	-1.39498e+01	
978	9.712800e-02	-5.18340e-01	-5.17762e-01	-1.39498e+01	
979	9.722800e-02	-5.18337e-01	-5.17754e-01	-1.39498e+01	
980	9.732800e-02	-5.18330e-01	-5.17733e-01	-1.39498e+01	
981	9.742800e-02	-5.18327e-01	-5.17724e-01	-1.39498e+01	
982	9.752800e-02	-5.18321e-01	-5.17704e-01	-1.39499e+01	

Index   time            x1.net-_q1-pad3 x1.net-_q2-pad3 x1.net-_q3-pad2 
--------------------------------------------------------------------------------
983	9.762800e-02	-5.18317e-01	-5.17695e-01	-1.39499e+01	
984	9.772800e-02	-5.18311e-01	-5.17675e-01	-1.39499e+01	
985	9.782800e-02	-5.18308e-01	-5.17666e-01	-1.39499e+01	
986	9.792800e-02	-5.18302e-01	-5.17647e-01	-1.39499e+01	
987	9.802800e-02	-5.18298e-01	-5.17638e-01	-1.39499e+01	
988	9.812800e-02	-5.18293e-01	-5.17620e-01	-1.39499e+01	
989	9.822800e-02	-5.18289e-01	-5.17610e-01	-1.39499e+01	
990	9.832800e-02	-5.18284e-01	-5.17593e-01	-1.39499e+01	
991	9.842800e-02	-5.18280e-01	-5.17584e-01	-1.39499e+01	
992	9.852800e-02	-5.18275e-01	-5.17567e-01	-1.39499e+01	
993	9.862800e-02	-5.18272e-01	-5.17558e-01	-1.39499e+01	
994	9.872800e-02	-5.18267e-01	-5.17542e-01	-1.39499e+01	
995	9.882800e-02	-5.18264e-01	-5.17533e-01	-1.39499e+01	
996	9.892800e-02	-5.18259e-01	-5.17518e-01	-1.39499e+01	
997	9.902800e-02	-5.18256e-01	-5.17509e-01	-1.39499e+01	
998	9.912800e-02	-5.18251e-01	-5.17495e-01	-1.39500e+01	
999	9.922800e-02	-5.18248e-01	-5.17486e-01	-1.39500e+01	
1000	9.932800e-02	-5.18244e-01	-5.17472e-01	-1.39500e+01	
1001	9.942800e-02	-5.18240e-01	-5.17463e-01	-1.39500e+01	
1002	9.952800e-02	-5.18237e-01	-5.17450e-01	-1.39500e+01	
1003	9.962800e-02	-5.18233e-01	-5.17440e-01	-1.39500e+01	
1004	9.972800e-02	-5.18229e-01	-5.17426e-01	-1.39500e+01	
1005	9.982800e-02	-5.18223e-01	-5.17411e-01	-1.39500e+01	
1006	9.992800e-02	-5.18214e-01	-5.17381e-01	-1.39500e+01	
1007	1.000000e-01	-5.18179e-01	-5.17278e-01	-1.39501e+01	

                                kicad schematic
                                Transient Analysis  Mon Feb 10 01:04:19  2025
--------------------------------------------------------------------------------
Index   time            x1.net-_q3-pad3 x1.net-_q10-pad x1.net-_q12-pad 
--------------------------------------------------------------------------------
0	0.000000e+00	-1.44699e+01	1.435689e+01	-1.43583e+01	
1	1.000000e-06	-1.44700e+01	1.435689e+01	-1.43583e+01	
2	2.000000e-06	-1.44700e+01	1.435689e+01	-1.43583e+01	
3	4.000000e-06	-1.44701e+01	1.435689e+01	-1.43583e+01	
4	8.000000e-06	-1.44701e+01	1.435689e+01	-1.43583e+01	
5	1.600000e-05	-1.44701e+01	1.435689e+01	-1.43583e+01	
6	3.200000e-05	-1.44701e+01	1.435689e+01	-1.43583e+01	
7	6.400000e-05	-1.44701e+01	1.435689e+01	-1.43583e+01	
8	1.280000e-04	-1.44701e+01	1.435689e+01	-1.43583e+01	
9	2.280000e-04	-1.44701e+01	1.435689e+01	-1.43583e+01	
10	3.280000e-04	-1.44701e+01	1.435689e+01	-1.43583e+01	
11	4.280000e-04	-1.44701e+01	1.435689e+01	-1.43583e+01	
12	5.280000e-04	-1.44701e+01	1.435689e+01	-1.43583e+01	
13	6.280000e-04	-1.44701e+01	1.435689e+01	-1.43583e+01	
14	7.280000e-04	-1.44701e+01	1.435689e+01	-1.43583e+01	
15	8.280000e-04	-1.44701e+01	1.435689e+01	-1.43583e+01	
16	9.280000e-04	-1.44701e+01	1.435689e+01	-1.43583e+01	
17	1.028000e-03	-1.44701e+01	1.435689e+01	-1.43583e+01	
18	1.128000e-03	-1.44701e+01	1.435689e+01	-1.43583e+01	
19	1.228000e-03	-1.44701e+01	1.435689e+01	-1.43583e+01	
20	1.328000e-03	-1.44701e+01	1.435689e+01	-1.43583e+01	
21	1.428000e-03	-1.44701e+01	1.435689e+01	-1.43583e+01	
22	1.528000e-03	-1.44701e+01	1.435689e+01	-1.43583e+01	
23	1.628000e-03	-1.44701e+01	1.435689e+01	-1.43583e+01	
24	1.728000e-03	-1.44701e+01	1.435689e+01	-1.43583e+01	
25	1.828000e-03	-1.44701e+01	1.435689e+01	-1.43583e+01	
26	1.928000e-03	-1.44701e+01	1.435689e+01	-1.43583e+01	
27	2.028000e-03	-1.44701e+01	1.435689e+01	-1.43583e+01	
28	2.128000e-03	-1.44701e+01	1.435689e+01	-1.43583e+01	
29	2.228000e-03	-1.44701e+01	1.435689e+01	-1.43583e+01	
30	2.328000e-03	-1.44701e+01	1.435689e+01	-1.43583e+01	
31	2.428000e-03	-1.44701e+01	1.435689e+01	-1.43583e+01	
32	2.528000e-03	-1.44701e+01	1.435689e+01	-1.43583e+01	
33	2.628000e-03	-1.44701e+01	1.435689e+01	-1.43583e+01	
34	2.728000e-03	-1.44701e+01	1.435689e+01	-1.43583e+01	
35	2.828000e-03	-1.44701e+01	1.435689e+01	-1.43583e+01	
36	2.928000e-03	-1.44701e+01	1.435689e+01	-1.43583e+01	
37	3.028000e-03	-1.44701e+01	1.435689e+01	-1.43583e+01	
38	3.128000e-03	-1.44701e+01	1.435689e+01	-1.43583e+01	
39	3.228000e-03	-1.44701e+01	1.435689e+01	-1.43583e+01	
40	3.328000e-03	-1.44701e+01	1.435689e+01	-1.43583e+01	
41	3.428000e-03	-1.44701e+01	1.435689e+01	-1.43583e+01	
42	3.528000e-03	-1.44701e+01	1.435689e+01	-1.43583e+01	
43	3.628000e-03	-1.44701e+01	1.435689e+01	-1.43583e+01	
44	3.728000e-03	-1.44701e+01	1.435689e+01	-1.43583e+01	
45	3.828000e-03	-1.44701e+01	1.435689e+01	-1.43583e+01	
46	3.928000e-03	-1.44701e+01	1.435689e+01	-1.43583e+01	
47	4.028000e-03	-1.44701e+01	1.435689e+01	-1.43583e+01	
48	4.128000e-03	-1.44701e+01	1.435689e+01	-1.43583e+01	
49	4.228000e-03	-1.44701e+01	1.435689e+01	-1.43583e+01	
50	4.328000e-03	-1.44701e+01	1.435689e+01	-1.43583e+01	
51	4.428000e-03	-1.44701e+01	1.435689e+01	-1.43583e+01	
52	4.528000e-03	-1.44701e+01	1.435689e+01	-1.43583e+01	
53	4.628000e-03	-1.44700e+01	1.435689e+01	-1.43583e+01	
54	4.728000e-03	-1.44700e+01	1.435689e+01	-1.43583e+01	

Index   time            x1.net-_q3-pad3 x1.net-_q10-pad x1.net-_q12-pad 
--------------------------------------------------------------------------------
55	4.828000e-03	-1.44700e+01	1.435689e+01	-1.43583e+01	
56	4.928000e-03	-1.44700e+01	1.435689e+01	-1.43583e+01	
57	5.028000e-03	-1.44700e+01	1.435689e+01	-1.43583e+01	
58	5.128000e-03	-1.44700e+01	1.435689e+01	-1.43583e+01	
59	5.228000e-03	-1.44700e+01	1.435689e+01	-1.43583e+01	
60	5.328000e-03	-1.44700e+01	1.435689e+01	-1.43583e+01	
61	5.428000e-03	-1.44700e+01	1.435689e+01	-1.43583e+01	
62	5.528000e-03	-1.44700e+01	1.435689e+01	-1.43583e+01	
63	5.628000e-03	-1.44700e+01	1.435689e+01	-1.43583e+01	
64	5.728000e-03	-1.44700e+01	1.435689e+01	-1.43583e+01	
65	5.828000e-03	-1.44700e+01	1.435689e+01	-1.43583e+01	
66	5.928000e-03	-1.44700e+01	1.435689e+01	-1.43583e+01	
67	6.028000e-03	-1.44700e+01	1.435689e+01	-1.43583e+01	
68	6.128000e-03	-1.44699e+01	1.435689e+01	-1.43583e+01	
69	6.228000e-03	-1.44699e+01	1.435689e+01	-1.43583e+01	
70	6.328000e-03	-1.44699e+01	1.435689e+01	-1.43583e+01	
71	6.428000e-03	-1.44699e+01	1.435689e+01	-1.43583e+01	
72	6.528000e-03	-1.44699e+01	1.435689e+01	-1.43583e+01	
73	6.628000e-03	-1.44699e+01	1.435689e+01	-1.43583e+01	
74	6.728000e-03	-1.44699e+01	1.435689e+01	-1.43583e+01	
75	6.828000e-03	-1.44699e+01	1.435689e+01	-1.43583e+01	
76	6.928000e-03	-1.44699e+01	1.435689e+01	-1.43583e+01	
77	7.028000e-03	-1.44699e+01	1.435689e+01	-1.43583e+01	
78	7.128000e-03	-1.44699e+01	1.435689e+01	-1.43583e+01	
79	7.228000e-03	-1.44699e+01	1.435689e+01	-1.43583e+01	
80	7.328000e-03	-1.44698e+01	1.435689e+01	-1.43583e+01	
81	7.428000e-03	-1.44698e+01	1.435689e+01	-1.43583e+01	
82	7.528000e-03	-1.44698e+01	1.435689e+01	-1.43583e+01	
83	7.628000e-03	-1.44698e+01	1.435689e+01	-1.43583e+01	
84	7.728000e-03	-1.44698e+01	1.435689e+01	-1.43583e+01	
85	7.828000e-03	-1.44698e+01	1.435689e+01	-1.43583e+01	
86	7.928000e-03	-1.44698e+01	1.435689e+01	-1.43583e+01	
87	8.028000e-03	-1.44698e+01	1.435689e+01	-1.43583e+01	
88	8.128000e-03	-1.44698e+01	1.435689e+01	-1.43583e+01	
89	8.228000e-03	-1.44698e+01	1.435689e+01	-1.43583e+01	
90	8.328000e-03	-1.44698e+01	1.435689e+01	-1.43583e+01	
91	8.428000e-03	-1.44698e+01	1.435689e+01	-1.43583e+01	
92	8.528000e-03	-1.44697e+01	1.435689e+01	-1.43583e+01	
93	8.628000e-03	-1.44697e+01	1.435689e+01	-1.43583e+01	
94	8.728000e-03	-1.44697e+01	1.435689e+01	-1.43583e+01	
95	8.828000e-03	-1.44697e+01	1.435689e+01	-1.43583e+01	
96	8.928000e-03	-1.44697e+01	1.435689e+01	-1.43583e+01	
97	9.028000e-03	-1.44697e+01	1.435689e+01	-1.43583e+01	
98	9.128000e-03	-1.44697e+01	1.435689e+01	-1.43583e+01	
99	9.228000e-03	-1.44697e+01	1.435689e+01	-1.43583e+01	
100	9.328000e-03	-1.44697e+01	1.435689e+01	-1.43583e+01	
101	9.428000e-03	-1.44697e+01	1.435689e+01	-1.43583e+01	
102	9.528000e-03	-1.44697e+01	1.435689e+01	-1.43583e+01	
103	9.628000e-03	-1.44697e+01	1.435689e+01	-1.43583e+01	
104	9.728000e-03	-1.44697e+01	1.435689e+01	-1.43583e+01	
105	9.828000e-03	-1.44697e+01	1.435689e+01	-1.43583e+01	
106	9.928000e-03	-1.44696e+01	1.435689e+01	-1.43583e+01	
107	1.002800e-02	-1.44696e+01	1.435689e+01	-1.43583e+01	
108	1.012800e-02	-1.44697e+01	1.435689e+01	-1.43583e+01	
109	1.022800e-02	-1.44696e+01	1.435689e+01	-1.43583e+01	
110	1.032800e-02	-1.44697e+01	1.435689e+01	-1.43583e+01	
111	1.042800e-02	-1.44696e+01	1.435689e+01	-1.43583e+01	
112	1.052800e-02	-1.44697e+01	1.435689e+01	-1.43583e+01	

Index   time            x1.net-_q3-pad3 x1.net-_q10-pad x1.net-_q12-pad 
--------------------------------------------------------------------------------
113	1.062800e-02	-1.44696e+01	1.435689e+01	-1.43583e+01	
114	1.072800e-02	-1.44697e+01	1.435689e+01	-1.43583e+01	
115	1.082800e-02	-1.44696e+01	1.435689e+01	-1.43583e+01	
116	1.092800e-02	-1.44697e+01	1.435689e+01	-1.43583e+01	
117	1.102800e-02	-1.44696e+01	1.435689e+01	-1.43583e+01	
118	1.112800e-02	-1.44697e+01	1.435689e+01	-1.43583e+01	
119	1.122800e-02	-1.44696e+01	1.435689e+01	-1.43583e+01	
120	1.132800e-02	-1.44697e+01	1.435689e+01	-1.43583e+01	
121	1.142800e-02	-1.44696e+01	1.435689e+01	-1.43583e+01	
122	1.152800e-02	-1.44696e+01	1.435689e+01	-1.43583e+01	
123	1.162800e-02	-1.44696e+01	1.435689e+01	-1.43583e+01	
124	1.172800e-02	-1.44696e+01	1.435689e+01	-1.43583e+01	
125	1.182800e-02	-1.44696e+01	1.435689e+01	-1.43583e+01	
126	1.192800e-02	-1.44696e+01	1.435689e+01	-1.43583e+01	
127	1.202800e-02	-1.44696e+01	1.435689e+01	-1.43583e+01	
128	1.212800e-02	-1.44696e+01	1.435689e+01	-1.43583e+01	
129	1.222800e-02	-1.44696e+01	1.435689e+01	-1.43583e+01	
130	1.232800e-02	-1.44697e+01	1.435689e+01	-1.43583e+01	
131	1.242800e-02	-1.44696e+01	1.435689e+01	-1.43583e+01	
132	1.252800e-02	-1.44697e+01	1.435689e+01	-1.43583e+01	
133	1.262800e-02	-1.44696e+01	1.435689e+01	-1.43583e+01	
134	1.272800e-02	-1.44697e+01	1.435689e+01	-1.43583e+01	
135	1.282800e-02	-1.44696e+01	1.435689e+01	-1.43583e+01	
136	1.292800e-02	-1.44697e+01	1.435689e+01	-1.43583e+01	
137	1.302800e-02	-1.44696e+01	1.435689e+01	-1.43583e+01	
138	1.312800e-02	-1.44697e+01	1.435689e+01	-1.43583e+01	
139	1.322800e-02	-1.44697e+01	1.435689e+01	-1.43583e+01	
140	1.332800e-02	-1.44697e+01	1.435689e+01	-1.43583e+01	
141	1.342800e-02	-1.44697e+01	1.435689e+01	-1.43583e+01	
142	1.352800e-02	-1.44697e+01	1.435689e+01	-1.43583e+01	
143	1.362800e-02	-1.44697e+01	1.435689e+01	-1.43583e+01	
144	1.372800e-02	-1.44697e+01	1.435689e+01	-1.43583e+01	
145	1.382800e-02	-1.44697e+01	1.435689e+01	-1.43583e+01	
146	1.392800e-02	-1.44697e+01	1.435689e+01	-1.43583e+01	
147	1.402800e-02	-1.44697e+01	1.435689e+01	-1.43583e+01	
148	1.412800e-02	-1.44697e+01	1.435689e+01	-1.43583e+01	
149	1.422800e-02	-1.44697e+01	1.435689e+01	-1.43583e+01	
150	1.432800e-02	-1.44697e+01	1.435689e+01	-1.43583e+01	
151	1.442800e-02	-1.44697e+01	1.435689e+01	-1.43583e+01	
152	1.452800e-02	-1.44697e+01	1.435689e+01	-1.43583e+01	
153	1.462800e-02	-1.44697e+01	1.435689e+01	-1.43583e+01	
154	1.472800e-02	-1.44697e+01	1.435689e+01	-1.43583e+01	
155	1.482800e-02	-1.44697e+01	1.435689e+01	-1.43583e+01	
156	1.492800e-02	-1.44698e+01	1.435689e+01	-1.43583e+01	
157	1.502800e-02	-1.44698e+01	1.435689e+01	-1.43583e+01	
158	1.512800e-02	-1.44698e+01	1.435689e+01	-1.43583e+01	
159	1.522800e-02	-1.44698e+01	1.435689e+01	-1.43583e+01	
160	1.532800e-02	-1.44698e+01	1.435689e+01	-1.43583e+01	
161	1.542800e-02	-1.44698e+01	1.435689e+01	-1.43583e+01	
162	1.552800e-02	-1.44698e+01	1.435689e+01	-1.43583e+01	
163	1.562800e-02	-1.44698e+01	1.435689e+01	-1.43583e+01	
164	1.572800e-02	-1.44698e+01	1.435689e+01	-1.43583e+01	
165	1.582800e-02	-1.44698e+01	1.435689e+01	-1.43583e+01	
166	1.592800e-02	-1.44698e+01	1.435689e+01	-1.43583e+01	
167	1.602800e-02	-1.44698e+01	1.435689e+01	-1.43583e+01	
168	1.612800e-02	-1.44698e+01	1.435689e+01	-1.43583e+01	
169	1.622800e-02	-1.44698e+01	1.435689e+01	-1.43583e+01	
170	1.632800e-02	-1.44698e+01	1.435689e+01	-1.43583e+01	

Index   time            x1.net-_q3-pad3 x1.net-_q10-pad x1.net-_q12-pad 
--------------------------------------------------------------------------------
171	1.642800e-02	-1.44698e+01	1.435689e+01	-1.43583e+01	
172	1.652800e-02	-1.44699e+01	1.435689e+01	-1.43583e+01	
173	1.662800e-02	-1.44699e+01	1.435689e+01	-1.43583e+01	
174	1.672800e-02	-1.44699e+01	1.435689e+01	-1.43583e+01	
175	1.682800e-02	-1.44699e+01	1.435689e+01	-1.43583e+01	
176	1.692800e-02	-1.44699e+01	1.435689e+01	-1.43583e+01	
177	1.702800e-02	-1.44699e+01	1.435689e+01	-1.43583e+01	
178	1.712800e-02	-1.44699e+01	1.435689e+01	-1.43583e+01	
179	1.722800e-02	-1.44699e+01	1.435689e+01	-1.43583e+01	
180	1.732800e-02	-1.44699e+01	1.435689e+01	-1.43583e+01	
181	1.742800e-02	-1.44699e+01	1.435689e+01	-1.43583e+01	
182	1.752800e-02	-1.44699e+01	1.435689e+01	-1.43583e+01	
183	1.762800e-02	-1.44699e+01	1.435689e+01	-1.43583e+01	
184	1.772800e-02	-1.44699e+01	1.435689e+01	-1.43583e+01	
185	1.782800e-02	-1.44699e+01	1.435689e+01	-1.43583e+01	
186	1.792800e-02	-1.44700e+01	1.435689e+01	-1.43583e+01	
187	1.802800e-02	-1.44700e+01	1.435689e+01	-1.43583e+01	
188	1.812800e-02	-1.44700e+01	1.435689e+01	-1.43583e+01	
189	1.822800e-02	-1.44700e+01	1.435689e+01	-1.43583e+01	
190	1.832800e-02	-1.44700e+01	1.435689e+01	-1.43583e+01	
191	1.842800e-02	-1.44700e+01	1.435689e+01	-1.43583e+01	
192	1.852800e-02	-1.44700e+01	1.435689e+01	-1.43583e+01	
193	1.862800e-02	-1.44700e+01	1.435689e+01	-1.43583e+01	
194	1.872800e-02	-1.44700e+01	1.435689e+01	-1.43583e+01	
195	1.882800e-02	-1.44700e+01	1.435689e+01	-1.43583e+01	
196	1.892800e-02	-1.44700e+01	1.435689e+01	-1.43583e+01	
197	1.902800e-02	-1.44700e+01	1.435689e+01	-1.43583e+01	
198	1.912800e-02	-1.44700e+01	1.435689e+01	-1.43583e+01	
199	1.922800e-02	-1.44700e+01	1.435689e+01	-1.43583e+01	
200	1.932800e-02	-1.44700e+01	1.435689e+01	-1.43583e+01	
201	1.942800e-02	-1.44700e+01	1.435689e+01	-1.43583e+01	
202	1.952800e-02	-1.44700e+01	1.435689e+01	-1.43583e+01	
203	1.962800e-02	-1.44700e+01	1.435689e+01	-1.43583e+01	
204	1.972800e-02	-1.44700e+01	1.435689e+01	-1.43583e+01	
205	1.982800e-02	-1.44701e+01	1.435689e+01	-1.43583e+01	
206	1.992800e-02	-1.44701e+01	1.435689e+01	-1.43583e+01	
207	2.002800e-02	-1.44701e+01	1.435689e+01	-1.43583e+01	
208	2.012800e-02	-1.44700e+01	1.435689e+01	-1.43583e+01	
209	2.022800e-02	-1.44701e+01	1.435689e+01	-1.43583e+01	
210	2.032800e-02	-1.44700e+01	1.435689e+01	-1.43583e+01	
211	2.042800e-02	-1.44701e+01	1.435689e+01	-1.43583e+01	
212	2.052800e-02	-1.44701e+01	1.435689e+01	-1.43583e+01	
213	2.062800e-02	-1.44701e+01	1.435689e+01	-1.43583e+01	
214	2.072800e-02	-1.44701e+01	1.435689e+01	-1.43583e+01	
215	2.082800e-02	-1.44701e+01	1.435689e+01	-1.43583e+01	
216	2.092800e-02	-1.44701e+01	1.435689e+01	-1.43583e+01	
217	2.102800e-02	-1.44701e+01	1.435689e+01	-1.43583e+01	
218	2.112800e-02	-1.44701e+01	1.435689e+01	-1.43583e+01	
219	2.122800e-02	-1.44701e+01	1.435689e+01	-1.43583e+01	
220	2.132800e-02	-1.44701e+01	1.435689e+01	-1.43583e+01	
221	2.142800e-02	-1.44701e+01	1.435689e+01	-1.43583e+01	
222	2.152800e-02	-1.44701e+01	1.435689e+01	-1.43583e+01	
223	2.162800e-02	-1.44701e+01	1.435689e+01	-1.43583e+01	
224	2.172800e-02	-1.44701e+01	1.435689e+01	-1.43583e+01	
225	2.182800e-02	-1.44701e+01	1.435689e+01	-1.43583e+01	
226	2.192800e-02	-1.44701e+01	1.435689e+01	-1.43583e+01	
227	2.202800e-02	-1.44701e+01	1.435689e+01	-1.43583e+01	
228	2.212800e-02	-1.44701e+01	1.435689e+01	-1.43583e+01	

Index   time            x1.net-_q3-pad3 x1.net-_q10-pad x1.net-_q12-pad 
--------------------------------------------------------------------------------
229	2.222800e-02	-1.44701e+01	1.435689e+01	-1.43583e+01	
230	2.232800e-02	-1.44701e+01	1.435689e+01	-1.43583e+01	
231	2.242800e-02	-1.44701e+01	1.435689e+01	-1.43583e+01	
232	2.252800e-02	-1.44701e+01	1.435689e+01	-1.43583e+01	
233	2.262800e-02	-1.44701e+01	1.435689e+01	-1.43583e+01	
234	2.272800e-02	-1.44701e+01	1.435689e+01	-1.43583e+01	
235	2.282800e-02	-1.44701e+01	1.435689e+01	-1.43583e+01	
236	2.292800e-02	-1.44701e+01	1.435689e+01	-1.43583e+01	
237	2.302800e-02	-1.44701e+01	1.435689e+01	-1.43583e+01	
238	2.312800e-02	-1.44701e+01	1.435689e+01	-1.43583e+01	
239	2.322800e-02	-1.44701e+01	1.435689e+01	-1.43583e+01	
240	2.332800e-02	-1.44701e+01	1.435689e+01	-1.43583e+01	
241	2.342800e-02	-1.44701e+01	1.435689e+01	-1.43583e+01	
242	2.352800e-02	-1.44701e+01	1.435689e+01	-1.43583e+01	
243	2.362800e-02	-1.44701e+01	1.435689e+01	-1.43583e+01	
244	2.372800e-02	-1.44701e+01	1.435689e+01	-1.43583e+01	
245	2.382800e-02	-1.44701e+01	1.435689e+01	-1.43583e+01	
246	2.392800e-02	-1.44701e+01	1.435689e+01	-1.43583e+01	
247	2.402800e-02	-1.44701e+01	1.435689e+01	-1.43583e+01	
248	2.412800e-02	-1.44701e+01	1.435689e+01	-1.43583e+01	
249	2.422800e-02	-1.44701e+01	1.435689e+01	-1.43583e+01	
250	2.432800e-02	-1.44701e+01	1.435689e+01	-1.43583e+01	
251	2.442800e-02	-1.44701e+01	1.435689e+01	-1.43583e+01	
252	2.452800e-02	-1.44701e+01	1.435689e+01	-1.43583e+01	
253	2.462800e-02	-1.44701e+01	1.435689e+01	-1.43583e+01	
254	2.472800e-02	-1.44700e+01	1.435689e+01	-1.43583e+01	
255	2.482800e-02	-1.44700e+01	1.435689e+01	-1.43583e+01	
256	2.492800e-02	-1.44700e+01	1.435689e+01	-1.43583e+01	
257	2.502800e-02	-1.44700e+01	1.435689e+01	-1.43583e+01	
258	2.512800e-02	-1.44700e+01	1.435689e+01	-1.43583e+01	
259	2.522800e-02	-1.44700e+01	1.435689e+01	-1.43583e+01	
260	2.532800e-02	-1.44700e+01	1.435689e+01	-1.43583e+01	
261	2.542800e-02	-1.44700e+01	1.435689e+01	-1.43583e+01	
262	2.552800e-02	-1.44700e+01	1.435689e+01	-1.43583e+01	
263	2.562800e-02	-1.44700e+01	1.435689e+01	-1.43583e+01	
264	2.572800e-02	-1.44700e+01	1.435689e+01	-1.43583e+01	
265	2.582800e-02	-1.44700e+01	1.435689e+01	-1.43583e+01	
266	2.592800e-02	-1.44700e+01	1.435689e+01	-1.43583e+01	
267	2.602800e-02	-1.44700e+01	1.435689e+01	-1.43583e+01	
268	2.612800e-02	-1.44699e+01	1.435689e+01	-1.43583e+01	
269	2.622800e-02	-1.44699e+01	1.435689e+01	-1.43583e+01	
270	2.632800e-02	-1.44699e+01	1.435689e+01	-1.43583e+01	
271	2.642800e-02	-1.44699e+01	1.435689e+01	-1.43583e+01	
272	2.652800e-02	-1.44699e+01	1.435689e+01	-1.43583e+01	
273	2.662800e-02	-1.44699e+01	1.435689e+01	-1.43583e+01	
274	2.672800e-02	-1.44699e+01	1.435689e+01	-1.43583e+01	
275	2.682800e-02	-1.44699e+01	1.435689e+01	-1.43583e+01	
276	2.692800e-02	-1.44699e+01	1.435689e+01	-1.43583e+01	
277	2.702800e-02	-1.44699e+01	1.435689e+01	-1.43583e+01	
278	2.712800e-02	-1.44699e+01	1.435689e+01	-1.43583e+01	
279	2.722800e-02	-1.44699e+01	1.435689e+01	-1.43583e+01	
280	2.732800e-02	-1.44698e+01	1.435689e+01	-1.43583e+01	
281	2.742800e-02	-1.44698e+01	1.435689e+01	-1.43583e+01	
282	2.752800e-02	-1.44698e+01	1.435689e+01	-1.43583e+01	
283	2.762800e-02	-1.44698e+01	1.435689e+01	-1.43583e+01	
284	2.772800e-02	-1.44698e+01	1.435689e+01	-1.43583e+01	
285	2.782800e-02	-1.44698e+01	1.435689e+01	-1.43583e+01	
286	2.792800e-02	-1.44698e+01	1.435689e+01	-1.43583e+01	

Index   time            x1.net-_q3-pad3 x1.net-_q10-pad x1.net-_q12-pad 
--------------------------------------------------------------------------------
287	2.802800e-02	-1.44698e+01	1.435689e+01	-1.43583e+01	
288	2.812800e-02	-1.44698e+01	1.435689e+01	-1.43583e+01	
289	2.822800e-02	-1.44698e+01	1.435689e+01	-1.43583e+01	
290	2.832800e-02	-1.44698e+01	1.435689e+01	-1.43583e+01	
291	2.842800e-02	-1.44698e+01	1.435689e+01	-1.43583e+01	
292	2.852800e-02	-1.44697e+01	1.435689e+01	-1.43583e+01	
293	2.862800e-02	-1.44697e+01	1.435689e+01	-1.43583e+01	
294	2.872800e-02	-1.44697e+01	1.435689e+01	-1.43583e+01	
295	2.882800e-02	-1.44697e+01	1.435689e+01	-1.43583e+01	
296	2.892800e-02	-1.44697e+01	1.435689e+01	-1.43583e+01	
297	2.902800e-02	-1.44697e+01	1.435689e+01	-1.43583e+01	
298	2.912800e-02	-1.44697e+01	1.435689e+01	-1.43583e+01	
299	2.922800e-02	-1.44697e+01	1.435689e+01	-1.43583e+01	
300	2.932800e-02	-1.44697e+01	1.435689e+01	-1.43583e+01	
301	2.942800e-02	-1.44697e+01	1.435689e+01	-1.43583e+01	
302	2.952800e-02	-1.44697e+01	1.435689e+01	-1.43583e+01	
303	2.962800e-02	-1.44697e+01	1.435689e+01	-1.43583e+01	
304	2.972800e-02	-1.44697e+01	1.435689e+01	-1.43583e+01	
305	2.982800e-02	-1.44697e+01	1.435689e+01	-1.43583e+01	
306	2.992800e-02	-1.44696e+01	1.435689e+01	-1.43583e+01	
307	3.002800e-02	-1.44696e+01	1.435689e+01	-1.43583e+01	
308	3.012800e-02	-1.44697e+01	1.435689e+01	-1.43583e+01	
309	3.022800e-02	-1.44696e+01	1.435689e+01	-1.43583e+01	
310	3.032800e-02	-1.44697e+01	1.435689e+01	-1.43583e+01	
311	3.042800e-02	-1.44696e+01	1.435689e+01	-1.43583e+01	
312	3.052800e-02	-1.44697e+01	1.435689e+01	-1.43583e+01	
313	3.062800e-02	-1.44696e+01	1.435689e+01	-1.43583e+01	
314	3.072800e-02	-1.44697e+01	1.435689e+01	-1.43583e+01	
315	3.082800e-02	-1.44696e+01	1.435689e+01	-1.43583e+01	
316	3.092800e-02	-1.44697e+01	1.435689e+01	-1.43583e+01	
317	3.102800e-02	-1.44696e+01	1.435689e+01	-1.43583e+01	
318	3.112800e-02	-1.44697e+01	1.435689e+01	-1.43583e+01	
319	3.122800e-02	-1.44696e+01	1.435689e+01	-1.43583e+01	
320	3.132800e-02	-1.44697e+01	1.435689e+01	-1.43583e+01	
321	3.142800e-02	-1.44696e+01	1.435689e+01	-1.43583e+01	
322	3.152800e-02	-1.44696e+01	1.435689e+01	-1.43583e+01	
323	3.162800e-02	-1.44696e+01	1.435689e+01	-1.43583e+01	
324	3.172800e-02	-1.44696e+01	1.435689e+01	-1.43583e+01	
325	3.182800e-02	-1.44696e+01	1.435689e+01	-1.43583e+01	
326	3.192800e-02	-1.44696e+01	1.435689e+01	-1.43583e+01	
327	3.202800e-02	-1.44696e+01	1.435689e+01	-1.43583e+01	
328	3.212800e-02	-1.44696e+01	1.435689e+01	-1.43583e+01	
329	3.222800e-02	-1.44696e+01	1.435689e+01	-1.43583e+01	
330	3.232800e-02	-1.44697e+01	1.435689e+01	-1.43583e+01	
331	3.242800e-02	-1.44696e+01	1.435689e+01	-1.43583e+01	
332	3.252800e-02	-1.44697e+01	1.435689e+01	-1.43583e+01	
333	3.262800e-02	-1.44696e+01	1.435689e+01	-1.43583e+01	
334	3.272800e-02	-1.44697e+01	1.435689e+01	-1.43583e+01	
335	3.282800e-02	-1.44696e+01	1.435689e+01	-1.43583e+01	
336	3.292800e-02	-1.44697e+01	1.435689e+01	-1.43583e+01	
337	3.302800e-02	-1.44696e+01	1.435689e+01	-1.43583e+01	
338	3.312800e-02	-1.44697e+01	1.435689e+01	-1.43583e+01	
339	3.322800e-02	-1.44697e+01	1.435689e+01	-1.43583e+01	
340	3.332800e-02	-1.44697e+01	1.435689e+01	-1.43583e+01	
341	3.342800e-02	-1.44697e+01	1.435689e+01	-1.43583e+01	
342	3.352800e-02	-1.44697e+01	1.435689e+01	-1.43583e+01	
343	3.362800e-02	-1.44697e+01	1.435689e+01	-1.43583e+01	
344	3.372800e-02	-1.44697e+01	1.435689e+01	-1.43583e+01	

Index   time            x1.net-_q3-pad3 x1.net-_q10-pad x1.net-_q12-pad 
--------------------------------------------------------------------------------
345	3.382800e-02	-1.44697e+01	1.435689e+01	-1.43583e+01	
346	3.392800e-02	-1.44697e+01	1.435689e+01	-1.43583e+01	
347	3.402800e-02	-1.44697e+01	1.435689e+01	-1.43583e+01	
348	3.412800e-02	-1.44697e+01	1.435689e+01	-1.43583e+01	
349	3.422800e-02	-1.44697e+01	1.435689e+01	-1.43583e+01	
350	3.432800e-02	-1.44697e+01	1.435689e+01	-1.43583e+01	
351	3.442800e-02	-1.44697e+01	1.435689e+01	-1.43583e+01	
352	3.452800e-02	-1.44697e+01	1.435689e+01	-1.43583e+01	
353	3.462800e-02	-1.44697e+01	1.435689e+01	-1.43583e+01	
354	3.472800e-02	-1.44697e+01	1.435689e+01	-1.43583e+01	
355	3.482800e-02	-1.44697e+01	1.435689e+01	-1.43583e+01	
356	3.492800e-02	-1.44698e+01	1.435689e+01	-1.43583e+01	
357	3.502800e-02	-1.44698e+01	1.435689e+01	-1.43583e+01	
358	3.512800e-02	-1.44698e+01	1.435689e+01	-1.43583e+01	
359	3.522800e-02	-1.44698e+01	1.435689e+01	-1.43583e+01	
360	3.532800e-02	-1.44698e+01	1.435689e+01	-1.43583e+01	
361	3.542800e-02	-1.44698e+01	1.435689e+01	-1.43583e+01	
362	3.552800e-02	-1.44698e+01	1.435689e+01	-1.43583e+01	
363	3.562800e-02	-1.44698e+01	1.435689e+01	-1.43583e+01	
364	3.572800e-02	-1.44698e+01	1.435689e+01	-1.43583e+01	
365	3.582800e-02	-1.44698e+01	1.435689e+01	-1.43583e+01	
366	3.592800e-02	-1.44698e+01	1.435689e+01	-1.43583e+01	
367	3.602800e-02	-1.44698e+01	1.435689e+01	-1.43583e+01	
368	3.612800e-02	-1.44698e+01	1.435689e+01	-1.43583e+01	
369	3.622800e-02	-1.44698e+01	1.435689e+01	-1.43583e+01	
370	3.632800e-02	-1.44698e+01	1.435689e+01	-1.43583e+01	
371	3.642800e-02	-1.44698e+01	1.435689e+01	-1.43583e+01	
372	3.652800e-02	-1.44699e+01	1.435689e+01	-1.43583e+01	
373	3.662800e-02	-1.44699e+01	1.435689e+01	-1.43583e+01	
374	3.672800e-02	-1.44699e+01	1.435689e+01	-1.43583e+01	
375	3.682800e-02	-1.44699e+01	1.435689e+01	-1.43583e+01	
376	3.692800e-02	-1.44699e+01	1.435689e+01	-1.43583e+01	
377	3.702800e-02	-1.44699e+01	1.435689e+01	-1.43583e+01	
378	3.712800e-02	-1.44699e+01	1.435689e+01	-1.43583e+01	
379	3.722800e-02	-1.44699e+01	1.435689e+01	-1.43583e+01	
380	3.732800e-02	-1.44699e+01	1.435689e+01	-1.43583e+01	
381	3.742800e-02	-1.44699e+01	1.435689e+01	-1.43583e+01	
382	3.752800e-02	-1.44699e+01	1.435689e+01	-1.43583e+01	
383	3.762800e-02	-1.44699e+01	1.435689e+01	-1.43583e+01	
384	3.772800e-02	-1.44699e+01	1.435689e+01	-1.43583e+01	
385	3.782800e-02	-1.44699e+01	1.435689e+01	-1.43583e+01	
386	3.792800e-02	-1.44699e+01	1.435689e+01	-1.43583e+01	
387	3.802800e-02	-1.44700e+01	1.435689e+01	-1.43583e+01	
388	3.812800e-02	-1.44700e+01	1.435689e+01	-1.43583e+01	
389	3.822800e-02	-1.44700e+01	1.435689e+01	-1.43583e+01	
390	3.832800e-02	-1.44700e+01	1.435689e+01	-1.43583e+01	
391	3.842800e-02	-1.44700e+01	1.435689e+01	-1.43583e+01	
392	3.852800e-02	-1.44700e+01	1.435689e+01	-1.43583e+01	
393	3.862800e-02	-1.44700e+01	1.435689e+01	-1.43583e+01	
394	3.872800e-02	-1.44700e+01	1.435689e+01	-1.43583e+01	
395	3.882800e-02	-1.44700e+01	1.435689e+01	-1.43583e+01	
396	3.892800e-02	-1.44700e+01	1.435689e+01	-1.43583e+01	
397	3.902800e-02	-1.44700e+01	1.435689e+01	-1.43583e+01	
398	3.912800e-02	-1.44700e+01	1.435689e+01	-1.43583e+01	
399	3.922800e-02	-1.44700e+01	1.435689e+01	-1.43583e+01	
400	3.932800e-02	-1.44700e+01	1.435689e+01	-1.43583e+01	
401	3.942800e-02	-1.44700e+01	1.435689e+01	-1.43583e+01	
402	3.952800e-02	-1.44700e+01	1.435689e+01	-1.43583e+01	

Index   time            x1.net-_q3-pad3 x1.net-_q10-pad x1.net-_q12-pad 
--------------------------------------------------------------------------------
403	3.962800e-02	-1.44700e+01	1.435689e+01	-1.43583e+01	
404	3.972800e-02	-1.44700e+01	1.435689e+01	-1.43583e+01	
405	3.982800e-02	-1.44701e+01	1.435689e+01	-1.43583e+01	
406	3.992800e-02	-1.44701e+01	1.435689e+01	-1.43583e+01	
407	4.002800e-02	-1.44701e+01	1.435689e+01	-1.43583e+01	
408	4.012800e-02	-1.44700e+01	1.435689e+01	-1.43583e+01	
409	4.022800e-02	-1.44701e+01	1.435689e+01	-1.43583e+01	
410	4.032800e-02	-1.44700e+01	1.435689e+01	-1.43583e+01	
411	4.042800e-02	-1.44701e+01	1.435689e+01	-1.43583e+01	
412	4.052800e-02	-1.44701e+01	1.435689e+01	-1.43583e+01	
413	4.062800e-02	-1.44701e+01	1.435689e+01	-1.43583e+01	
414	4.072800e-02	-1.44701e+01	1.435689e+01	-1.43583e+01	
415	4.082800e-02	-1.44701e+01	1.435689e+01	-1.43583e+01	
416	4.092800e-02	-1.44701e+01	1.435689e+01	-1.43583e+01	
417	4.102800e-02	-1.44701e+01	1.435689e+01	-1.43583e+01	
418	4.112800e-02	-1.44701e+01	1.435689e+01	-1.43583e+01	
419	4.122800e-02	-1.44701e+01	1.435689e+01	-1.43583e+01	
420	4.132800e-02	-1.44701e+01	1.435689e+01	-1.43583e+01	
421	4.142800e-02	-1.44701e+01	1.435689e+01	-1.43583e+01	
422	4.152800e-02	-1.44701e+01	1.435689e+01	-1.43583e+01	
423	4.162800e-02	-1.44701e+01	1.435689e+01	-1.43583e+01	
424	4.172800e-02	-1.44701e+01	1.435689e+01	-1.43583e+01	
425	4.182800e-02	-1.44701e+01	1.435689e+01	-1.43583e+01	
426	4.192800e-02	-1.44701e+01	1.435689e+01	-1.43583e+01	
427	4.202800e-02	-1.44701e+01	1.435689e+01	-1.43583e+01	
428	4.212800e-02	-1.44701e+01	1.435689e+01	-1.43583e+01	
429	4.222800e-02	-1.44701e+01	1.435689e+01	-1.43583e+01	
430	4.232800e-02	-1.44701e+01	1.435689e+01	-1.43583e+01	
431	4.242800e-02	-1.44701e+01	1.435689e+01	-1.43583e+01	
432	4.252800e-02	-1.44701e+01	1.435689e+01	-1.43583e+01	
433	4.262800e-02	-1.44701e+01	1.435689e+01	-1.43583e+01	
434	4.272800e-02	-1.44701e+01	1.435689e+01	-1.43583e+01	
435	4.282800e-02	-1.44701e+01	1.435689e+01	-1.43583e+01	
436	4.292800e-02	-1.44701e+01	1.435689e+01	-1.43583e+01	
437	4.302800e-02	-1.44701e+01	1.435689e+01	-1.43583e+01	
438	4.312800e-02	-1.44701e+01	1.435689e+01	-1.43583e+01	
439	4.322800e-02	-1.44701e+01	1.435689e+01	-1.43583e+01	
440	4.332800e-02	-1.44701e+01	1.435689e+01	-1.43583e+01	
441	4.342800e-02	-1.44701e+01	1.435689e+01	-1.43583e+01	
442	4.352800e-02	-1.44701e+01	1.435689e+01	-1.43583e+01	
443	4.362800e-02	-1.44701e+01	1.435689e+01	-1.43583e+01	
444	4.372800e-02	-1.44701e+01	1.435689e+01	-1.43583e+01	
445	4.382800e-02	-1.44701e+01	1.435689e+01	-1.43583e+01	
446	4.392800e-02	-1.44701e+01	1.435689e+01	-1.43583e+01	
447	4.402800e-02	-1.44701e+01	1.435689e+01	-1.43583e+01	
448	4.412800e-02	-1.44701e+01	1.435689e+01	-1.43583e+01	
449	4.422800e-02	-1.44701e+01	1.435689e+01	-1.43583e+01	
450	4.432800e-02	-1.44701e+01	1.435689e+01	-1.43583e+01	
451	4.442800e-02	-1.44701e+01	1.435689e+01	-1.43583e+01	
452	4.452800e-02	-1.44701e+01	1.435689e+01	-1.43583e+01	
453	4.462800e-02	-1.44701e+01	1.435689e+01	-1.43583e+01	
454	4.472800e-02	-1.44700e+01	1.435689e+01	-1.43583e+01	
455	4.482800e-02	-1.44700e+01	1.435689e+01	-1.43583e+01	
456	4.492800e-02	-1.44700e+01	1.435689e+01	-1.43583e+01	
457	4.502800e-02	-1.44700e+01	1.435689e+01	-1.43583e+01	
458	4.512800e-02	-1.44700e+01	1.435689e+01	-1.43583e+01	
459	4.522800e-02	-1.44700e+01	1.435689e+01	-1.43583e+01	
460	4.532800e-02	-1.44700e+01	1.435689e+01	-1.43583e+01	

Index   time            x1.net-_q3-pad3 x1.net-_q10-pad x1.net-_q12-pad 
--------------------------------------------------------------------------------
461	4.542800e-02	-1.44700e+01	1.435689e+01	-1.43583e+01	
462	4.552800e-02	-1.44700e+01	1.435689e+01	-1.43583e+01	
463	4.562800e-02	-1.44700e+01	1.435689e+01	-1.43583e+01	
464	4.572800e-02	-1.44700e+01	1.435689e+01	-1.43583e+01	
465	4.582800e-02	-1.44700e+01	1.435689e+01	-1.43583e+01	
466	4.592800e-02	-1.44700e+01	1.435689e+01	-1.43583e+01	
467	4.602800e-02	-1.44700e+01	1.435689e+01	-1.43583e+01	
468	4.612800e-02	-1.44699e+01	1.435689e+01	-1.43583e+01	
469	4.622800e-02	-1.44699e+01	1.435689e+01	-1.43583e+01	
470	4.632800e-02	-1.44699e+01	1.435689e+01	-1.43583e+01	
471	4.642800e-02	-1.44699e+01	1.435689e+01	-1.43583e+01	
472	4.652800e-02	-1.44699e+01	1.435689e+01	-1.43583e+01	
473	4.662800e-02	-1.44699e+01	1.435689e+01	-1.43583e+01	
474	4.672800e-02	-1.44699e+01	1.435689e+01	-1.43583e+01	
475	4.682800e-02	-1.44699e+01	1.435689e+01	-1.43583e+01	
476	4.692800e-02	-1.44699e+01	1.435689e+01	-1.43583e+01	
477	4.702800e-02	-1.44699e+01	1.435689e+01	-1.43583e+01	
478	4.712800e-02	-1.44699e+01	1.435689e+01	-1.43583e+01	
479	4.722800e-02	-1.44699e+01	1.435689e+01	-1.43583e+01	
480	4.732800e-02	-1.44698e+01	1.435689e+01	-1.43583e+01	
481	4.742800e-02	-1.44698e+01	1.435689e+01	-1.43583e+01	
482	4.752800e-02	-1.44698e+01	1.435689e+01	-1.43583e+01	
483	4.762800e-02	-1.44698e+01	1.435689e+01	-1.43583e+01	
484	4.772800e-02	-1.44698e+01	1.435689e+01	-1.43583e+01	
485	4.782800e-02	-1.44698e+01	1.435689e+01	-1.43583e+01	
486	4.792800e-02	-1.44698e+01	1.435689e+01	-1.43583e+01	
487	4.802800e-02	-1.44698e+01	1.435689e+01	-1.43583e+01	
488	4.812800e-02	-1.44698e+01	1.435689e+01	-1.43583e+01	
489	4.822800e-02	-1.44698e+01	1.435689e+01	-1.43583e+01	
490	4.832800e-02	-1.44698e+01	1.435689e+01	-1.43583e+01	
491	4.842800e-02	-1.44698e+01	1.435689e+01	-1.43583e+01	
492	4.852800e-02	-1.44697e+01	1.435689e+01	-1.43583e+01	
493	4.862800e-02	-1.44697e+01	1.435689e+01	-1.43583e+01	
494	4.872800e-02	-1.44697e+01	1.435689e+01	-1.43583e+01	
495	4.882800e-02	-1.44697e+01	1.435689e+01	-1.43583e+01	
496	4.892800e-02	-1.44697e+01	1.435689e+01	-1.43583e+01	
497	4.902800e-02	-1.44697e+01	1.435689e+01	-1.43583e+01	
498	4.912800e-02	-1.44697e+01	1.435689e+01	-1.43583e+01	
499	4.922800e-02	-1.44697e+01	1.435689e+01	-1.43583e+01	
500	4.932800e-02	-1.44697e+01	1.435689e+01	-1.43583e+01	
501	4.942800e-02	-1.44697e+01	1.435689e+01	-1.43583e+01	
502	4.952800e-02	-1.44697e+01	1.435689e+01	-1.43583e+01	
503	4.962800e-02	-1.44697e+01	1.435689e+01	-1.43583e+01	
504	4.972800e-02	-1.44697e+01	1.435689e+01	-1.43583e+01	
505	4.982800e-02	-1.44697e+01	1.435689e+01	-1.43583e+01	
506	4.992800e-02	-1.44696e+01	1.435689e+01	-1.43583e+01	
507	5.002800e-02	-1.44696e+01	1.435689e+01	-1.43583e+01	
508	5.012800e-02	-1.44697e+01	1.435689e+01	-1.43583e+01	
509	5.022800e-02	-1.44696e+01	1.435689e+01	-1.43583e+01	
510	5.032800e-02	-1.44697e+01	1.435689e+01	-1.43583e+01	
511	5.042800e-02	-1.44696e+01	1.435689e+01	-1.43583e+01	
512	5.052800e-02	-1.44697e+01	1.435689e+01	-1.43583e+01	
513	5.062800e-02	-1.44696e+01	1.435689e+01	-1.43583e+01	
514	5.072800e-02	-1.44697e+01	1.435689e+01	-1.43583e+01	
515	5.082800e-02	-1.44696e+01	1.435689e+01	-1.43583e+01	
516	5.092800e-02	-1.44697e+01	1.435689e+01	-1.43583e+01	
517	5.102800e-02	-1.44696e+01	1.435689e+01	-1.43583e+01	
518	5.112800e-02	-1.44697e+01	1.435689e+01	-1.43583e+01	

Index   time            x1.net-_q3-pad3 x1.net-_q10-pad x1.net-_q12-pad 
--------------------------------------------------------------------------------
519	5.122800e-02	-1.44696e+01	1.435689e+01	-1.43583e+01	
520	5.132800e-02	-1.44697e+01	1.435689e+01	-1.43583e+01	
521	5.142800e-02	-1.44696e+01	1.435689e+01	-1.43583e+01	
522	5.152800e-02	-1.44696e+01	1.435689e+01	-1.43583e+01	
523	5.162800e-02	-1.44696e+01	1.435689e+01	-1.43583e+01	
524	5.172800e-02	-1.44696e+01	1.435689e+01	-1.43583e+01	
525	5.182800e-02	-1.44696e+01	1.435689e+01	-1.43583e+01	
526	5.192800e-02	-1.44696e+01	1.435689e+01	-1.43583e+01	
527	5.202800e-02	-1.44696e+01	1.435689e+01	-1.43583e+01	
528	5.212800e-02	-1.44696e+01	1.435689e+01	-1.43583e+01	
529	5.222800e-02	-1.44696e+01	1.435689e+01	-1.43583e+01	
530	5.232800e-02	-1.44697e+01	1.435689e+01	-1.43583e+01	
531	5.242800e-02	-1.44696e+01	1.435689e+01	-1.43583e+01	
532	5.252800e-02	-1.44697e+01	1.435689e+01	-1.43583e+01	
533	5.262800e-02	-1.44696e+01	1.435689e+01	-1.43583e+01	
534	5.272800e-02	-1.44697e+01	1.435689e+01	-1.43583e+01	
535	5.282800e-02	-1.44696e+01	1.435689e+01	-1.43583e+01	
536	5.292800e-02	-1.44697e+01	1.435689e+01	-1.43583e+01	
537	5.302800e-02	-1.44696e+01	1.435689e+01	-1.43583e+01	
538	5.312800e-02	-1.44697e+01	1.435689e+01	-1.43583e+01	
539	5.322800e-02	-1.44697e+01	1.435689e+01	-1.43583e+01	
540	5.332800e-02	-1.44697e+01	1.435689e+01	-1.43583e+01	
541	5.342800e-02	-1.44697e+01	1.435689e+01	-1.43583e+01	
542	5.352800e-02	-1.44697e+01	1.435689e+01	-1.43583e+01	
543	5.362800e-02	-1.44697e+01	1.435689e+01	-1.43583e+01	
544	5.372800e-02	-1.44697e+01	1.435689e+01	-1.43583e+01	
545	5.382800e-02	-1.44697e+01	1.435689e+01	-1.43583e+01	
546	5.392800e-02	-1.44697e+01	1.435689e+01	-1.43583e+01	
547	5.402800e-02	-1.44697e+01	1.435689e+01	-1.43583e+01	
548	5.412800e-02	-1.44697e+01	1.435689e+01	-1.43583e+01	
549	5.422800e-02	-1.44697e+01	1.435689e+01	-1.43583e+01	
550	5.432800e-02	-1.44697e+01	1.435689e+01	-1.43583e+01	
551	5.442800e-02	-1.44697e+01	1.435689e+01	-1.43583e+01	
552	5.452800e-02	-1.44697e+01	1.435689e+01	-1.43583e+01	
553	5.462800e-02	-1.44697e+01	1.435689e+01	-1.43583e+01	
554	5.472800e-02	-1.44697e+01	1.435689e+01	-1.43583e+01	
555	5.482800e-02	-1.44697e+01	1.435689e+01	-1.43583e+01	
556	5.492800e-02	-1.44698e+01	1.435689e+01	-1.43583e+01	
557	5.502800e-02	-1.44698e+01	1.435689e+01	-1.43583e+01	
558	5.512800e-02	-1.44698e+01	1.435689e+01	-1.43583e+01	
559	5.522800e-02	-1.44698e+01	1.435689e+01	-1.43583e+01	
560	5.532800e-02	-1.44698e+01	1.435689e+01	-1.43583e+01	
561	5.542800e-02	-1.44698e+01	1.435689e+01	-1.43583e+01	
562	5.552800e-02	-1.44698e+01	1.435689e+01	-1.43583e+01	
563	5.562800e-02	-1.44698e+01	1.435689e+01	-1.43583e+01	
564	5.572800e-02	-1.44698e+01	1.435689e+01	-1.43583e+01	
565	5.582800e-02	-1.44698e+01	1.435689e+01	-1.43583e+01	
566	5.592800e-02	-1.44698e+01	1.435689e+01	-1.43583e+01	
567	5.602800e-02	-1.44698e+01	1.435689e+01	-1.43583e+01	
568	5.612800e-02	-1.44698e+01	1.435689e+01	-1.43583e+01	
569	5.622800e-02	-1.44698e+01	1.435689e+01	-1.43583e+01	
570	5.632800e-02	-1.44698e+01	1.435689e+01	-1.43583e+01	
571	5.642800e-02	-1.44698e+01	1.435689e+01	-1.43583e+01	
572	5.652800e-02	-1.44699e+01	1.435689e+01	-1.43583e+01	
573	5.662800e-02	-1.44699e+01	1.435689e+01	-1.43583e+01	
574	5.672800e-02	-1.44699e+01	1.435689e+01	-1.43583e+01	
575	5.682800e-02	-1.44699e+01	1.435689e+01	-1.43583e+01	
576	5.692800e-02	-1.44699e+01	1.435689e+01	-1.43583e+01	

Index   time            x1.net-_q3-pad3 x1.net-_q10-pad x1.net-_q12-pad 
--------------------------------------------------------------------------------
577	5.702800e-02	-1.44699e+01	1.435689e+01	-1.43583e+01	
578	5.712800e-02	-1.44699e+01	1.435689e+01	-1.43583e+01	
579	5.722800e-02	-1.44699e+01	1.435689e+01	-1.43583e+01	
580	5.732800e-02	-1.44699e+01	1.435689e+01	-1.43583e+01	
581	5.742800e-02	-1.44699e+01	1.435689e+01	-1.43583e+01	
582	5.752800e-02	-1.44699e+01	1.435689e+01	-1.43583e+01	
583	5.762800e-02	-1.44699e+01	1.435689e+01	-1.43583e+01	
584	5.772800e-02	-1.44699e+01	1.435689e+01	-1.43583e+01	
585	5.782800e-02	-1.44699e+01	1.435689e+01	-1.43583e+01	
586	5.792800e-02	-1.44699e+01	1.435689e+01	-1.43583e+01	
587	5.802800e-02	-1.44700e+01	1.435689e+01	-1.43583e+01	
588	5.812800e-02	-1.44700e+01	1.435689e+01	-1.43583e+01	
589	5.822800e-02	-1.44700e+01	1.435689e+01	-1.43583e+01	
590	5.832800e-02	-1.44700e+01	1.435689e+01	-1.43583e+01	
591	5.842800e-02	-1.44700e+01	1.435689e+01	-1.43583e+01	
592	5.852800e-02	-1.44700e+01	1.435689e+01	-1.43583e+01	
593	5.862800e-02	-1.44700e+01	1.435689e+01	-1.43583e+01	
594	5.872800e-02	-1.44700e+01	1.435689e+01	-1.43583e+01	
595	5.882800e-02	-1.44700e+01	1.435689e+01	-1.43583e+01	
596	5.892800e-02	-1.44700e+01	1.435689e+01	-1.43583e+01	
597	5.902800e-02	-1.44700e+01	1.435689e+01	-1.43583e+01	
598	5.912800e-02	-1.44700e+01	1.435689e+01	-1.43583e+01	
599	5.922800e-02	-1.44700e+01	1.435689e+01	-1.43583e+01	
600	5.932800e-02	-1.44700e+01	1.435689e+01	-1.43583e+01	
601	5.942800e-02	-1.44700e+01	1.435689e+01	-1.43583e+01	
602	5.952800e-02	-1.44700e+01	1.435689e+01	-1.43583e+01	
603	5.962800e-02	-1.44700e+01	1.435689e+01	-1.43583e+01	
604	5.972800e-02	-1.44700e+01	1.435689e+01	-1.43583e+01	
605	5.982800e-02	-1.44701e+01	1.435689e+01	-1.43583e+01	
606	5.992800e-02	-1.44701e+01	1.435689e+01	-1.43583e+01	
607	6.002800e-02	-1.44701e+01	1.435689e+01	-1.43583e+01	
608	6.012800e-02	-1.44700e+01	1.435689e+01	-1.43583e+01	
609	6.022800e-02	-1.44701e+01	1.435689e+01	-1.43583e+01	
610	6.032800e-02	-1.44700e+01	1.435689e+01	-1.43583e+01	
611	6.042800e-02	-1.44701e+01	1.435689e+01	-1.43583e+01	
612	6.052800e-02	-1.44701e+01	1.435689e+01	-1.43583e+01	
613	6.062800e-02	-1.44701e+01	1.435689e+01	-1.43583e+01	
614	6.072800e-02	-1.44701e+01	1.435689e+01	-1.43583e+01	
615	6.082800e-02	-1.44701e+01	1.435689e+01	-1.43583e+01	
616	6.092800e-02	-1.44701e+01	1.435689e+01	-1.43583e+01	
617	6.102800e-02	-1.44701e+01	1.435689e+01	-1.43583e+01	
618	6.112800e-02	-1.44701e+01	1.435689e+01	-1.43583e+01	
619	6.122800e-02	-1.44701e+01	1.435689e+01	-1.43583e+01	
620	6.132800e-02	-1.44701e+01	1.435689e+01	-1.43583e+01	
621	6.142800e-02	-1.44701e+01	1.435689e+01	-1.43583e+01	
622	6.152800e-02	-1.44701e+01	1.435689e+01	-1.43583e+01	
623	6.162800e-02	-1.44701e+01	1.435689e+01	-1.43583e+01	
624	6.172800e-02	-1.44701e+01	1.435689e+01	-1.43583e+01	
625	6.182800e-02	-1.44701e+01	1.435689e+01	-1.43583e+01	
626	6.192800e-02	-1.44701e+01	1.435689e+01	-1.43583e+01	
627	6.202800e-02	-1.44701e+01	1.435689e+01	-1.43583e+01	
628	6.212800e-02	-1.44701e+01	1.435689e+01	-1.43583e+01	
629	6.222800e-02	-1.44701e+01	1.435689e+01	-1.43583e+01	
630	6.232800e-02	-1.44701e+01	1.435689e+01	-1.43583e+01	
631	6.242800e-02	-1.44701e+01	1.435689e+01	-1.43583e+01	
632	6.252800e-02	-1.44701e+01	1.435689e+01	-1.43583e+01	
633	6.262800e-02	-1.44701e+01	1.435689e+01	-1.43583e+01	
634	6.272800e-02	-1.44701e+01	1.435689e+01	-1.43583e+01	

Index   time            x1.net-_q3-pad3 x1.net-_q10-pad x1.net-_q12-pad 
--------------------------------------------------------------------------------
635	6.282800e-02	-1.44701e+01	1.435689e+01	-1.43583e+01	
636	6.292800e-02	-1.44701e+01	1.435689e+01	-1.43583e+01	
637	6.302800e-02	-1.44701e+01	1.435689e+01	-1.43583e+01	
638	6.312800e-02	-1.44701e+01	1.435689e+01	-1.43583e+01	
639	6.322800e-02	-1.44701e+01	1.435689e+01	-1.43583e+01	
640	6.332800e-02	-1.44701e+01	1.435689e+01	-1.43583e+01	
641	6.342800e-02	-1.44701e+01	1.435689e+01	-1.43583e+01	
642	6.352800e-02	-1.44701e+01	1.435689e+01	-1.43583e+01	
643	6.362800e-02	-1.44701e+01	1.435689e+01	-1.43583e+01	
644	6.372800e-02	-1.44701e+01	1.435689e+01	-1.43583e+01	
645	6.382800e-02	-1.44701e+01	1.435689e+01	-1.43583e+01	
646	6.392800e-02	-1.44701e+01	1.435689e+01	-1.43583e+01	
647	6.402800e-02	-1.44701e+01	1.435689e+01	-1.43583e+01	
648	6.412800e-02	-1.44701e+01	1.435689e+01	-1.43583e+01	
649	6.422800e-02	-1.44701e+01	1.435689e+01	-1.43583e+01	
650	6.432800e-02	-1.44701e+01	1.435689e+01	-1.43583e+01	
651	6.442800e-02	-1.44701e+01	1.435689e+01	-1.43583e+01	
652	6.452800e-02	-1.44701e+01	1.435689e+01	-1.43583e+01	
653	6.462800e-02	-1.44701e+01	1.435689e+01	-1.43583e+01	
654	6.472800e-02	-1.44700e+01	1.435689e+01	-1.43583e+01	
655	6.482800e-02	-1.44700e+01	1.435689e+01	-1.43583e+01	
656	6.492800e-02	-1.44700e+01	1.435689e+01	-1.43583e+01	
657	6.502800e-02	-1.44700e+01	1.435689e+01	-1.43583e+01	
658	6.512800e-02	-1.44700e+01	1.435689e+01	-1.43583e+01	
659	6.522800e-02	-1.44700e+01	1.435689e+01	-1.43583e+01	
660	6.532800e-02	-1.44700e+01	1.435689e+01	-1.43583e+01	
661	6.542800e-02	-1.44700e+01	1.435689e+01	-1.43583e+01	
662	6.552800e-02	-1.44700e+01	1.435689e+01	-1.43583e+01	
663	6.562800e-02	-1.44700e+01	1.435689e+01	-1.43583e+01	
664	6.572800e-02	-1.44700e+01	1.435689e+01	-1.43583e+01	
665	6.582800e-02	-1.44700e+01	1.435689e+01	-1.43583e+01	
666	6.592800e-02	-1.44700e+01	1.435689e+01	-1.43583e+01	
667	6.602800e-02	-1.44700e+01	1.435689e+01	-1.43583e+01	
668	6.612800e-02	-1.44699e+01	1.435689e+01	-1.43583e+01	
669	6.622800e-02	-1.44699e+01	1.435689e+01	-1.43583e+01	
670	6.632800e-02	-1.44699e+01	1.435689e+01	-1.43583e+01	
671	6.642800e-02	-1.44699e+01	1.435689e+01	-1.43583e+01	
672	6.652800e-02	-1.44699e+01	1.435689e+01	-1.43583e+01	
673	6.662800e-02	-1.44699e+01	1.435689e+01	-1.43583e+01	
674	6.672800e-02	-1.44699e+01	1.435689e+01	-1.43583e+01	
675	6.682800e-02	-1.44699e+01	1.435689e+01	-1.43583e+01	
676	6.692800e-02	-1.44699e+01	1.435689e+01	-1.43583e+01	
677	6.702800e-02	-1.44699e+01	1.435689e+01	-1.43583e+01	
678	6.712800e-02	-1.44699e+01	1.435689e+01	-1.43583e+01	
679	6.722800e-02	-1.44699e+01	1.435689e+01	-1.43583e+01	
680	6.732800e-02	-1.44698e+01	1.435689e+01	-1.43583e+01	
681	6.742800e-02	-1.44698e+01	1.435689e+01	-1.43583e+01	
682	6.752800e-02	-1.44698e+01	1.435689e+01	-1.43583e+01	
683	6.762800e-02	-1.44698e+01	1.435689e+01	-1.43583e+01	
684	6.772800e-02	-1.44698e+01	1.435689e+01	-1.43583e+01	
685	6.782800e-02	-1.44698e+01	1.435689e+01	-1.43583e+01	
686	6.792800e-02	-1.44698e+01	1.435689e+01	-1.43583e+01	
687	6.802800e-02	-1.44698e+01	1.435689e+01	-1.43583e+01	
688	6.812800e-02	-1.44698e+01	1.435689e+01	-1.43583e+01	
689	6.822800e-02	-1.44698e+01	1.435689e+01	-1.43583e+01	
690	6.832800e-02	-1.44698e+01	1.435689e+01	-1.43583e+01	
691	6.842800e-02	-1.44698e+01	1.435689e+01	-1.43583e+01	
692	6.852800e-02	-1.44697e+01	1.435689e+01	-1.43583e+01	

Index   time            x1.net-_q3-pad3 x1.net-_q10-pad x1.net-_q12-pad 
--------------------------------------------------------------------------------
693	6.862800e-02	-1.44697e+01	1.435689e+01	-1.43583e+01	
694	6.872800e-02	-1.44697e+01	1.435689e+01	-1.43583e+01	
695	6.882800e-02	-1.44697e+01	1.435689e+01	-1.43583e+01	
696	6.892800e-02	-1.44697e+01	1.435689e+01	-1.43583e+01	
697	6.902800e-02	-1.44697e+01	1.435689e+01	-1.43583e+01	
698	6.912800e-02	-1.44697e+01	1.435689e+01	-1.43583e+01	
699	6.922800e-02	-1.44697e+01	1.435689e+01	-1.43583e+01	
700	6.932800e-02	-1.44697e+01	1.435689e+01	-1.43583e+01	
701	6.942800e-02	-1.44697e+01	1.435689e+01	-1.43583e+01	
702	6.952800e-02	-1.44697e+01	1.435689e+01	-1.43583e+01	
703	6.962800e-02	-1.44697e+01	1.435689e+01	-1.43583e+01	
704	6.972800e-02	-1.44697e+01	1.435689e+01	-1.43583e+01	
705	6.982800e-02	-1.44697e+01	1.435689e+01	-1.43583e+01	
706	6.992800e-02	-1.44696e+01	1.435689e+01	-1.43583e+01	
707	7.002800e-02	-1.44696e+01	1.435689e+01	-1.43583e+01	
708	7.012800e-02	-1.44697e+01	1.435689e+01	-1.43583e+01	
709	7.022800e-02	-1.44696e+01	1.435689e+01	-1.43583e+01	
710	7.032800e-02	-1.44697e+01	1.435689e+01	-1.43583e+01	
711	7.042800e-02	-1.44696e+01	1.435689e+01	-1.43583e+01	
712	7.052800e-02	-1.44697e+01	1.435689e+01	-1.43583e+01	
713	7.062800e-02	-1.44696e+01	1.435689e+01	-1.43583e+01	
714	7.072800e-02	-1.44697e+01	1.435689e+01	-1.43583e+01	
715	7.082800e-02	-1.44696e+01	1.435689e+01	-1.43583e+01	
716	7.092800e-02	-1.44697e+01	1.435689e+01	-1.43583e+01	
717	7.102800e-02	-1.44696e+01	1.435689e+01	-1.43583e+01	
718	7.112800e-02	-1.44697e+01	1.435689e+01	-1.43583e+01	
719	7.122800e-02	-1.44696e+01	1.435689e+01	-1.43583e+01	
720	7.132800e-02	-1.44697e+01	1.435689e+01	-1.43583e+01	
721	7.142800e-02	-1.44696e+01	1.435689e+01	-1.43583e+01	
722	7.152800e-02	-1.44696e+01	1.435689e+01	-1.43583e+01	
723	7.162800e-02	-1.44696e+01	1.435689e+01	-1.43583e+01	
724	7.172800e-02	-1.44696e+01	1.435689e+01	-1.43583e+01	
725	7.182800e-02	-1.44696e+01	1.435689e+01	-1.43583e+01	
726	7.192800e-02	-1.44696e+01	1.435689e+01	-1.43583e+01	
727	7.202800e-02	-1.44696e+01	1.435689e+01	-1.43583e+01	
728	7.212800e-02	-1.44696e+01	1.435689e+01	-1.43583e+01	
729	7.222800e-02	-1.44696e+01	1.435689e+01	-1.43583e+01	
730	7.232800e-02	-1.44697e+01	1.435689e+01	-1.43583e+01	
731	7.242800e-02	-1.44696e+01	1.435689e+01	-1.43583e+01	
732	7.252800e-02	-1.44697e+01	1.435689e+01	-1.43583e+01	
733	7.262800e-02	-1.44696e+01	1.435689e+01	-1.43583e+01	
734	7.272800e-02	-1.44697e+01	1.435689e+01	-1.43583e+01	
735	7.282800e-02	-1.44696e+01	1.435689e+01	-1.43583e+01	
736	7.292800e-02	-1.44697e+01	1.435689e+01	-1.43583e+01	
737	7.302800e-02	-1.44696e+01	1.435689e+01	-1.43583e+01	
738	7.312800e-02	-1.44697e+01	1.435689e+01	-1.43583e+01	
739	7.322800e-02	-1.44697e+01	1.435689e+01	-1.43583e+01	
740	7.332800e-02	-1.44697e+01	1.435689e+01	-1.43583e+01	
741	7.342800e-02	-1.44697e+01	1.435689e+01	-1.43583e+01	
742	7.352800e-02	-1.44697e+01	1.435689e+01	-1.43583e+01	
743	7.362800e-02	-1.44697e+01	1.435689e+01	-1.43583e+01	
744	7.372800e-02	-1.44697e+01	1.435689e+01	-1.43583e+01	
745	7.382800e-02	-1.44697e+01	1.435689e+01	-1.43583e+01	
746	7.392800e-02	-1.44697e+01	1.435689e+01	-1.43583e+01	
747	7.402800e-02	-1.44697e+01	1.435689e+01	-1.43583e+01	
748	7.412800e-02	-1.44697e+01	1.435689e+01	-1.43583e+01	
749	7.422800e-02	-1.44697e+01	1.435689e+01	-1.43583e+01	
750	7.432800e-02	-1.44697e+01	1.435689e+01	-1.43583e+01	

Index   time            x1.net-_q3-pad3 x1.net-_q10-pad x1.net-_q12-pad 
--------------------------------------------------------------------------------
751	7.442800e-02	-1.44697e+01	1.435689e+01	-1.43583e+01	
752	7.452800e-02	-1.44697e+01	1.435689e+01	-1.43583e+01	
753	7.462800e-02	-1.44697e+01	1.435689e+01	-1.43583e+01	
754	7.472800e-02	-1.44697e+01	1.435689e+01	-1.43583e+01	
755	7.482800e-02	-1.44697e+01	1.435689e+01	-1.43583e+01	
756	7.492800e-02	-1.44698e+01	1.435689e+01	-1.43583e+01	
757	7.502800e-02	-1.44698e+01	1.435689e+01	-1.43583e+01	
758	7.512800e-02	-1.44698e+01	1.435689e+01	-1.43583e+01	
759	7.522800e-02	-1.44698e+01	1.435689e+01	-1.43583e+01	
760	7.532800e-02	-1.44698e+01	1.435689e+01	-1.43583e+01	
761	7.542800e-02	-1.44698e+01	1.435689e+01	-1.43583e+01	
762	7.552800e-02	-1.44698e+01	1.435689e+01	-1.43583e+01	
763	7.562800e-02	-1.44698e+01	1.435689e+01	-1.43583e+01	
764	7.572800e-02	-1.44698e+01	1.435689e+01	-1.43583e+01	
765	7.582800e-02	-1.44698e+01	1.435689e+01	-1.43583e+01	
766	7.592800e-02	-1.44698e+01	1.435689e+01	-1.43583e+01	
767	7.602800e-02	-1.44698e+01	1.435689e+01	-1.43583e+01	
768	7.612800e-02	-1.44698e+01	1.435689e+01	-1.43583e+01	
769	7.622800e-02	-1.44698e+01	1.435689e+01	-1.43583e+01	
770	7.632800e-02	-1.44698e+01	1.435689e+01	-1.43583e+01	
771	7.642800e-02	-1.44698e+01	1.435689e+01	-1.43583e+01	
772	7.652800e-02	-1.44699e+01	1.435689e+01	-1.43583e+01	
773	7.662800e-02	-1.44699e+01	1.435689e+01	-1.43583e+01	
774	7.672800e-02	-1.44699e+01	1.435689e+01	-1.43583e+01	
775	7.682800e-02	-1.44699e+01	1.435689e+01	-1.43583e+01	
776	7.692800e-02	-1.44699e+01	1.435689e+01	-1.43583e+01	
777	7.702800e-02	-1.44699e+01	1.435689e+01	-1.43583e+01	
778	7.712800e-02	-1.44699e+01	1.435689e+01	-1.43583e+01	
779	7.722800e-02	-1.44699e+01	1.435689e+01	-1.43583e+01	
780	7.732800e-02	-1.44699e+01	1.435689e+01	-1.43583e+01	
781	7.742800e-02	-1.44699e+01	1.435689e+01	-1.43583e+01	
782	7.752800e-02	-1.44699e+01	1.435689e+01	-1.43583e+01	
783	7.762800e-02	-1.44699e+01	1.435689e+01	-1.43583e+01	
784	7.772800e-02	-1.44699e+01	1.435689e+01	-1.43583e+01	
785	7.782800e-02	-1.44699e+01	1.435689e+01	-1.43583e+01	
786	7.792800e-02	-1.44699e+01	1.435689e+01	-1.43583e+01	
787	7.802800e-02	-1.44700e+01	1.435689e+01	-1.43583e+01	
788	7.812800e-02	-1.44700e+01	1.435689e+01	-1.43583e+01	
789	7.822800e-02	-1.44700e+01	1.435689e+01	-1.43583e+01	
790	7.832800e-02	-1.44700e+01	1.435689e+01	-1.43583e+01	
791	7.842800e-02	-1.44700e+01	1.435689e+01	-1.43583e+01	
792	7.852800e-02	-1.44700e+01	1.435689e+01	-1.43583e+01	
793	7.862800e-02	-1.44700e+01	1.435689e+01	-1.43583e+01	
794	7.872800e-02	-1.44700e+01	1.435689e+01	-1.43583e+01	
795	7.882800e-02	-1.44700e+01	1.435689e+01	-1.43583e+01	
796	7.892800e-02	-1.44700e+01	1.435689e+01	-1.43583e+01	
797	7.902800e-02	-1.44700e+01	1.435689e+01	-1.43583e+01	
798	7.912800e-02	-1.44700e+01	1.435689e+01	-1.43583e+01	
799	7.922800e-02	-1.44700e+01	1.435689e+01	-1.43583e+01	
800	7.932800e-02	-1.44700e+01	1.435689e+01	-1.43583e+01	
801	7.942800e-02	-1.44700e+01	1.435689e+01	-1.43583e+01	
802	7.952800e-02	-1.44700e+01	1.435689e+01	-1.43583e+01	
803	7.962800e-02	-1.44700e+01	1.435689e+01	-1.43583e+01	
804	7.972800e-02	-1.44700e+01	1.435689e+01	-1.43583e+01	
805	7.982800e-02	-1.44701e+01	1.435689e+01	-1.43583e+01	
806	7.992800e-02	-1.44701e+01	1.435689e+01	-1.43583e+01	
807	8.002800e-02	-1.44701e+01	1.435689e+01	-1.43583e+01	
808	8.012800e-02	-1.44700e+01	1.435689e+01	-1.43583e+01	

Index   time            x1.net-_q3-pad3 x1.net-_q10-pad x1.net-_q12-pad 
--------------------------------------------------------------------------------
809	8.022800e-02	-1.44701e+01	1.435689e+01	-1.43583e+01	
810	8.032800e-02	-1.44700e+01	1.435689e+01	-1.43583e+01	
811	8.042800e-02	-1.44701e+01	1.435689e+01	-1.43583e+01	
812	8.052800e-02	-1.44701e+01	1.435689e+01	-1.43583e+01	
813	8.062800e-02	-1.44701e+01	1.435689e+01	-1.43583e+01	
814	8.072800e-02	-1.44701e+01	1.435689e+01	-1.43583e+01	
815	8.082800e-02	-1.44701e+01	1.435689e+01	-1.43583e+01	
816	8.092800e-02	-1.44701e+01	1.435689e+01	-1.43583e+01	
817	8.102800e-02	-1.44701e+01	1.435689e+01	-1.43583e+01	
818	8.112800e-02	-1.44701e+01	1.435689e+01	-1.43583e+01	
819	8.122800e-02	-1.44701e+01	1.435689e+01	-1.43583e+01	
820	8.132800e-02	-1.44701e+01	1.435689e+01	-1.43583e+01	
821	8.142800e-02	-1.44701e+01	1.435689e+01	-1.43583e+01	
822	8.152800e-02	-1.44701e+01	1.435689e+01	-1.43583e+01	
823	8.162800e-02	-1.44701e+01	1.435689e+01	-1.43583e+01	
824	8.172800e-02	-1.44701e+01	1.435689e+01	-1.43583e+01	
825	8.182800e-02	-1.44701e+01	1.435689e+01	-1.43583e+01	
826	8.192800e-02	-1.44701e+01	1.435689e+01	-1.43583e+01	
827	8.202800e-02	-1.44701e+01	1.435689e+01	-1.43583e+01	
828	8.212800e-02	-1.44701e+01	1.435689e+01	-1.43583e+01	
829	8.222800e-02	-1.44701e+01	1.435689e+01	-1.43583e+01	
830	8.232800e-02	-1.44701e+01	1.435689e+01	-1.43583e+01	
831	8.242800e-02	-1.44701e+01	1.435689e+01	-1.43583e+01	
832	8.252800e-02	-1.44701e+01	1.435689e+01	-1.43583e+01	
833	8.262800e-02	-1.44701e+01	1.435689e+01	-1.43583e+01	
834	8.272800e-02	-1.44701e+01	1.435689e+01	-1.43583e+01	
835	8.282800e-02	-1.44701e+01	1.435689e+01	-1.43583e+01	
836	8.292800e-02	-1.44701e+01	1.435689e+01	-1.43583e+01	
837	8.302800e-02	-1.44701e+01	1.435689e+01	-1.43583e+01	
838	8.312800e-02	-1.44701e+01	1.435689e+01	-1.43583e+01	
839	8.322800e-02	-1.44701e+01	1.435689e+01	-1.43583e+01	
840	8.332800e-02	-1.44701e+01	1.435689e+01	-1.43583e+01	
841	8.342800e-02	-1.44701e+01	1.435689e+01	-1.43583e+01	
842	8.352800e-02	-1.44701e+01	1.435689e+01	-1.43583e+01	
843	8.362800e-02	-1.44701e+01	1.435689e+01	-1.43583e+01	
844	8.372800e-02	-1.44701e+01	1.435689e+01	-1.43583e+01	
845	8.382800e-02	-1.44701e+01	1.435689e+01	-1.43583e+01	
846	8.392800e-02	-1.44701e+01	1.435689e+01	-1.43583e+01	
847	8.402800e-02	-1.44701e+01	1.435689e+01	-1.43583e+01	
848	8.412800e-02	-1.44701e+01	1.435689e+01	-1.43583e+01	
849	8.422800e-02	-1.44701e+01	1.435689e+01	-1.43583e+01	
850	8.432800e-02	-1.44701e+01	1.435689e+01	-1.43583e+01	
851	8.442800e-02	-1.44701e+01	1.435689e+01	-1.43583e+01	
852	8.452800e-02	-1.44701e+01	1.435689e+01	-1.43583e+01	
853	8.462800e-02	-1.44701e+01	1.435689e+01	-1.43583e+01	
854	8.472800e-02	-1.44700e+01	1.435689e+01	-1.43583e+01	
855	8.482800e-02	-1.44700e+01	1.435689e+01	-1.43583e+01	
856	8.492800e-02	-1.44700e+01	1.435689e+01	-1.43583e+01	
857	8.502800e-02	-1.44700e+01	1.435689e+01	-1.43583e+01	
858	8.512800e-02	-1.44700e+01	1.435689e+01	-1.43583e+01	
859	8.522800e-02	-1.44700e+01	1.435689e+01	-1.43583e+01	
860	8.532800e-02	-1.44700e+01	1.435689e+01	-1.43583e+01	
861	8.542800e-02	-1.44700e+01	1.435689e+01	-1.43583e+01	
862	8.552800e-02	-1.44700e+01	1.435689e+01	-1.43583e+01	
863	8.562800e-02	-1.44700e+01	1.435689e+01	-1.43583e+01	
864	8.572800e-02	-1.44700e+01	1.435689e+01	-1.43583e+01	
865	8.582800e-02	-1.44700e+01	1.435689e+01	-1.43583e+01	
866	8.592800e-02	-1.44700e+01	1.435689e+01	-1.43583e+01	

Index   time            x1.net-_q3-pad3 x1.net-_q10-pad x1.net-_q12-pad 
--------------------------------------------------------------------------------
867	8.602800e-02	-1.44700e+01	1.435689e+01	-1.43583e+01	
868	8.612800e-02	-1.44699e+01	1.435689e+01	-1.43583e+01	
869	8.622800e-02	-1.44699e+01	1.435689e+01	-1.43583e+01	
870	8.632800e-02	-1.44699e+01	1.435689e+01	-1.43583e+01	
871	8.642800e-02	-1.44699e+01	1.435689e+01	-1.43583e+01	
872	8.652800e-02	-1.44699e+01	1.435689e+01	-1.43583e+01	
873	8.662800e-02	-1.44699e+01	1.435689e+01	-1.43583e+01	
874	8.672800e-02	-1.44699e+01	1.435689e+01	-1.43583e+01	
875	8.682800e-02	-1.44699e+01	1.435689e+01	-1.43583e+01	
876	8.692800e-02	-1.44699e+01	1.435689e+01	-1.43583e+01	
877	8.702800e-02	-1.44699e+01	1.435689e+01	-1.43583e+01	
878	8.712800e-02	-1.44699e+01	1.435689e+01	-1.43583e+01	
879	8.722800e-02	-1.44699e+01	1.435689e+01	-1.43583e+01	
880	8.732800e-02	-1.44698e+01	1.435689e+01	-1.43583e+01	
881	8.742800e-02	-1.44698e+01	1.435689e+01	-1.43583e+01	
882	8.752800e-02	-1.44698e+01	1.435689e+01	-1.43583e+01	
883	8.762800e-02	-1.44698e+01	1.435689e+01	-1.43583e+01	
884	8.772800e-02	-1.44698e+01	1.435689e+01	-1.43583e+01	
885	8.782800e-02	-1.44698e+01	1.435689e+01	-1.43583e+01	
886	8.792800e-02	-1.44698e+01	1.435689e+01	-1.43583e+01	
887	8.802800e-02	-1.44698e+01	1.435689e+01	-1.43583e+01	
888	8.812800e-02	-1.44698e+01	1.435689e+01	-1.43583e+01	
889	8.822800e-02	-1.44698e+01	1.435689e+01	-1.43583e+01	
890	8.832800e-02	-1.44698e+01	1.435689e+01	-1.43583e+01	
891	8.842800e-02	-1.44698e+01	1.435689e+01	-1.43583e+01	
892	8.852800e-02	-1.44697e+01	1.435689e+01	-1.43583e+01	
893	8.862800e-02	-1.44697e+01	1.435689e+01	-1.43583e+01	
894	8.872800e-02	-1.44697e+01	1.435689e+01	-1.43583e+01	
895	8.882800e-02	-1.44697e+01	1.435689e+01	-1.43583e+01	
896	8.892800e-02	-1.44697e+01	1.435689e+01	-1.43583e+01	
897	8.902800e-02	-1.44697e+01	1.435689e+01	-1.43583e+01	
898	8.912800e-02	-1.44697e+01	1.435689e+01	-1.43583e+01	
899	8.922800e-02	-1.44697e+01	1.435689e+01	-1.43583e+01	
900	8.932800e-02	-1.44697e+01	1.435689e+01	-1.43583e+01	
901	8.942800e-02	-1.44697e+01	1.435689e+01	-1.43583e+01	
902	8.952800e-02	-1.44697e+01	1.435689e+01	-1.43583e+01	
903	8.962800e-02	-1.44697e+01	1.435689e+01	-1.43583e+01	
904	8.972800e-02	-1.44697e+01	1.435689e+01	-1.43583e+01	
905	8.982800e-02	-1.44697e+01	1.435689e+01	-1.43583e+01	
906	8.992800e-02	-1.44696e+01	1.435689e+01	-1.43583e+01	
907	9.002800e-02	-1.44696e+01	1.435689e+01	-1.43583e+01	
908	9.012800e-02	-1.44697e+01	1.435689e+01	-1.43583e+01	
909	9.022800e-02	-1.44696e+01	1.435689e+01	-1.43583e+01	
910	9.032800e-02	-1.44697e+01	1.435689e+01	-1.43583e+01	
911	9.042800e-02	-1.44696e+01	1.435689e+01	-1.43583e+01	
912	9.052800e-02	-1.44697e+01	1.435689e+01	-1.43583e+01	
913	9.062800e-02	-1.44696e+01	1.435689e+01	-1.43583e+01	
914	9.072800e-02	-1.44697e+01	1.435689e+01	-1.43583e+01	
915	9.082800e-02	-1.44696e+01	1.435689e+01	-1.43583e+01	
916	9.092800e-02	-1.44697e+01	1.435689e+01	-1.43583e+01	
917	9.102800e-02	-1.44696e+01	1.435689e+01	-1.43583e+01	
918	9.112800e-02	-1.44697e+01	1.435689e+01	-1.43583e+01	
919	9.122800e-02	-1.44696e+01	1.435689e+01	-1.43583e+01	
920	9.132800e-02	-1.44697e+01	1.435689e+01	-1.43583e+01	
921	9.142800e-02	-1.44696e+01	1.435689e+01	-1.43583e+01	
922	9.152800e-02	-1.44696e+01	1.435689e+01	-1.43583e+01	
923	9.162800e-02	-1.44696e+01	1.435689e+01	-1.43583e+01	
924	9.172800e-02	-1.44696e+01	1.435689e+01	-1.43583e+01	

Index   time            x1.net-_q3-pad3 x1.net-_q10-pad x1.net-_q12-pad 
--------------------------------------------------------------------------------
925	9.182800e-02	-1.44696e+01	1.435689e+01	-1.43583e+01	
926	9.192800e-02	-1.44696e+01	1.435689e+01	-1.43583e+01	
927	9.202800e-02	-1.44696e+01	1.435689e+01	-1.43583e+01	
928	9.212800e-02	-1.44696e+01	1.435689e+01	-1.43583e+01	
929	9.222800e-02	-1.44696e+01	1.435689e+01	-1.43583e+01	
930	9.232800e-02	-1.44697e+01	1.435689e+01	-1.43583e+01	
931	9.242800e-02	-1.44696e+01	1.435689e+01	-1.43583e+01	
932	9.252800e-02	-1.44697e+01	1.435689e+01	-1.43583e+01	
933	9.262800e-02	-1.44696e+01	1.435689e+01	-1.43583e+01	
934	9.272800e-02	-1.44697e+01	1.435689e+01	-1.43583e+01	
935	9.282800e-02	-1.44696e+01	1.435689e+01	-1.43583e+01	
936	9.292800e-02	-1.44697e+01	1.435689e+01	-1.43583e+01	
937	9.302800e-02	-1.44696e+01	1.435689e+01	-1.43583e+01	
938	9.312800e-02	-1.44697e+01	1.435689e+01	-1.43583e+01	
939	9.322800e-02	-1.44697e+01	1.435689e+01	-1.43583e+01	
940	9.332800e-02	-1.44697e+01	1.435689e+01	-1.43583e+01	
941	9.342800e-02	-1.44697e+01	1.435689e+01	-1.43583e+01	
942	9.352800e-02	-1.44697e+01	1.435689e+01	-1.43583e+01	
943	9.362800e-02	-1.44697e+01	1.435689e+01	-1.43583e+01	
944	9.372800e-02	-1.44697e+01	1.435689e+01	-1.43583e+01	
945	9.382800e-02	-1.44697e+01	1.435689e+01	-1.43583e+01	
946	9.392800e-02	-1.44697e+01	1.435689e+01	-1.43583e+01	
947	9.402800e-02	-1.44697e+01	1.435689e+01	-1.43583e+01	
948	9.412800e-02	-1.44697e+01	1.435689e+01	-1.43583e+01	
949	9.422800e-02	-1.44697e+01	1.435689e+01	-1.43583e+01	
950	9.432800e-02	-1.44697e+01	1.435689e+01	-1.43583e+01	
951	9.442800e-02	-1.44697e+01	1.435689e+01	-1.43583e+01	
952	9.452800e-02	-1.44697e+01	1.435689e+01	-1.43583e+01	
953	9.462800e-02	-1.44697e+01	1.435689e+01	-1.43583e+01	
954	9.472800e-02	-1.44697e+01	1.435689e+01	-1.43583e+01	
955	9.482800e-02	-1.44697e+01	1.435689e+01	-1.43583e+01	
956	9.492800e-02	-1.44698e+01	1.435689e+01	-1.43583e+01	
957	9.502800e-02	-1.44698e+01	1.435689e+01	-1.43583e+01	
958	9.512800e-02	-1.44698e+01	1.435689e+01	-1.43583e+01	
959	9.522800e-02	-1.44698e+01	1.435689e+01	-1.43583e+01	
960	9.532800e-02	-1.44698e+01	1.435689e+01	-1.43583e+01	
961	9.542800e-02	-1.44698e+01	1.435689e+01	-1.43583e+01	
962	9.552800e-02	-1.44698e+01	1.435689e+01	-1.43583e+01	
963	9.562800e-02	-1.44698e+01	1.435689e+01	-1.43583e+01	
964	9.572800e-02	-1.44698e+01	1.435689e+01	-1.43583e+01	
965	9.582800e-02	-1.44698e+01	1.435689e+01	-1.43583e+01	
966	9.592800e-02	-1.44698e+01	1.435689e+01	-1.43583e+01	
967	9.602800e-02	-1.44698e+01	1.435689e+01	-1.43583e+01	
968	9.612800e-02	-1.44698e+01	1.435689e+01	-1.43583e+01	
969	9.622800e-02	-1.44698e+01	1.435689e+01	-1.43583e+01	
970	9.632800e-02	-1.44698e+01	1.435689e+01	-1.43583e+01	
971	9.642800e-02	-1.44698e+01	1.435689e+01	-1.43583e+01	
972	9.652800e-02	-1.44699e+01	1.435689e+01	-1.43583e+01	
973	9.662800e-02	-1.44699e+01	1.435689e+01	-1.43583e+01	
974	9.672800e-02	-1.44699e+01	1.435689e+01	-1.43583e+01	
975	9.682800e-02	-1.44699e+01	1.435689e+01	-1.43583e+01	
976	9.692800e-02	-1.44699e+01	1.435689e+01	-1.43583e+01	
977	9.702800e-02	-1.44699e+01	1.435689e+01	-1.43583e+01	
978	9.712800e-02	-1.44699e+01	1.435689e+01	-1.43583e+01	
979	9.722800e-02	-1.44699e+01	1.435689e+01	-1.43583e+01	
980	9.732800e-02	-1.44699e+01	1.435689e+01	-1.43583e+01	
981	9.742800e-02	-1.44699e+01	1.435689e+01	-1.43583e+01	
982	9.752800e-02	-1.44699e+01	1.435689e+01	-1.43583e+01	

Index   time            x1.net-_q3-pad3 x1.net-_q10-pad x1.net-_q12-pad 
--------------------------------------------------------------------------------
983	9.762800e-02	-1.44699e+01	1.435689e+01	-1.43583e+01	
984	9.772800e-02	-1.44699e+01	1.435689e+01	-1.43583e+01	
985	9.782800e-02	-1.44699e+01	1.435689e+01	-1.43583e+01	
986	9.792800e-02	-1.44699e+01	1.435689e+01	-1.43583e+01	
987	9.802800e-02	-1.44700e+01	1.435689e+01	-1.43583e+01	
988	9.812800e-02	-1.44700e+01	1.435689e+01	-1.43583e+01	
989	9.822800e-02	-1.44700e+01	1.435689e+01	-1.43583e+01	
990	9.832800e-02	-1.44700e+01	1.435689e+01	-1.43583e+01	
991	9.842800e-02	-1.44700e+01	1.435689e+01	-1.43583e+01	
992	9.852800e-02	-1.44700e+01	1.435689e+01	-1.43583e+01	
993	9.862800e-02	-1.44700e+01	1.435689e+01	-1.43583e+01	
994	9.872800e-02	-1.44700e+01	1.435689e+01	-1.43583e+01	
995	9.882800e-02	-1.44700e+01	1.435689e+01	-1.43583e+01	
996	9.892800e-02	-1.44700e+01	1.435689e+01	-1.43583e+01	
997	9.902800e-02	-1.44700e+01	1.435689e+01	-1.43583e+01	
998	9.912800e-02	-1.44700e+01	1.435689e+01	-1.43583e+01	
999	9.922800e-02	-1.44700e+01	1.435689e+01	-1.43583e+01	
1000	9.932800e-02	-1.44700e+01	1.435689e+01	-1.43583e+01	
1001	9.942800e-02	-1.44700e+01	1.435689e+01	-1.43583e+01	
1002	9.952800e-02	-1.44700e+01	1.435689e+01	-1.43583e+01	
1003	9.962800e-02	-1.44700e+01	1.435689e+01	-1.43583e+01	
1004	9.972800e-02	-1.44700e+01	1.435689e+01	-1.43583e+01	
1005	9.982800e-02	-1.44701e+01	1.435689e+01	-1.43583e+01	
1006	9.992800e-02	-1.44701e+01	1.435689e+01	-1.43583e+01	
1007	1.000000e-01	-1.44701e+01	1.435689e+01	-1.43583e+01	

                                kicad schematic
                                Transient Analysis  Mon Feb 10 01:04:19  2025
--------------------------------------------------------------------------------
Index   time            x1.net-_q13-pad x1.net-_q13-pad x1.net-_q14-pad 
--------------------------------------------------------------------------------
0	0.000000e+00	-1.03654e+00	-1.48988e+01	1.195047e-01	
1	1.000000e-06	-1.03638e+00	-1.48988e+01	1.177705e-01	
2	2.000000e-06	-1.03628e+00	-1.48988e+01	1.149885e-01	
3	4.000000e-06	-1.03616e+00	-1.48988e+01	1.081674e-01	
4	8.000000e-06	-1.03613e+00	-1.48988e+01	9.131145e-02	
5	1.600000e-05	-1.03614e+00	-1.48988e+01	5.684840e-02	
6	3.200000e-05	-1.03616e+00	-1.48988e+01	-8.52912e-03	
7	6.400000e-05	-1.03620e+00	-1.48988e+01	-1.28820e-01	
8	1.280000e-04	-1.03621e+00	-1.48988e+01	-3.52528e-01	
9	2.280000e-04	-1.03621e+00	-1.48988e+01	-6.88789e-01	
10	3.280000e-04	-1.03621e+00	-1.48988e+01	-1.01835e+00	
11	4.280000e-04	-1.03620e+00	-1.48988e+01	-1.34458e+00	
12	5.280000e-04	-1.03620e+00	-1.48988e+01	-1.66780e+00	
13	6.280000e-04	-1.03619e+00	-1.48988e+01	-1.98843e+00	
14	7.280000e-04	-1.03619e+00	-1.48988e+01	-2.30642e+00	
15	8.280000e-04	-1.03618e+00	-1.48988e+01	-2.62164e+00	
16	9.280000e-04	-1.03618e+00	-1.48988e+01	-2.93387e+00	
17	1.028000e-03	-1.03618e+00	-1.48988e+01	-3.24291e+00	
18	1.128000e-03	-1.03617e+00	-1.48988e+01	-3.54849e+00	
19	1.228000e-03	-1.03617e+00	-1.48988e+01	-3.85037e+00	
20	1.328000e-03	-1.03616e+00	-1.48988e+01	-4.14826e+00	
21	1.428000e-03	-1.03616e+00	-1.48988e+01	-4.44194e+00	
22	1.528000e-03	-1.03616e+00	-1.48988e+01	-4.73108e+00	
23	1.628000e-03	-1.03616e+00	-1.48988e+01	-5.01547e+00	
24	1.728000e-03	-1.03615e+00	-1.48988e+01	-5.29480e+00	
25	1.828000e-03	-1.03615e+00	-1.48988e+01	-5.56885e+00	
26	1.928000e-03	-1.03615e+00	-1.48988e+01	-5.83731e+00	
27	2.028000e-03	-1.03615e+00	-1.48988e+01	-6.09996e+00	
28	2.128000e-03	-1.03615e+00	-1.48988e+01	-6.35653e+00	
29	2.228000e-03	-1.03615e+00	-1.48988e+01	-6.60680e+00	
30	2.328000e-03	-1.03615e+00	-1.48988e+01	-6.85049e+00	
31	2.428000e-03	-1.03615e+00	-1.48988e+01	-7.08739e+00	
32	2.528000e-03	-1.03615e+00	-1.48988e+01	-7.31726e+00	
33	2.628000e-03	-1.03615e+00	-1.48988e+01	-7.53988e+00	
34	2.728000e-03	-1.03615e+00	-1.48988e+01	-7.75503e+00	
35	2.828000e-03	-1.03615e+00	-1.48988e+01	-7.96252e+00	
36	2.928000e-03	-1.03616e+00	-1.48988e+01	-8.16212e+00	
37	3.028000e-03	-1.03616e+00	-1.48988e+01	-8.35366e+00	
38	3.128000e-03	-1.03616e+00	-1.48988e+01	-8.53693e+00	
39	3.228000e-03	-1.03616e+00	-1.48988e+01	-8.71176e+00	
40	3.328000e-03	-1.03617e+00	-1.48988e+01	-8.87799e+00	
41	3.428000e-03	-1.03617e+00	-1.48988e+01	-9.03544e+00	
42	3.528000e-03	-1.03618e+00	-1.48988e+01	-9.18397e+00	
43	3.628000e-03	-1.03618e+00	-1.48988e+01	-9.32343e+00	
44	3.728000e-03	-1.03618e+00	-1.48988e+01	-9.45367e+00	
45	3.828000e-03	-1.03619e+00	-1.48988e+01	-9.57459e+00	
46	3.928000e-03	-1.03620e+00	-1.48988e+01	-9.68604e+00	
47	4.028000e-03	-1.03620e+00	-1.48988e+01	-9.78794e+00	
48	4.128000e-03	-1.03621e+00	-1.48988e+01	-9.88017e+00	
49	4.228000e-03	-1.03621e+00	-1.48988e+01	-9.96264e+00	
50	4.328000e-03	-1.03622e+00	-1.48988e+01	-1.00353e+01	
51	4.428000e-03	-1.03623e+00	-1.48988e+01	-1.00980e+01	
52	4.528000e-03	-1.03624e+00	-1.48988e+01	-1.01508e+01	
53	4.628000e-03	-1.03625e+00	-1.48988e+01	-1.01935e+01	
54	4.728000e-03	-1.03625e+00	-1.48988e+01	-1.02262e+01	

Index   time            x1.net-_q13-pad x1.net-_q13-pad x1.net-_q14-pad 
--------------------------------------------------------------------------------
55	4.828000e-03	-1.03626e+00	-1.48988e+01	-1.02488e+01	
56	4.928000e-03	-1.03627e+00	-1.48988e+01	-1.02613e+01	
57	5.028000e-03	-1.03628e+00	-1.48988e+01	-1.02636e+01	
58	5.128000e-03	-1.03629e+00	-1.48988e+01	-1.02558e+01	
59	5.228000e-03	-1.03630e+00	-1.48988e+01	-1.02379e+01	
60	5.328000e-03	-1.03631e+00	-1.48988e+01	-1.02099e+01	
61	5.428000e-03	-1.03632e+00	-1.48988e+01	-1.01718e+01	
62	5.528000e-03	-1.03633e+00	-1.48988e+01	-1.01237e+01	
63	5.628000e-03	-1.03634e+00	-1.48988e+01	-1.00656e+01	
64	5.728000e-03	-1.03636e+00	-1.48988e+01	-9.99749e+00	
65	5.828000e-03	-1.03637e+00	-1.48988e+01	-9.91956e+00	
66	5.928000e-03	-1.03638e+00	-1.48988e+01	-9.83183e+00	
67	6.028000e-03	-1.03639e+00	-1.48988e+01	-9.73440e+00	
68	6.128000e-03	-1.03640e+00	-1.48988e+01	-9.62736e+00	
69	6.228000e-03	-1.03641e+00	-1.48988e+01	-9.51081e+00	
70	6.328000e-03	-1.03643e+00	-1.48988e+01	-9.38486e+00	
71	6.428000e-03	-1.03644e+00	-1.48988e+01	-9.24965e+00	
72	6.528000e-03	-1.03645e+00	-1.48988e+01	-9.10530e+00	
73	6.628000e-03	-1.03647e+00	-1.48988e+01	-8.95196e+00	
74	6.728000e-03	-1.03648e+00	-1.48988e+01	-8.78978e+00	
75	6.828000e-03	-1.03649e+00	-1.48988e+01	-8.61891e+00	
76	6.928000e-03	-1.03650e+00	-1.48988e+01	-8.43952e+00	
77	7.028000e-03	-1.03652e+00	-1.48988e+01	-8.25179e+00	
78	7.128000e-03	-1.03653e+00	-1.48988e+01	-8.05589e+00	
79	7.228000e-03	-1.03654e+00	-1.48988e+01	-7.85203e+00	
80	7.328000e-03	-1.03656e+00	-1.48988e+01	-7.64040e+00	
81	7.428000e-03	-1.03657e+00	-1.48988e+01	-7.42121e+00	
82	7.528000e-03	-1.03658e+00	-1.48988e+01	-7.19466e+00	
83	7.628000e-03	-1.03659e+00	-1.48988e+01	-6.96099e+00	
84	7.728000e-03	-1.03661e+00	-1.48988e+01	-6.72041e+00	
85	7.828000e-03	-1.03662e+00	-1.48988e+01	-6.47316e+00	
86	7.928000e-03	-1.03663e+00	-1.48988e+01	-6.21948e+00	
87	8.028000e-03	-1.03664e+00	-1.48988e+01	-5.95961e+00	
88	8.128000e-03	-1.03666e+00	-1.48988e+01	-5.69381e+00	
89	8.228000e-03	-1.03667e+00	-1.48988e+01	-5.42232e+00	
90	8.328000e-03	-1.03668e+00	-1.48988e+01	-5.14540e+00	
91	8.428000e-03	-1.03669e+00	-1.48988e+01	-4.86332e+00	
92	8.528000e-03	-1.03670e+00	-1.48988e+01	-4.57634e+00	
93	8.628000e-03	-1.03671e+00	-1.48988e+01	-4.28474e+00	
94	8.728000e-03	-1.03672e+00	-1.48988e+01	-3.98876e+00	
95	8.828000e-03	-1.03673e+00	-1.48988e+01	-3.68870e+00	
96	8.928000e-03	-1.03675e+00	-1.48988e+01	-3.38480e+00	
97	9.028000e-03	-1.03676e+00	-1.48988e+01	-3.07734e+00	
98	9.128000e-03	-1.03677e+00	-1.48988e+01	-2.76656e+00	
99	9.228000e-03	-1.03678e+00	-1.48988e+01	-2.45270e+00	
100	9.328000e-03	-1.03678e+00	-1.48988e+01	-2.13597e+00	
101	9.428000e-03	-1.03679e+00	-1.48988e+01	-1.81655e+00	
102	9.528000e-03	-1.03680e+00	-1.48988e+01	-1.49451e+00	
103	9.628000e-03	-1.03681e+00	-1.48988e+01	-1.16981e+00	
104	9.728000e-03	-1.03682e+00	-1.48988e+01	-8.42017e-01	
105	9.828000e-03	-1.03684e+00	-1.48988e+01	-5.09535e-01	
106	9.928000e-03	-1.03686e+00	-1.48988e+01	-1.66388e-01	
107	1.002800e-02	-1.03695e+00	-1.48988e+01	2.291141e-01	
108	1.012800e-02	-1.03680e+00	-1.48988e+01	5.851579e-01	
109	1.022800e-02	-1.03691e+00	-1.48988e+01	9.162078e-01	
110	1.032800e-02	-1.03680e+00	-1.48988e+01	1.243961e+00	
111	1.042800e-02	-1.03691e+00	-1.48988e+01	1.565572e+00	
112	1.052800e-02	-1.03681e+00	-1.48988e+01	1.886785e+00	

Index   time            x1.net-_q13-pad x1.net-_q13-pad x1.net-_q14-pad 
--------------------------------------------------------------------------------
113	1.062800e-02	-1.03691e+00	-1.48988e+01	2.202965e+00	
114	1.072800e-02	-1.03682e+00	-1.48988e+01	2.518897e+00	
115	1.082800e-02	-1.03691e+00	-1.48988e+01	2.829826e+00	
116	1.092800e-02	-1.03683e+00	-1.48988e+01	3.139947e+00	
117	1.102800e-02	-1.03691e+00	-1.48988e+01	3.444841e+00	
118	1.112800e-02	-1.03683e+00	-1.48988e+01	3.748274e+00	
119	1.122800e-02	-1.03691e+00	-1.48988e+01	4.046160e+00	
120	1.132800e-02	-1.03684e+00	-1.48988e+01	4.341899e+00	
121	1.142800e-02	-1.03691e+00	-1.48988e+01	4.631729e+00	
122	1.152800e-02	-1.03684e+00	-1.48988e+01	4.918728e+00	
123	1.162800e-02	-1.03690e+00	-1.48988e+01	5.199436e+00	
124	1.172800e-02	-1.03684e+00	-1.48988e+01	5.476644e+00	
125	1.182800e-02	-1.03690e+00	-1.48988e+01	5.747170e+00	
126	1.192800e-02	-1.03684e+00	-1.48988e+01	6.013551e+00	
127	1.202800e-02	-1.03689e+00	-1.48988e+01	6.272863e+00	
128	1.212800e-02	-1.03684e+00	-1.48988e+01	6.527410e+00	
129	1.222800e-02	-1.03689e+00	-1.48988e+01	6.774506e+00	
130	1.232800e-02	-1.03684e+00	-1.48988e+01	7.016247e+00	
131	1.242800e-02	-1.03688e+00	-1.48988e+01	7.250169e+00	
132	1.252800e-02	-1.03683e+00	-1.48988e+01	7.478178e+00	
133	1.262800e-02	-1.03687e+00	-1.48988e+01	7.698013e+00	
134	1.272800e-02	-1.03683e+00	-1.48988e+01	7.911411e+00	
135	1.282800e-02	-1.03686e+00	-1.48988e+01	8.116301e+00	
136	1.292800e-02	-1.03682e+00	-1.48988e+01	8.314264e+00	
137	1.302800e-02	-1.03685e+00	-1.48988e+01	8.503404e+00	
138	1.312800e-02	-1.03681e+00	-1.48988e+01	8.685166e+00	
139	1.322800e-02	-1.03684e+00	-1.48988e+01	8.857814e+00	
140	1.332800e-02	-1.03680e+00	-1.48988e+01	9.022670e+00	
141	1.342800e-02	-1.03682e+00	-1.48988e+01	9.178147e+00	
142	1.352800e-02	-1.03679e+00	-1.48988e+01	9.325457e+00	
143	1.362800e-02	-1.03681e+00	-1.48988e+01	9.463150e+00	
144	1.372800e-02	-1.03678e+00	-1.48988e+01	9.592341e+00	
145	1.382800e-02	-1.03679e+00	-1.48988e+01	9.711709e+00	
146	1.392800e-02	-1.03676e+00	-1.48988e+01	9.822278e+00	
147	1.402800e-02	-1.03678e+00	-1.48988e+01	9.922849e+00	
148	1.412800e-02	-1.03675e+00	-1.48988e+01	1.001437e+01	
149	1.422800e-02	-1.03676e+00	-1.48988e+01	1.009574e+01	
150	1.432800e-02	-1.03674e+00	-1.48988e+01	1.016785e+01	
151	1.442800e-02	-1.03674e+00	-1.48988e+01	1.022971e+01	
152	1.452800e-02	-1.03672e+00	-1.48988e+01	1.028214e+01	
153	1.462800e-02	-1.03673e+00	-1.48988e+01	1.032424e+01	
154	1.472800e-02	-1.03670e+00	-1.48988e+01	1.035677e+01	
155	1.482800e-02	-1.03671e+00	-1.48988e+01	1.037894e+01	
156	1.492800e-02	-1.03669e+00	-1.48988e+01	1.039145e+01	
157	1.502800e-02	-1.03669e+00	-1.48988e+01	1.039360e+01	
158	1.512800e-02	-1.03667e+00	-1.48988e+01	1.038606e+01	
159	1.522800e-02	-1.03667e+00	-1.48988e+01	1.036818e+01	
160	1.532800e-02	-1.03665e+00	-1.48988e+01	1.034060e+01	
161	1.542800e-02	-1.03665e+00	-1.48988e+01	1.030276e+01	
162	1.552800e-02	-1.03663e+00	-1.48988e+01	1.025526e+01	
163	1.562800e-02	-1.03663e+00	-1.48988e+01	1.019761e+01	
164	1.572800e-02	-1.03661e+00	-1.48988e+01	1.013037e+01	
165	1.582800e-02	-1.03661e+00	-1.48988e+01	1.005313e+01	
166	1.592800e-02	-1.03659e+00	-1.48988e+01	9.966430e+00	
167	1.602800e-02	-1.03659e+00	-1.48988e+01	9.869902e+00	
168	1.612800e-02	-1.03657e+00	-1.48988e+01	9.764072e+00	
169	1.622800e-02	-1.03657e+00	-1.48988e+01	9.648634e+00	
170	1.632800e-02	-1.03655e+00	-1.48988e+01	9.524092e+00	

Index   time            x1.net-_q13-pad x1.net-_q13-pad x1.net-_q14-pad 
--------------------------------------------------------------------------------
171	1.642800e-02	-1.03655e+00	-1.48988e+01	9.390196e+00	
172	1.652800e-02	-1.03653e+00	-1.48988e+01	9.247432e+00	
173	1.662800e-02	-1.03653e+00	-1.48988e+01	9.095599e+00	
174	1.672800e-02	-1.03651e+00	-1.48988e+01	8.935173e+00	
175	1.682800e-02	-1.03651e+00	-1.48988e+01	8.765998e+00	
176	1.692800e-02	-1.03649e+00	-1.48988e+01	8.588538e+00	
177	1.702800e-02	-1.03648e+00	-1.48988e+01	8.402680e+00	
178	1.712800e-02	-1.03647e+00	-1.48988e+01	8.208880e+00	
179	1.722800e-02	-1.03646e+00	-1.48988e+01	8.007065e+00	
180	1.732800e-02	-1.03645e+00	-1.48988e+01	7.797681e+00	
181	1.742800e-02	-1.03644e+00	-1.48988e+01	7.580693e+00	
182	1.752800e-02	-1.03643e+00	-1.48988e+01	7.356541e+00	
183	1.762800e-02	-1.03643e+00	-1.48988e+01	7.125223e+00	
184	1.772800e-02	-1.03641e+00	-1.48988e+01	6.887173e+00	
185	1.782800e-02	-1.03641e+00	-1.48988e+01	6.642421e+00	
186	1.792800e-02	-1.03639e+00	-1.48988e+01	6.391395e+00	
187	1.802800e-02	-1.03639e+00	-1.48988e+01	6.134153e+00	
188	1.812800e-02	-1.03638e+00	-1.48988e+01	5.871117e+00	
189	1.822800e-02	-1.03637e+00	-1.48988e+01	5.602370e+00	
190	1.832800e-02	-1.03636e+00	-1.48988e+01	5.328330e+00	
191	1.842800e-02	-1.03635e+00	-1.48988e+01	5.049100e+00	
192	1.852800e-02	-1.03634e+00	-1.48988e+01	4.765092e+00	
193	1.862800e-02	-1.03633e+00	-1.48988e+01	4.476427e+00	
194	1.872800e-02	-1.03632e+00	-1.48988e+01	4.183506e+00	
195	1.882800e-02	-1.03632e+00	-1.48988e+01	3.886466e+00	
196	1.892800e-02	-1.03631e+00	-1.48988e+01	3.585691e+00	
197	1.902800e-02	-1.03630e+00	-1.48988e+01	3.281322e+00	
198	1.912800e-02	-1.03629e+00	-1.48988e+01	2.973722e+00	
199	1.922800e-02	-1.03629e+00	-1.48988e+01	2.663016e+00	
200	1.932800e-02	-1.03628e+00	-1.48988e+01	2.349518e+00	
201	1.942800e-02	-1.03627e+00	-1.48988e+01	2.033295e+00	
202	1.952800e-02	-1.03626e+00	-1.48988e+01	1.714533e+00	
203	1.962800e-02	-1.03626e+00	-1.48988e+01	1.393080e+00	
204	1.972800e-02	-1.03625e+00	-1.48988e+01	1.068628e+00	
205	1.982800e-02	-1.03624e+00	-1.48988e+01	7.395476e-01	
206	1.992800e-02	-1.03622e+00	-1.48988e+01	4.003124e-01	
207	2.002800e-02	-1.03612e+00	-1.48988e+01	7.877980e-03	
208	2.012800e-02	-1.03626e+00	-1.48988e+01	-3.53214e-01	
209	2.022800e-02	-1.03616e+00	-1.48988e+01	-6.88036e-01	
210	2.032800e-02	-1.03625e+00	-1.48988e+01	-1.01949e+00	
211	2.042800e-02	-1.03616e+00	-1.48988e+01	-1.34418e+00	
212	2.052800e-02	-1.03624e+00	-1.48988e+01	-1.66830e+00	
213	2.062800e-02	-1.03615e+00	-1.48988e+01	-1.98792e+00	
214	2.072800e-02	-1.03623e+00	-1.48988e+01	-2.30689e+00	
215	2.082800e-02	-1.03615e+00	-1.48988e+01	-2.62119e+00	
216	2.092800e-02	-1.03622e+00	-1.48988e+01	-2.93430e+00	
217	2.102800e-02	-1.03614e+00	-1.48988e+01	-3.24250e+00	
218	2.112800e-02	-1.03620e+00	-1.48988e+01	-3.54888e+00	
219	2.122800e-02	-1.03614e+00	-1.48988e+01	-3.84999e+00	
220	2.132800e-02	-1.03619e+00	-1.48988e+01	-4.14862e+00	
221	2.142800e-02	-1.03613e+00	-1.48988e+01	-4.44159e+00	
222	2.152800e-02	-1.03619e+00	-1.48988e+01	-4.73141e+00	
223	2.162800e-02	-1.03613e+00	-1.48988e+01	-5.01516e+00	
224	2.172800e-02	-1.03618e+00	-1.48988e+01	-5.29510e+00	
225	2.182800e-02	-1.03613e+00	-1.48988e+01	-5.56856e+00	
226	2.192800e-02	-1.03617e+00	-1.48988e+01	-5.83758e+00	
227	2.202800e-02	-1.03613e+00	-1.48988e+01	-6.09970e+00	
228	2.212800e-02	-1.03617e+00	-1.48988e+01	-6.35678e+00	

Index   time            x1.net-_q13-pad x1.net-_q13-pad x1.net-_q14-pad 
--------------------------------------------------------------------------------
229	2.222800e-02	-1.03613e+00	-1.48988e+01	-6.60656e+00	
230	2.232800e-02	-1.03617e+00	-1.48988e+01	-6.85071e+00	
231	2.242800e-02	-1.03613e+00	-1.48988e+01	-7.08717e+00	
232	2.252800e-02	-1.03617e+00	-1.48988e+01	-7.31746e+00	
233	2.262800e-02	-1.03613e+00	-1.48988e+01	-7.53968e+00	
234	2.272800e-02	-1.03617e+00	-1.48988e+01	-7.75522e+00	
235	2.282800e-02	-1.03614e+00	-1.48988e+01	-7.96234e+00	
236	2.292800e-02	-1.03617e+00	-1.48988e+01	-8.16229e+00	
237	2.302800e-02	-1.03614e+00	-1.48988e+01	-8.35349e+00	
238	2.312800e-02	-1.03617e+00	-1.48988e+01	-8.53708e+00	
239	2.322800e-02	-1.03615e+00	-1.48988e+01	-8.71161e+00	
240	2.332800e-02	-1.03618e+00	-1.48988e+01	-8.87813e+00	
241	2.342800e-02	-1.03616e+00	-1.48988e+01	-9.03530e+00	
242	2.352800e-02	-1.03619e+00	-1.48988e+01	-9.18410e+00	
243	2.362800e-02	-1.03617e+00	-1.48988e+01	-9.32330e+00	
244	2.372800e-02	-1.03619e+00	-1.48988e+01	-9.45379e+00	
245	2.382800e-02	-1.03618e+00	-1.48988e+01	-9.57447e+00	
246	2.392800e-02	-1.03620e+00	-1.48988e+01	-9.68615e+00	
247	2.402800e-02	-1.03619e+00	-1.48988e+01	-9.78783e+00	
248	2.412800e-02	-1.03622e+00	-1.48988e+01	-9.88027e+00	
249	2.422800e-02	-1.03621e+00	-1.48988e+01	-9.96255e+00	
250	2.432800e-02	-1.03623e+00	-1.48988e+01	-1.00354e+01	
251	2.442800e-02	-1.03622e+00	-1.48988e+01	-1.00979e+01	
252	2.452800e-02	-1.03624e+00	-1.48988e+01	-1.01509e+01	
253	2.462800e-02	-1.03624e+00	-1.48988e+01	-1.01935e+01	
254	2.472800e-02	-1.03626e+00	-1.48988e+01	-1.02263e+01	
255	2.482800e-02	-1.03626e+00	-1.48988e+01	-1.02487e+01	
256	2.492800e-02	-1.03628e+00	-1.48988e+01	-1.02613e+01	
257	2.502800e-02	-1.03628e+00	-1.48988e+01	-1.02636e+01	
258	2.512800e-02	-1.03630e+00	-1.48988e+01	-1.02559e+01	
259	2.522800e-02	-1.03630e+00	-1.48988e+01	-1.02379e+01	
260	2.532800e-02	-1.03632e+00	-1.48988e+01	-1.02100e+01	
261	2.542800e-02	-1.03632e+00	-1.48988e+01	-1.01718e+01	
262	2.552800e-02	-1.03634e+00	-1.48988e+01	-1.01237e+01	
263	2.562800e-02	-1.03634e+00	-1.48988e+01	-1.00655e+01	
264	2.572800e-02	-1.03636e+00	-1.48988e+01	-9.99754e+00	
265	2.582800e-02	-1.03636e+00	-1.48988e+01	-9.91951e+00	
266	2.592800e-02	-1.03638e+00	-1.48988e+01	-9.83188e+00	
267	2.602800e-02	-1.03639e+00	-1.48988e+01	-9.73436e+00	
268	2.612800e-02	-1.03641e+00	-1.48988e+01	-9.62740e+00	
269	2.622800e-02	-1.03641e+00	-1.48988e+01	-9.51077e+00	
270	2.632800e-02	-1.03643e+00	-1.48988e+01	-9.38490e+00	
271	2.642800e-02	-1.03644e+00	-1.48988e+01	-9.24962e+00	
272	2.652800e-02	-1.03646e+00	-1.48988e+01	-9.10534e+00	
273	2.662800e-02	-1.03646e+00	-1.48988e+01	-8.95193e+00	
274	2.672800e-02	-1.03648e+00	-1.48988e+01	-8.78981e+00	
275	2.682800e-02	-1.03649e+00	-1.48988e+01	-8.61888e+00	
276	2.692800e-02	-1.03651e+00	-1.48988e+01	-8.43955e+00	
277	2.702800e-02	-1.03651e+00	-1.48988e+01	-8.25176e+00	
278	2.712800e-02	-1.03653e+00	-1.48988e+01	-8.05592e+00	
279	2.722800e-02	-1.03654e+00	-1.48988e+01	-7.85201e+00	
280	2.732800e-02	-1.03656e+00	-1.48988e+01	-7.64043e+00	
281	2.742800e-02	-1.03657e+00	-1.48988e+01	-7.42119e+00	
282	2.752800e-02	-1.03658e+00	-1.48988e+01	-7.19469e+00	
283	2.762800e-02	-1.03659e+00	-1.48988e+01	-6.96097e+00	
284	2.772800e-02	-1.03661e+00	-1.48988e+01	-6.72043e+00	
285	2.782800e-02	-1.03662e+00	-1.48988e+01	-6.47315e+00	
286	2.792800e-02	-1.03663e+00	-1.48988e+01	-6.21950e+00	

Index   time            x1.net-_q13-pad x1.net-_q13-pad x1.net-_q14-pad 
--------------------------------------------------------------------------------
287	2.802800e-02	-1.03664e+00	-1.48988e+01	-5.95960e+00	
288	2.812800e-02	-1.03666e+00	-1.48988e+01	-5.69382e+00	
289	2.822800e-02	-1.03667e+00	-1.48988e+01	-5.42230e+00	
290	2.832800e-02	-1.03668e+00	-1.48988e+01	-5.14542e+00	
291	2.842800e-02	-1.03669e+00	-1.48988e+01	-4.86331e+00	
292	2.852800e-02	-1.03670e+00	-1.48988e+01	-4.57636e+00	
293	2.862800e-02	-1.03671e+00	-1.48988e+01	-4.28472e+00	
294	2.872800e-02	-1.03673e+00	-1.48988e+01	-3.98878e+00	
295	2.882800e-02	-1.03673e+00	-1.48988e+01	-3.68869e+00	
296	2.892800e-02	-1.03675e+00	-1.48988e+01	-3.38481e+00	
297	2.902800e-02	-1.03675e+00	-1.48988e+01	-3.07733e+00	
298	2.912800e-02	-1.03677e+00	-1.48988e+01	-2.76657e+00	
299	2.922800e-02	-1.03677e+00	-1.48988e+01	-2.45269e+00	
300	2.932800e-02	-1.03679e+00	-1.48988e+01	-2.13598e+00	
301	2.942800e-02	-1.03679e+00	-1.48988e+01	-1.81654e+00	
302	2.952800e-02	-1.03680e+00	-1.48988e+01	-1.49452e+00	
303	2.962800e-02	-1.03681e+00	-1.48988e+01	-1.16980e+00	
304	2.972800e-02	-1.03682e+00	-1.48988e+01	-8.42025e-01	
305	2.982800e-02	-1.03683e+00	-1.48988e+01	-5.09528e-01	
306	2.992800e-02	-1.03686e+00	-1.48988e+01	-1.66396e-01	
307	3.002800e-02	-1.03695e+00	-1.48988e+01	2.291213e-01	
308	3.012800e-02	-1.03680e+00	-1.48988e+01	5.851519e-01	
309	3.022800e-02	-1.03691e+00	-1.48988e+01	9.162134e-01	
310	3.032800e-02	-1.03680e+00	-1.48988e+01	1.243956e+00	
311	3.042800e-02	-1.03691e+00	-1.48988e+01	1.565577e+00	
312	3.052800e-02	-1.03681e+00	-1.48988e+01	1.886780e+00	
313	3.062800e-02	-1.03691e+00	-1.48988e+01	2.202970e+00	
314	3.072800e-02	-1.03682e+00	-1.48988e+01	2.518893e+00	
315	3.082800e-02	-1.03691e+00	-1.48988e+01	2.829830e+00	
316	3.092800e-02	-1.03683e+00	-1.48988e+01	3.139943e+00	
317	3.102800e-02	-1.03691e+00	-1.48988e+01	3.444845e+00	
318	3.112800e-02	-1.03683e+00	-1.48988e+01	3.748270e+00	
319	3.122800e-02	-1.03691e+00	-1.48988e+01	4.046163e+00	
320	3.132800e-02	-1.03684e+00	-1.48988e+01	4.341896e+00	
321	3.142800e-02	-1.03691e+00	-1.48988e+01	4.631732e+00	
322	3.152800e-02	-1.03684e+00	-1.48988e+01	4.918725e+00	
323	3.162800e-02	-1.03690e+00	-1.48988e+01	5.199439e+00	
324	3.172800e-02	-1.03684e+00	-1.48988e+01	5.476641e+00	
325	3.182800e-02	-1.03690e+00	-1.48988e+01	5.747173e+00	
326	3.192800e-02	-1.03684e+00	-1.48988e+01	6.013549e+00	
327	3.202800e-02	-1.03689e+00	-1.48988e+01	6.272866e+00	
328	3.212800e-02	-1.03684e+00	-1.48988e+01	6.527407e+00	
329	3.222800e-02	-1.03689e+00	-1.48988e+01	6.774508e+00	
330	3.232800e-02	-1.03684e+00	-1.48988e+01	7.016245e+00	
331	3.242800e-02	-1.03688e+00	-1.48988e+01	7.250171e+00	
332	3.252800e-02	-1.03683e+00	-1.48988e+01	7.478176e+00	
333	3.262800e-02	-1.03687e+00	-1.48988e+01	7.698015e+00	
334	3.272800e-02	-1.03683e+00	-1.48988e+01	7.911410e+00	
335	3.282800e-02	-1.03686e+00	-1.48988e+01	8.116302e+00	
336	3.292800e-02	-1.03682e+00	-1.48988e+01	8.314263e+00	
337	3.302800e-02	-1.03685e+00	-1.48988e+01	8.503405e+00	
338	3.312800e-02	-1.03681e+00	-1.48988e+01	8.685165e+00	
339	3.322800e-02	-1.03684e+00	-1.48988e+01	8.857815e+00	
340	3.332800e-02	-1.03680e+00	-1.48988e+01	9.022669e+00	
341	3.342800e-02	-1.03682e+00	-1.48988e+01	9.178148e+00	
342	3.352800e-02	-1.03679e+00	-1.48988e+01	9.325455e+00	
343	3.362800e-02	-1.03681e+00	-1.48988e+01	9.463152e+00	
344	3.372800e-02	-1.03678e+00	-1.48988e+01	9.592340e+00	

Index   time            x1.net-_q13-pad x1.net-_q13-pad x1.net-_q14-pad 
--------------------------------------------------------------------------------
345	3.382800e-02	-1.03679e+00	-1.48988e+01	9.711710e+00	
346	3.392800e-02	-1.03677e+00	-1.48988e+01	9.822277e+00	
347	3.402800e-02	-1.03678e+00	-1.48988e+01	9.922850e+00	
348	3.412800e-02	-1.03675e+00	-1.48988e+01	1.001437e+01	
349	3.422800e-02	-1.03676e+00	-1.48988e+01	1.009574e+01	
350	3.432800e-02	-1.03674e+00	-1.48988e+01	1.016785e+01	
351	3.442800e-02	-1.03674e+00	-1.48988e+01	1.022971e+01	
352	3.452800e-02	-1.03672e+00	-1.48988e+01	1.028214e+01	
353	3.462800e-02	-1.03673e+00	-1.48988e+01	1.032424e+01	
354	3.472800e-02	-1.03670e+00	-1.48988e+01	1.035677e+01	
355	3.482800e-02	-1.03671e+00	-1.48988e+01	1.037894e+01	
356	3.492800e-02	-1.03669e+00	-1.48988e+01	1.039145e+01	
357	3.502800e-02	-1.03669e+00	-1.48988e+01	1.039360e+01	
358	3.512800e-02	-1.03667e+00	-1.48988e+01	1.038606e+01	
359	3.522800e-02	-1.03667e+00	-1.48988e+01	1.036818e+01	
360	3.532800e-02	-1.03665e+00	-1.48988e+01	1.034060e+01	
361	3.542800e-02	-1.03665e+00	-1.48988e+01	1.030276e+01	
362	3.552800e-02	-1.03663e+00	-1.48988e+01	1.025526e+01	
363	3.562800e-02	-1.03663e+00	-1.48988e+01	1.019761e+01	
364	3.572800e-02	-1.03661e+00	-1.48988e+01	1.013037e+01	
365	3.582800e-02	-1.03661e+00	-1.48988e+01	1.005313e+01	
366	3.592800e-02	-1.03659e+00	-1.48988e+01	9.966430e+00	
367	3.602800e-02	-1.03659e+00	-1.48988e+01	9.869903e+00	
368	3.612800e-02	-1.03657e+00	-1.48988e+01	9.764072e+00	
369	3.622800e-02	-1.03657e+00	-1.48988e+01	9.648634e+00	
370	3.632800e-02	-1.03655e+00	-1.48988e+01	9.524092e+00	
371	3.642800e-02	-1.03655e+00	-1.48988e+01	9.390196e+00	
372	3.652800e-02	-1.03653e+00	-1.48988e+01	9.247432e+00	
373	3.662800e-02	-1.03653e+00	-1.48988e+01	9.095599e+00	
374	3.672800e-02	-1.03651e+00	-1.48988e+01	8.935173e+00	
375	3.682800e-02	-1.03651e+00	-1.48988e+01	8.765998e+00	
376	3.692800e-02	-1.03649e+00	-1.48988e+01	8.588538e+00	
377	3.702800e-02	-1.03648e+00	-1.48988e+01	8.402681e+00	
378	3.712800e-02	-1.03647e+00	-1.48988e+01	8.208880e+00	
379	3.722800e-02	-1.03646e+00	-1.48988e+01	8.007065e+00	
380	3.732800e-02	-1.03645e+00	-1.48988e+01	7.797681e+00	
381	3.742800e-02	-1.03644e+00	-1.48988e+01	7.580693e+00	
382	3.752800e-02	-1.03643e+00	-1.48988e+01	7.356541e+00	
383	3.762800e-02	-1.03642e+00	-1.48988e+01	7.125223e+00	
384	3.772800e-02	-1.03641e+00	-1.48988e+01	6.887173e+00	
385	3.782800e-02	-1.03641e+00	-1.48988e+01	6.642421e+00	
386	3.792800e-02	-1.03639e+00	-1.48988e+01	6.391395e+00	
387	3.802800e-02	-1.03639e+00	-1.48988e+01	6.134153e+00	
388	3.812800e-02	-1.03638e+00	-1.48988e+01	5.871117e+00	
389	3.822800e-02	-1.03637e+00	-1.48988e+01	5.602370e+00	
390	3.832800e-02	-1.03636e+00	-1.48988e+01	5.328330e+00	
391	3.842800e-02	-1.03635e+00	-1.48988e+01	5.049100e+00	
392	3.852800e-02	-1.03634e+00	-1.48988e+01	4.765092e+00	
393	3.862800e-02	-1.03633e+00	-1.48988e+01	4.476427e+00	
394	3.872800e-02	-1.03632e+00	-1.48988e+01	4.183506e+00	
395	3.882800e-02	-1.03632e+00	-1.48988e+01	3.886466e+00	
396	3.892800e-02	-1.03631e+00	-1.48988e+01	3.585691e+00	
397	3.902800e-02	-1.03630e+00	-1.48988e+01	3.281322e+00	
398	3.912800e-02	-1.03629e+00	-1.48988e+01	2.973722e+00	
399	3.922800e-02	-1.03629e+00	-1.48988e+01	2.663016e+00	
400	3.932800e-02	-1.03628e+00	-1.48988e+01	2.349518e+00	
401	3.942800e-02	-1.03627e+00	-1.48988e+01	2.033295e+00	
402	3.952800e-02	-1.03626e+00	-1.48988e+01	1.714533e+00	

Index   time            x1.net-_q13-pad x1.net-_q13-pad x1.net-_q14-pad 
--------------------------------------------------------------------------------
403	3.962800e-02	-1.03626e+00	-1.48988e+01	1.393080e+00	
404	3.972800e-02	-1.03625e+00	-1.48988e+01	1.068628e+00	
405	3.982800e-02	-1.03624e+00	-1.48988e+01	7.395475e-01	
406	3.992800e-02	-1.03622e+00	-1.48988e+01	4.003125e-01	
407	4.002800e-02	-1.03612e+00	-1.48988e+01	7.878298e-03	
408	4.012800e-02	-1.03626e+00	-1.48988e+01	-3.53215e-01	
409	4.022800e-02	-1.03616e+00	-1.48988e+01	-6.88036e-01	
410	4.032800e-02	-1.03625e+00	-1.48988e+01	-1.01949e+00	
411	4.042800e-02	-1.03616e+00	-1.48988e+01	-1.34418e+00	
412	4.052800e-02	-1.03624e+00	-1.48988e+01	-1.66830e+00	
413	4.062800e-02	-1.03615e+00	-1.48988e+01	-1.98792e+00	
414	4.072800e-02	-1.03623e+00	-1.48988e+01	-2.30689e+00	
415	4.082800e-02	-1.03615e+00	-1.48988e+01	-2.62119e+00	
416	4.092800e-02	-1.03622e+00	-1.48988e+01	-2.93430e+00	
417	4.102800e-02	-1.03614e+00	-1.48988e+01	-3.24250e+00	
418	4.112800e-02	-1.03620e+00	-1.48988e+01	-3.54888e+00	
419	4.122800e-02	-1.03614e+00	-1.48988e+01	-3.84999e+00	
420	4.132800e-02	-1.03620e+00	-1.48988e+01	-4.14863e+00	
421	4.142800e-02	-1.03613e+00	-1.48988e+01	-4.44159e+00	
422	4.152800e-02	-1.03619e+00	-1.48988e+01	-4.73141e+00	
423	4.162800e-02	-1.03613e+00	-1.48988e+01	-5.01516e+00	
424	4.172800e-02	-1.03618e+00	-1.48988e+01	-5.29510e+00	
425	4.182800e-02	-1.03613e+00	-1.48988e+01	-5.56856e+00	
426	4.192800e-02	-1.03617e+00	-1.48988e+01	-5.83758e+00	
427	4.202800e-02	-1.03613e+00	-1.48988e+01	-6.09970e+00	
428	4.212800e-02	-1.03617e+00	-1.48988e+01	-6.35678e+00	
429	4.222800e-02	-1.03613e+00	-1.48988e+01	-6.60656e+00	
430	4.232800e-02	-1.03617e+00	-1.48988e+01	-6.85071e+00	
431	4.242800e-02	-1.03613e+00	-1.48988e+01	-7.08717e+00	
432	4.252800e-02	-1.03617e+00	-1.48988e+01	-7.31746e+00	
433	4.262800e-02	-1.03613e+00	-1.48988e+01	-7.53968e+00	
434	4.272800e-02	-1.03617e+00	-1.48988e+01	-7.75522e+00	
435	4.282800e-02	-1.03614e+00	-1.48988e+01	-7.96234e+00	
436	4.292800e-02	-1.03617e+00	-1.48988e+01	-8.16229e+00	
437	4.302800e-02	-1.03614e+00	-1.48988e+01	-8.35349e+00	
438	4.312800e-02	-1.03617e+00	-1.48988e+01	-8.53708e+00	
439	4.322800e-02	-1.03615e+00	-1.48988e+01	-8.71161e+00	
440	4.332800e-02	-1.03618e+00	-1.48988e+01	-8.87813e+00	
441	4.342800e-02	-1.03616e+00	-1.48988e+01	-9.03530e+00	
442	4.352800e-02	-1.03619e+00	-1.48988e+01	-9.18410e+00	
443	4.362800e-02	-1.03617e+00	-1.48988e+01	-9.32330e+00	
444	4.372800e-02	-1.03619e+00	-1.48988e+01	-9.45379e+00	
445	4.382800e-02	-1.03618e+00	-1.48988e+01	-9.57447e+00	
446	4.392800e-02	-1.03620e+00	-1.48988e+01	-9.68615e+00	
447	4.402800e-02	-1.03619e+00	-1.48988e+01	-9.78783e+00	
448	4.412800e-02	-1.03622e+00	-1.48988e+01	-9.88027e+00	
449	4.422800e-02	-1.03621e+00	-1.48988e+01	-9.96255e+00	
450	4.432800e-02	-1.03623e+00	-1.48988e+01	-1.00354e+01	
451	4.442800e-02	-1.03622e+00	-1.48988e+01	-1.00979e+01	
452	4.452800e-02	-1.03624e+00	-1.48988e+01	-1.01509e+01	
453	4.462800e-02	-1.03624e+00	-1.48988e+01	-1.01935e+01	
454	4.472800e-02	-1.03626e+00	-1.48988e+01	-1.02263e+01	
455	4.482800e-02	-1.03626e+00	-1.48988e+01	-1.02487e+01	
456	4.492800e-02	-1.03628e+00	-1.48988e+01	-1.02613e+01	
457	4.502800e-02	-1.03628e+00	-1.48988e+01	-1.02636e+01	
458	4.512800e-02	-1.03630e+00	-1.48988e+01	-1.02559e+01	
459	4.522800e-02	-1.03630e+00	-1.48988e+01	-1.02379e+01	
460	4.532800e-02	-1.03632e+00	-1.48988e+01	-1.02100e+01	

Index   time            x1.net-_q13-pad x1.net-_q13-pad x1.net-_q14-pad 
--------------------------------------------------------------------------------
461	4.542800e-02	-1.03632e+00	-1.48988e+01	-1.01718e+01	
462	4.552800e-02	-1.03634e+00	-1.48988e+01	-1.01237e+01	
463	4.562800e-02	-1.03634e+00	-1.48988e+01	-1.00655e+01	
464	4.572800e-02	-1.03636e+00	-1.48988e+01	-9.99754e+00	
465	4.582800e-02	-1.03636e+00	-1.48988e+01	-9.91951e+00	
466	4.592800e-02	-1.03638e+00	-1.48988e+01	-9.83188e+00	
467	4.602800e-02	-1.03639e+00	-1.48988e+01	-9.73436e+00	
468	4.612800e-02	-1.03641e+00	-1.48988e+01	-9.62740e+00	
469	4.622800e-02	-1.03641e+00	-1.48988e+01	-9.51077e+00	
470	4.632800e-02	-1.03643e+00	-1.48988e+01	-9.38490e+00	
471	4.642800e-02	-1.03644e+00	-1.48988e+01	-9.24962e+00	
472	4.652800e-02	-1.03646e+00	-1.48988e+01	-9.10534e+00	
473	4.662800e-02	-1.03646e+00	-1.48988e+01	-8.95193e+00	
474	4.672800e-02	-1.03648e+00	-1.48988e+01	-8.78981e+00	
475	4.682800e-02	-1.03649e+00	-1.48988e+01	-8.61888e+00	
476	4.692800e-02	-1.03651e+00	-1.48988e+01	-8.43955e+00	
477	4.702800e-02	-1.03651e+00	-1.48988e+01	-8.25176e+00	
478	4.712800e-02	-1.03653e+00	-1.48988e+01	-8.05592e+00	
479	4.722800e-02	-1.03654e+00	-1.48988e+01	-7.85201e+00	
480	4.732800e-02	-1.03656e+00	-1.48988e+01	-7.64043e+00	
481	4.742800e-02	-1.03657e+00	-1.48988e+01	-7.42119e+00	
482	4.752800e-02	-1.03658e+00	-1.48988e+01	-7.19469e+00	
483	4.762800e-02	-1.03659e+00	-1.48988e+01	-6.96097e+00	
484	4.772800e-02	-1.03661e+00	-1.48988e+01	-6.72043e+00	
485	4.782800e-02	-1.03662e+00	-1.48988e+01	-6.47315e+00	
486	4.792800e-02	-1.03663e+00	-1.48988e+01	-6.21950e+00	
487	4.802800e-02	-1.03664e+00	-1.48988e+01	-5.95960e+00	
488	4.812800e-02	-1.03666e+00	-1.48988e+01	-5.69382e+00	
489	4.822800e-02	-1.03667e+00	-1.48988e+01	-5.42230e+00	
490	4.832800e-02	-1.03668e+00	-1.48988e+01	-5.14542e+00	
491	4.842800e-02	-1.03669e+00	-1.48988e+01	-4.86331e+00	
492	4.852800e-02	-1.03670e+00	-1.48988e+01	-4.57636e+00	
493	4.862800e-02	-1.03671e+00	-1.48988e+01	-4.28472e+00	
494	4.872800e-02	-1.03673e+00	-1.48988e+01	-3.98878e+00	
495	4.882800e-02	-1.03673e+00	-1.48988e+01	-3.68869e+00	
496	4.892800e-02	-1.03675e+00	-1.48988e+01	-3.38481e+00	
497	4.902800e-02	-1.03675e+00	-1.48988e+01	-3.07733e+00	
498	4.912800e-02	-1.03677e+00	-1.48988e+01	-2.76657e+00	
499	4.922800e-02	-1.03677e+00	-1.48988e+01	-2.45269e+00	
500	4.932800e-02	-1.03679e+00	-1.48988e+01	-2.13598e+00	
501	4.942800e-02	-1.03679e+00	-1.48988e+01	-1.81654e+00	
502	4.952800e-02	-1.03680e+00	-1.48988e+01	-1.49452e+00	
503	4.962800e-02	-1.03681e+00	-1.48988e+01	-1.16980e+00	
504	4.972800e-02	-1.03682e+00	-1.48988e+01	-8.42025e-01	
505	4.982800e-02	-1.03683e+00	-1.48988e+01	-5.09528e-01	
506	4.992800e-02	-1.03686e+00	-1.48988e+01	-1.66395e-01	
507	5.002800e-02	-1.03695e+00	-1.48988e+01	2.291205e-01	
508	5.012800e-02	-1.03680e+00	-1.48988e+01	5.851527e-01	
509	5.022800e-02	-1.03691e+00	-1.48988e+01	9.162127e-01	
510	5.032800e-02	-1.03680e+00	-1.48988e+01	1.243957e+00	
511	5.042800e-02	-1.03691e+00	-1.48988e+01	1.565577e+00	
512	5.052800e-02	-1.03681e+00	-1.48988e+01	1.886781e+00	
513	5.062800e-02	-1.03691e+00	-1.48988e+01	2.202969e+00	
514	5.072800e-02	-1.03682e+00	-1.48988e+01	2.518893e+00	
515	5.082800e-02	-1.03691e+00	-1.48988e+01	2.829829e+00	
516	5.092800e-02	-1.03683e+00	-1.48988e+01	3.139943e+00	
517	5.102800e-02	-1.03691e+00	-1.48988e+01	3.444845e+00	
518	5.112800e-02	-1.03683e+00	-1.48988e+01	3.748271e+00	

Index   time            x1.net-_q13-pad x1.net-_q13-pad x1.net-_q14-pad 
--------------------------------------------------------------------------------
519	5.122800e-02	-1.03691e+00	-1.48988e+01	4.046163e+00	
520	5.132800e-02	-1.03684e+00	-1.48988e+01	4.341896e+00	
521	5.142800e-02	-1.03691e+00	-1.48988e+01	4.631732e+00	
522	5.152800e-02	-1.03684e+00	-1.48988e+01	4.918726e+00	
523	5.162800e-02	-1.03690e+00	-1.48988e+01	5.199438e+00	
524	5.172800e-02	-1.03684e+00	-1.48988e+01	5.476641e+00	
525	5.182800e-02	-1.03690e+00	-1.48988e+01	5.747173e+00	
526	5.192800e-02	-1.03684e+00	-1.48988e+01	6.013549e+00	
527	5.202800e-02	-1.03689e+00	-1.48988e+01	6.272865e+00	
528	5.212800e-02	-1.03684e+00	-1.48988e+01	6.527408e+00	
529	5.222800e-02	-1.03689e+00	-1.48988e+01	6.774508e+00	
530	5.232800e-02	-1.03684e+00	-1.48988e+01	7.016246e+00	
531	5.242800e-02	-1.03688e+00	-1.48988e+01	7.250171e+00	
532	5.252800e-02	-1.03683e+00	-1.48988e+01	7.478176e+00	
533	5.262800e-02	-1.03687e+00	-1.48988e+01	7.698015e+00	
534	5.272800e-02	-1.03683e+00	-1.48988e+01	7.911410e+00	
535	5.282800e-02	-1.03686e+00	-1.48988e+01	8.116302e+00	
536	5.292800e-02	-1.03682e+00	-1.48988e+01	8.314263e+00	
537	5.302800e-02	-1.03685e+00	-1.48988e+01	8.503405e+00	
538	5.312800e-02	-1.03681e+00	-1.48988e+01	8.685165e+00	
539	5.322800e-02	-1.03684e+00	-1.48988e+01	8.857815e+00	
540	5.332800e-02	-1.03680e+00	-1.48988e+01	9.022669e+00	
541	5.342800e-02	-1.03682e+00	-1.48988e+01	9.178148e+00	
542	5.352800e-02	-1.03679e+00	-1.48988e+01	9.325456e+00	
543	5.362800e-02	-1.03681e+00	-1.48988e+01	9.463151e+00	
544	5.372800e-02	-1.03678e+00	-1.48988e+01	9.592340e+00	
545	5.382800e-02	-1.03679e+00	-1.48988e+01	9.711710e+00	
546	5.392800e-02	-1.03677e+00	-1.48988e+01	9.822277e+00	
547	5.402800e-02	-1.03678e+00	-1.48988e+01	9.922850e+00	
548	5.412800e-02	-1.03675e+00	-1.48988e+01	1.001437e+01	
549	5.422800e-02	-1.03676e+00	-1.48988e+01	1.009574e+01	
550	5.432800e-02	-1.03674e+00	-1.48988e+01	1.016785e+01	
551	5.442800e-02	-1.03674e+00	-1.48988e+01	1.022971e+01	
552	5.452800e-02	-1.03672e+00	-1.48988e+01	1.028214e+01	
553	5.462800e-02	-1.03673e+00	-1.48988e+01	1.032424e+01	
554	5.472800e-02	-1.03670e+00	-1.48988e+01	1.035677e+01	
555	5.482800e-02	-1.03671e+00	-1.48988e+01	1.037894e+01	
556	5.492800e-02	-1.03669e+00	-1.48988e+01	1.039145e+01	
557	5.502800e-02	-1.03669e+00	-1.48988e+01	1.039360e+01	
558	5.512800e-02	-1.03667e+00	-1.48988e+01	1.038606e+01	
559	5.522800e-02	-1.03667e+00	-1.48988e+01	1.036818e+01	
560	5.532800e-02	-1.03665e+00	-1.48988e+01	1.034060e+01	
561	5.542800e-02	-1.03665e+00	-1.48988e+01	1.030276e+01	
562	5.552800e-02	-1.03663e+00	-1.48988e+01	1.025526e+01	
563	5.562800e-02	-1.03663e+00	-1.48988e+01	1.019761e+01	
564	5.572800e-02	-1.03661e+00	-1.48988e+01	1.013037e+01	
565	5.582800e-02	-1.03661e+00	-1.48988e+01	1.005313e+01	
566	5.592800e-02	-1.03659e+00	-1.48988e+01	9.966430e+00	
567	5.602800e-02	-1.03659e+00	-1.48988e+01	9.869902e+00	
568	5.612800e-02	-1.03657e+00	-1.48988e+01	9.764072e+00	
569	5.622800e-02	-1.03657e+00	-1.48988e+01	9.648634e+00	
570	5.632800e-02	-1.03655e+00	-1.48988e+01	9.524092e+00	
571	5.642800e-02	-1.03655e+00	-1.48988e+01	9.390195e+00	
572	5.652800e-02	-1.03653e+00	-1.48988e+01	9.247432e+00	
573	5.662800e-02	-1.03653e+00	-1.48988e+01	9.095599e+00	
574	5.672800e-02	-1.03651e+00	-1.48988e+01	8.935173e+00	
575	5.682800e-02	-1.03651e+00	-1.48988e+01	8.765998e+00	
576	5.692800e-02	-1.03649e+00	-1.48988e+01	8.588538e+00	

Index   time            x1.net-_q13-pad x1.net-_q13-pad x1.net-_q14-pad 
--------------------------------------------------------------------------------
577	5.702800e-02	-1.03648e+00	-1.48988e+01	8.402680e+00	
578	5.712800e-02	-1.03647e+00	-1.48988e+01	8.208880e+00	
579	5.722800e-02	-1.03646e+00	-1.48988e+01	8.007065e+00	
580	5.732800e-02	-1.03645e+00	-1.48988e+01	7.797681e+00	
581	5.742800e-02	-1.03644e+00	-1.48988e+01	7.580693e+00	
582	5.752800e-02	-1.03643e+00	-1.48988e+01	7.356541e+00	
583	5.762800e-02	-1.03642e+00	-1.48988e+01	7.125223e+00	
584	5.772800e-02	-1.03641e+00	-1.48988e+01	6.887173e+00	
585	5.782800e-02	-1.03641e+00	-1.48988e+01	6.642421e+00	
586	5.792800e-02	-1.03639e+00	-1.48988e+01	6.391395e+00	
587	5.802800e-02	-1.03639e+00	-1.48988e+01	6.134153e+00	
588	5.812800e-02	-1.03638e+00	-1.48988e+01	5.871117e+00	
589	5.822800e-02	-1.03637e+00	-1.48988e+01	5.602370e+00	
590	5.832800e-02	-1.03636e+00	-1.48988e+01	5.328330e+00	
591	5.842800e-02	-1.03635e+00	-1.48988e+01	5.049100e+00	
592	5.852800e-02	-1.03634e+00	-1.48988e+01	4.765092e+00	
593	5.862800e-02	-1.03633e+00	-1.48988e+01	4.476427e+00	
594	5.872800e-02	-1.03632e+00	-1.48988e+01	4.183507e+00	
595	5.882800e-02	-1.03632e+00	-1.48988e+01	3.886465e+00	
596	5.892800e-02	-1.03631e+00	-1.48988e+01	3.585691e+00	
597	5.902800e-02	-1.03630e+00	-1.48988e+01	3.281322e+00	
598	5.912800e-02	-1.03629e+00	-1.48988e+01	2.973722e+00	
599	5.922800e-02	-1.03629e+00	-1.48988e+01	2.663016e+00	
600	5.932800e-02	-1.03628e+00	-1.48988e+01	2.349518e+00	
601	5.942800e-02	-1.03627e+00	-1.48988e+01	2.033295e+00	
602	5.952800e-02	-1.03626e+00	-1.48988e+01	1.714533e+00	
603	5.962800e-02	-1.03626e+00	-1.48988e+01	1.393079e+00	
604	5.972800e-02	-1.03625e+00	-1.48988e+01	1.068629e+00	
605	5.982800e-02	-1.03624e+00	-1.48988e+01	7.395473e-01	
606	5.992800e-02	-1.03622e+00	-1.48988e+01	4.003127e-01	
607	6.002800e-02	-1.03612e+00	-1.48988e+01	7.878526e-03	
608	6.012800e-02	-1.03626e+00	-1.48988e+01	-3.53215e-01	
609	6.022800e-02	-1.03616e+00	-1.48988e+01	-6.88035e-01	
610	6.032800e-02	-1.03625e+00	-1.48988e+01	-1.01949e+00	
611	6.042800e-02	-1.03616e+00	-1.48988e+01	-1.34418e+00	
612	6.052800e-02	-1.03624e+00	-1.48988e+01	-1.66830e+00	
613	6.062800e-02	-1.03615e+00	-1.48988e+01	-1.98792e+00	
614	6.072800e-02	-1.03623e+00	-1.48988e+01	-2.30689e+00	
615	6.082800e-02	-1.03615e+00	-1.48988e+01	-2.62119e+00	
616	6.092800e-02	-1.03622e+00	-1.48988e+01	-2.93430e+00	
617	6.102800e-02	-1.03614e+00	-1.48988e+01	-3.24250e+00	
618	6.112800e-02	-1.03620e+00	-1.48988e+01	-3.54888e+00	
619	6.122800e-02	-1.03614e+00	-1.48988e+01	-3.84999e+00	
620	6.132800e-02	-1.03620e+00	-1.48988e+01	-4.14863e+00	
621	6.142800e-02	-1.03613e+00	-1.48988e+01	-4.44159e+00	
622	6.152800e-02	-1.03619e+00	-1.48988e+01	-4.73141e+00	
623	6.162800e-02	-1.03613e+00	-1.48988e+01	-5.01516e+00	
624	6.172800e-02	-1.03618e+00	-1.48988e+01	-5.29510e+00	
625	6.182800e-02	-1.03613e+00	-1.48988e+01	-5.56856e+00	
626	6.192800e-02	-1.03617e+00	-1.48988e+01	-5.83758e+00	
627	6.202800e-02	-1.03613e+00	-1.48988e+01	-6.09970e+00	
628	6.212800e-02	-1.03617e+00	-1.48988e+01	-6.35678e+00	
629	6.222800e-02	-1.03613e+00	-1.48988e+01	-6.60656e+00	
630	6.232800e-02	-1.03617e+00	-1.48988e+01	-6.85071e+00	
631	6.242800e-02	-1.03613e+00	-1.48988e+01	-7.08717e+00	
632	6.252800e-02	-1.03617e+00	-1.48988e+01	-7.31746e+00	
633	6.262800e-02	-1.03613e+00	-1.48988e+01	-7.53968e+00	
634	6.272800e-02	-1.03617e+00	-1.48988e+01	-7.75522e+00	

Index   time            x1.net-_q13-pad x1.net-_q13-pad x1.net-_q14-pad 
--------------------------------------------------------------------------------
635	6.282800e-02	-1.03614e+00	-1.48988e+01	-7.96234e+00	
636	6.292800e-02	-1.03617e+00	-1.48988e+01	-8.16229e+00	
637	6.302800e-02	-1.03614e+00	-1.48988e+01	-8.35349e+00	
638	6.312800e-02	-1.03617e+00	-1.48988e+01	-8.53708e+00	
639	6.322800e-02	-1.03615e+00	-1.48988e+01	-8.71161e+00	
640	6.332800e-02	-1.03618e+00	-1.48988e+01	-8.87813e+00	
641	6.342800e-02	-1.03616e+00	-1.48988e+01	-9.03530e+00	
642	6.352800e-02	-1.03619e+00	-1.48988e+01	-9.18410e+00	
643	6.362800e-02	-1.03617e+00	-1.48988e+01	-9.32330e+00	
644	6.372800e-02	-1.03619e+00	-1.48988e+01	-9.45379e+00	
645	6.382800e-02	-1.03618e+00	-1.48988e+01	-9.57447e+00	
646	6.392800e-02	-1.03620e+00	-1.48988e+01	-9.68615e+00	
647	6.402800e-02	-1.03619e+00	-1.48988e+01	-9.78783e+00	
648	6.412800e-02	-1.03622e+00	-1.48988e+01	-9.88027e+00	
649	6.422800e-02	-1.03621e+00	-1.48988e+01	-9.96255e+00	
650	6.432800e-02	-1.03623e+00	-1.48988e+01	-1.00354e+01	
651	6.442800e-02	-1.03622e+00	-1.48988e+01	-1.00979e+01	
652	6.452800e-02	-1.03624e+00	-1.48988e+01	-1.01509e+01	
653	6.462800e-02	-1.03624e+00	-1.48988e+01	-1.01935e+01	
654	6.472800e-02	-1.03626e+00	-1.48988e+01	-1.02263e+01	
655	6.482800e-02	-1.03626e+00	-1.48988e+01	-1.02487e+01	
656	6.492800e-02	-1.03628e+00	-1.48988e+01	-1.02613e+01	
657	6.502800e-02	-1.03628e+00	-1.48988e+01	-1.02636e+01	
658	6.512800e-02	-1.03630e+00	-1.48988e+01	-1.02559e+01	
659	6.522800e-02	-1.03630e+00	-1.48988e+01	-1.02379e+01	
660	6.532800e-02	-1.03632e+00	-1.48988e+01	-1.02100e+01	
661	6.542800e-02	-1.03632e+00	-1.48988e+01	-1.01718e+01	
662	6.552800e-02	-1.03634e+00	-1.48988e+01	-1.01237e+01	
663	6.562800e-02	-1.03634e+00	-1.48988e+01	-1.00655e+01	
664	6.572800e-02	-1.03636e+00	-1.48988e+01	-9.99754e+00	
665	6.582800e-02	-1.03636e+00	-1.48988e+01	-9.91951e+00	
666	6.592800e-02	-1.03638e+00	-1.48988e+01	-9.83188e+00	
667	6.602800e-02	-1.03639e+00	-1.48988e+01	-9.73436e+00	
668	6.612800e-02	-1.03641e+00	-1.48988e+01	-9.62740e+00	
669	6.622800e-02	-1.03641e+00	-1.48988e+01	-9.51077e+00	
670	6.632800e-02	-1.03643e+00	-1.48988e+01	-9.38490e+00	
671	6.642800e-02	-1.03644e+00	-1.48988e+01	-9.24962e+00	
672	6.652800e-02	-1.03646e+00	-1.48988e+01	-9.10534e+00	
673	6.662800e-02	-1.03646e+00	-1.48988e+01	-8.95193e+00	
674	6.672800e-02	-1.03648e+00	-1.48988e+01	-8.78981e+00	
675	6.682800e-02	-1.03649e+00	-1.48988e+01	-8.61888e+00	
676	6.692800e-02	-1.03651e+00	-1.48988e+01	-8.43955e+00	
677	6.702800e-02	-1.03651e+00	-1.48988e+01	-8.25176e+00	
678	6.712800e-02	-1.03653e+00	-1.48988e+01	-8.05592e+00	
679	6.722800e-02	-1.03654e+00	-1.48988e+01	-7.85201e+00	
680	6.732800e-02	-1.03656e+00	-1.48988e+01	-7.64043e+00	
681	6.742800e-02	-1.03657e+00	-1.48988e+01	-7.42119e+00	
682	6.752800e-02	-1.03658e+00	-1.48988e+01	-7.19469e+00	
683	6.762800e-02	-1.03659e+00	-1.48988e+01	-6.96097e+00	
684	6.772800e-02	-1.03661e+00	-1.48988e+01	-6.72043e+00	
685	6.782800e-02	-1.03662e+00	-1.48988e+01	-6.47315e+00	
686	6.792800e-02	-1.03663e+00	-1.48988e+01	-6.21950e+00	
687	6.802800e-02	-1.03664e+00	-1.48988e+01	-5.95960e+00	
688	6.812800e-02	-1.03666e+00	-1.48988e+01	-5.69382e+00	
689	6.822800e-02	-1.03667e+00	-1.48988e+01	-5.42230e+00	
690	6.832800e-02	-1.03668e+00	-1.48988e+01	-5.14542e+00	
691	6.842800e-02	-1.03669e+00	-1.48988e+01	-4.86331e+00	
692	6.852800e-02	-1.03670e+00	-1.48988e+01	-4.57636e+00	

Index   time            x1.net-_q13-pad x1.net-_q13-pad x1.net-_q14-pad 
--------------------------------------------------------------------------------
693	6.862800e-02	-1.03671e+00	-1.48988e+01	-4.28472e+00	
694	6.872800e-02	-1.03673e+00	-1.48988e+01	-3.98878e+00	
695	6.882800e-02	-1.03673e+00	-1.48988e+01	-3.68869e+00	
696	6.892800e-02	-1.03675e+00	-1.48988e+01	-3.38481e+00	
697	6.902800e-02	-1.03675e+00	-1.48988e+01	-3.07733e+00	
698	6.912800e-02	-1.03677e+00	-1.48988e+01	-2.76657e+00	
699	6.922800e-02	-1.03677e+00	-1.48988e+01	-2.45269e+00	
700	6.932800e-02	-1.03679e+00	-1.48988e+01	-2.13598e+00	
701	6.942800e-02	-1.03679e+00	-1.48988e+01	-1.81654e+00	
702	6.952800e-02	-1.03680e+00	-1.48988e+01	-1.49452e+00	
703	6.962800e-02	-1.03681e+00	-1.48988e+01	-1.16980e+00	
704	6.972800e-02	-1.03682e+00	-1.48988e+01	-8.42025e-01	
705	6.982800e-02	-1.03683e+00	-1.48988e+01	-5.09528e-01	
706	6.992800e-02	-1.03686e+00	-1.48988e+01	-1.66395e-01	
707	7.002800e-02	-1.03695e+00	-1.48988e+01	2.291196e-01	
708	7.012800e-02	-1.03680e+00	-1.48988e+01	5.851534e-01	
709	7.022800e-02	-1.03691e+00	-1.48988e+01	9.162120e-01	
710	7.032800e-02	-1.03680e+00	-1.48988e+01	1.243957e+00	
711	7.042800e-02	-1.03691e+00	-1.48988e+01	1.565576e+00	
712	7.052800e-02	-1.03681e+00	-1.48988e+01	1.886782e+00	
713	7.062800e-02	-1.03691e+00	-1.48988e+01	2.202969e+00	
714	7.072800e-02	-1.03682e+00	-1.48988e+01	2.518894e+00	
715	7.082800e-02	-1.03691e+00	-1.48988e+01	2.829829e+00	
716	7.092800e-02	-1.03683e+00	-1.48988e+01	3.139944e+00	
717	7.102800e-02	-1.03691e+00	-1.48988e+01	3.444844e+00	
718	7.112800e-02	-1.03683e+00	-1.48988e+01	3.748271e+00	
719	7.122800e-02	-1.03691e+00	-1.48988e+01	4.046163e+00	
720	7.132800e-02	-1.03684e+00	-1.48988e+01	4.341897e+00	
721	7.142800e-02	-1.03691e+00	-1.48988e+01	4.631731e+00	
722	7.152800e-02	-1.03684e+00	-1.48988e+01	4.918726e+00	
723	7.162800e-02	-1.03690e+00	-1.48988e+01	5.199438e+00	
724	7.172800e-02	-1.03684e+00	-1.48988e+01	5.476642e+00	
725	7.182800e-02	-1.03690e+00	-1.48988e+01	5.747172e+00	
726	7.192800e-02	-1.03684e+00	-1.48988e+01	6.013550e+00	
727	7.202800e-02	-1.03689e+00	-1.48988e+01	6.272865e+00	
728	7.212800e-02	-1.03684e+00	-1.48988e+01	6.527408e+00	
729	7.222800e-02	-1.03689e+00	-1.48988e+01	6.774507e+00	
730	7.232800e-02	-1.03684e+00	-1.48988e+01	7.016246e+00	
731	7.242800e-02	-1.03688e+00	-1.48988e+01	7.250170e+00	
732	7.252800e-02	-1.03683e+00	-1.48988e+01	7.478177e+00	
733	7.262800e-02	-1.03687e+00	-1.48988e+01	7.698014e+00	
734	7.272800e-02	-1.03683e+00	-1.48988e+01	7.911410e+00	
735	7.282800e-02	-1.03686e+00	-1.48988e+01	8.116302e+00	
736	7.292800e-02	-1.03682e+00	-1.48988e+01	8.314263e+00	
737	7.302800e-02	-1.03685e+00	-1.48988e+01	8.503405e+00	
738	7.312800e-02	-1.03681e+00	-1.48988e+01	8.685165e+00	
739	7.322800e-02	-1.03684e+00	-1.48988e+01	8.857815e+00	
740	7.332800e-02	-1.03680e+00	-1.48988e+01	9.022669e+00	
741	7.342800e-02	-1.03682e+00	-1.48988e+01	9.178148e+00	
742	7.352800e-02	-1.03679e+00	-1.48988e+01	9.325456e+00	
743	7.362800e-02	-1.03681e+00	-1.48988e+01	9.463151e+00	
744	7.372800e-02	-1.03678e+00	-1.48988e+01	9.592340e+00	
745	7.382800e-02	-1.03679e+00	-1.48988e+01	9.711709e+00	
746	7.392800e-02	-1.03677e+00	-1.48988e+01	9.822278e+00	
747	7.402800e-02	-1.03678e+00	-1.48988e+01	9.922849e+00	
748	7.412800e-02	-1.03675e+00	-1.48988e+01	1.001437e+01	
749	7.422800e-02	-1.03676e+00	-1.48988e+01	1.009574e+01	
750	7.432800e-02	-1.03674e+00	-1.48988e+01	1.016785e+01	

Index   time            x1.net-_q13-pad x1.net-_q13-pad x1.net-_q14-pad 
--------------------------------------------------------------------------------
751	7.442800e-02	-1.03674e+00	-1.48988e+01	1.022971e+01	
752	7.452800e-02	-1.03672e+00	-1.48988e+01	1.028214e+01	
753	7.462800e-02	-1.03673e+00	-1.48988e+01	1.032424e+01	
754	7.472800e-02	-1.03670e+00	-1.48988e+01	1.035677e+01	
755	7.482800e-02	-1.03671e+00	-1.48988e+01	1.037894e+01	
756	7.492800e-02	-1.03669e+00	-1.48988e+01	1.039145e+01	
757	7.502800e-02	-1.03669e+00	-1.48988e+01	1.039360e+01	
758	7.512800e-02	-1.03667e+00	-1.48988e+01	1.038606e+01	
759	7.522800e-02	-1.03667e+00	-1.48988e+01	1.036818e+01	
760	7.532800e-02	-1.03665e+00	-1.48988e+01	1.034060e+01	
761	7.542800e-02	-1.03665e+00	-1.48988e+01	1.030276e+01	
762	7.552800e-02	-1.03663e+00	-1.48988e+01	1.025526e+01	
763	7.562800e-02	-1.03663e+00	-1.48988e+01	1.019761e+01	
764	7.572800e-02	-1.03661e+00	-1.48988e+01	1.013037e+01	
765	7.582800e-02	-1.03661e+00	-1.48988e+01	1.005313e+01	
766	7.592800e-02	-1.03659e+00	-1.48988e+01	9.966430e+00	
767	7.602800e-02	-1.03659e+00	-1.48988e+01	9.869902e+00	
768	7.612800e-02	-1.03657e+00	-1.48988e+01	9.764072e+00	
769	7.622800e-02	-1.03657e+00	-1.48988e+01	9.648634e+00	
770	7.632800e-02	-1.03655e+00	-1.48988e+01	9.524093e+00	
771	7.642800e-02	-1.03655e+00	-1.48988e+01	9.390195e+00	
772	7.652800e-02	-1.03653e+00	-1.48988e+01	9.247432e+00	
773	7.662800e-02	-1.03653e+00	-1.48988e+01	9.095599e+00	
774	7.672800e-02	-1.03651e+00	-1.48988e+01	8.935174e+00	
775	7.682800e-02	-1.03651e+00	-1.48988e+01	8.765998e+00	
776	7.692800e-02	-1.03649e+00	-1.48988e+01	8.588538e+00	
777	7.702800e-02	-1.03648e+00	-1.48988e+01	8.402680e+00	
778	7.712800e-02	-1.03647e+00	-1.48988e+01	8.208880e+00	
779	7.722800e-02	-1.03646e+00	-1.48988e+01	8.007064e+00	
780	7.732800e-02	-1.03645e+00	-1.48988e+01	7.797681e+00	
781	7.742800e-02	-1.03644e+00	-1.48988e+01	7.580693e+00	
782	7.752800e-02	-1.03643e+00	-1.48988e+01	7.356541e+00	
783	7.762800e-02	-1.03642e+00	-1.48988e+01	7.125223e+00	
784	7.772800e-02	-1.03641e+00	-1.48988e+01	6.887174e+00	
785	7.782800e-02	-1.03641e+00	-1.48988e+01	6.642421e+00	
786	7.792800e-02	-1.03639e+00	-1.48988e+01	6.391396e+00	
787	7.802800e-02	-1.03639e+00	-1.48988e+01	6.134153e+00	
788	7.812800e-02	-1.03638e+00	-1.48988e+01	5.871117e+00	
789	7.822800e-02	-1.03637e+00	-1.48988e+01	5.602370e+00	
790	7.832800e-02	-1.03636e+00	-1.48988e+01	5.328330e+00	
791	7.842800e-02	-1.03635e+00	-1.48988e+01	5.049100e+00	
792	7.852800e-02	-1.03634e+00	-1.48988e+01	4.765092e+00	
793	7.862800e-02	-1.03633e+00	-1.48988e+01	4.476427e+00	
794	7.872800e-02	-1.03632e+00	-1.48988e+01	4.183507e+00	
795	7.882800e-02	-1.03632e+00	-1.48988e+01	3.886465e+00	
796	7.892800e-02	-1.03631e+00	-1.48988e+01	3.585691e+00	
797	7.902800e-02	-1.03630e+00	-1.48988e+01	3.281322e+00	
798	7.912800e-02	-1.03629e+00	-1.48988e+01	2.973722e+00	
799	7.922800e-02	-1.03629e+00	-1.48988e+01	2.663016e+00	
800	7.932800e-02	-1.03628e+00	-1.48988e+01	2.349518e+00	
801	7.942800e-02	-1.03627e+00	-1.48988e+01	2.033294e+00	
802	7.952800e-02	-1.03626e+00	-1.48988e+01	1.714533e+00	
803	7.962800e-02	-1.03626e+00	-1.48988e+01	1.393079e+00	
804	7.972800e-02	-1.03625e+00	-1.48988e+01	1.068629e+00	
805	7.982800e-02	-1.03624e+00	-1.48988e+01	7.395471e-01	
806	7.992800e-02	-1.03622e+00	-1.48988e+01	4.003130e-01	
807	8.002800e-02	-1.03612e+00	-1.48988e+01	7.878755e-03	
808	8.012800e-02	-1.03626e+00	-1.48988e+01	-3.53216e-01	

Index   time            x1.net-_q13-pad x1.net-_q13-pad x1.net-_q14-pad 
--------------------------------------------------------------------------------
809	8.022800e-02	-1.03616e+00	-1.48988e+01	-6.88035e-01	
810	8.032800e-02	-1.03625e+00	-1.48988e+01	-1.01949e+00	
811	8.042800e-02	-1.03616e+00	-1.48988e+01	-1.34418e+00	
812	8.052800e-02	-1.03624e+00	-1.48988e+01	-1.66830e+00	
813	8.062800e-02	-1.03615e+00	-1.48988e+01	-1.98792e+00	
814	8.072800e-02	-1.03623e+00	-1.48988e+01	-2.30689e+00	
815	8.082800e-02	-1.03615e+00	-1.48988e+01	-2.62119e+00	
816	8.092800e-02	-1.03622e+00	-1.48988e+01	-2.93430e+00	
817	8.102800e-02	-1.03614e+00	-1.48988e+01	-3.24250e+00	
818	8.112800e-02	-1.03620e+00	-1.48988e+01	-3.54888e+00	
819	8.122800e-02	-1.03614e+00	-1.48988e+01	-3.84999e+00	
820	8.132800e-02	-1.03620e+00	-1.48988e+01	-4.14863e+00	
821	8.142800e-02	-1.03613e+00	-1.48988e+01	-4.44159e+00	
822	8.152800e-02	-1.03619e+00	-1.48988e+01	-4.73141e+00	
823	8.162800e-02	-1.03613e+00	-1.48988e+01	-5.01516e+00	
824	8.172800e-02	-1.03618e+00	-1.48988e+01	-5.29510e+00	
825	8.182800e-02	-1.03613e+00	-1.48988e+01	-5.56856e+00	
826	8.192800e-02	-1.03617e+00	-1.48988e+01	-5.83758e+00	
827	8.202800e-02	-1.03613e+00	-1.48988e+01	-6.09970e+00	
828	8.212800e-02	-1.03617e+00	-1.48988e+01	-6.35678e+00	
829	8.222800e-02	-1.03613e+00	-1.48988e+01	-6.60656e+00	
830	8.232800e-02	-1.03617e+00	-1.48988e+01	-6.85071e+00	
831	8.242800e-02	-1.03613e+00	-1.48988e+01	-7.08717e+00	
832	8.252800e-02	-1.03617e+00	-1.48988e+01	-7.31746e+00	
833	8.262800e-02	-1.03613e+00	-1.48988e+01	-7.53968e+00	
834	8.272800e-02	-1.03617e+00	-1.48988e+01	-7.75522e+00	
835	8.282800e-02	-1.03614e+00	-1.48988e+01	-7.96234e+00	
836	8.292800e-02	-1.03617e+00	-1.48988e+01	-8.16229e+00	
837	8.302800e-02	-1.03614e+00	-1.48988e+01	-8.35349e+00	
838	8.312800e-02	-1.03617e+00	-1.48988e+01	-8.53708e+00	
839	8.322800e-02	-1.03615e+00	-1.48988e+01	-8.71161e+00	
840	8.332800e-02	-1.03618e+00	-1.48988e+01	-8.87813e+00	
841	8.342800e-02	-1.03616e+00	-1.48988e+01	-9.03530e+00	
842	8.352800e-02	-1.03619e+00	-1.48988e+01	-9.18410e+00	
843	8.362800e-02	-1.03617e+00	-1.48988e+01	-9.32330e+00	
844	8.372800e-02	-1.03619e+00	-1.48988e+01	-9.45379e+00	
845	8.382800e-02	-1.03618e+00	-1.48988e+01	-9.57447e+00	
846	8.392800e-02	-1.03620e+00	-1.48988e+01	-9.68615e+00	
847	8.402800e-02	-1.03619e+00	-1.48988e+01	-9.78783e+00	
848	8.412800e-02	-1.03622e+00	-1.48988e+01	-9.88027e+00	
849	8.422800e-02	-1.03621e+00	-1.48988e+01	-9.96255e+00	
850	8.432800e-02	-1.03623e+00	-1.48988e+01	-1.00354e+01	
851	8.442800e-02	-1.03622e+00	-1.48988e+01	-1.00979e+01	
852	8.452800e-02	-1.03624e+00	-1.48988e+01	-1.01509e+01	
853	8.462800e-02	-1.03624e+00	-1.48988e+01	-1.01935e+01	
854	8.472800e-02	-1.03626e+00	-1.48988e+01	-1.02263e+01	
855	8.482800e-02	-1.03626e+00	-1.48988e+01	-1.02487e+01	
856	8.492800e-02	-1.03628e+00	-1.48988e+01	-1.02613e+01	
857	8.502800e-02	-1.03628e+00	-1.48988e+01	-1.02636e+01	
858	8.512800e-02	-1.03630e+00	-1.48988e+01	-1.02559e+01	
859	8.522800e-02	-1.03630e+00	-1.48988e+01	-1.02379e+01	
860	8.532800e-02	-1.03632e+00	-1.48988e+01	-1.02100e+01	
861	8.542800e-02	-1.03632e+00	-1.48988e+01	-1.01718e+01	
862	8.552800e-02	-1.03634e+00	-1.48988e+01	-1.01237e+01	
863	8.562800e-02	-1.03634e+00	-1.48988e+01	-1.00655e+01	
864	8.572800e-02	-1.03636e+00	-1.48988e+01	-9.99754e+00	
865	8.582800e-02	-1.03636e+00	-1.48988e+01	-9.91951e+00	
866	8.592800e-02	-1.03638e+00	-1.48988e+01	-9.83188e+00	

Index   time            x1.net-_q13-pad x1.net-_q13-pad x1.net-_q14-pad 
--------------------------------------------------------------------------------
867	8.602800e-02	-1.03639e+00	-1.48988e+01	-9.73436e+00	
868	8.612800e-02	-1.03641e+00	-1.48988e+01	-9.62740e+00	
869	8.622800e-02	-1.03641e+00	-1.48988e+01	-9.51077e+00	
870	8.632800e-02	-1.03643e+00	-1.48988e+01	-9.38490e+00	
871	8.642800e-02	-1.03644e+00	-1.48988e+01	-9.24962e+00	
872	8.652800e-02	-1.03646e+00	-1.48988e+01	-9.10534e+00	
873	8.662800e-02	-1.03646e+00	-1.48988e+01	-8.95193e+00	
874	8.672800e-02	-1.03648e+00	-1.48988e+01	-8.78981e+00	
875	8.682800e-02	-1.03649e+00	-1.48988e+01	-8.61888e+00	
876	8.692800e-02	-1.03651e+00	-1.48988e+01	-8.43955e+00	
877	8.702800e-02	-1.03651e+00	-1.48988e+01	-8.25176e+00	
878	8.712800e-02	-1.03653e+00	-1.48988e+01	-8.05592e+00	
879	8.722800e-02	-1.03654e+00	-1.48988e+01	-7.85201e+00	
880	8.732800e-02	-1.03656e+00	-1.48988e+01	-7.64043e+00	
881	8.742800e-02	-1.03657e+00	-1.48988e+01	-7.42119e+00	
882	8.752800e-02	-1.03658e+00	-1.48988e+01	-7.19469e+00	
883	8.762800e-02	-1.03659e+00	-1.48988e+01	-6.96097e+00	
884	8.772800e-02	-1.03661e+00	-1.48988e+01	-6.72043e+00	
885	8.782800e-02	-1.03662e+00	-1.48988e+01	-6.47315e+00	
886	8.792800e-02	-1.03663e+00	-1.48988e+01	-6.21950e+00	
887	8.802800e-02	-1.03664e+00	-1.48988e+01	-5.95960e+00	
888	8.812800e-02	-1.03666e+00	-1.48988e+01	-5.69382e+00	
889	8.822800e-02	-1.03667e+00	-1.48988e+01	-5.42230e+00	
890	8.832800e-02	-1.03668e+00	-1.48988e+01	-5.14542e+00	
891	8.842800e-02	-1.03669e+00	-1.48988e+01	-4.86331e+00	
892	8.852800e-02	-1.03670e+00	-1.48988e+01	-4.57636e+00	
893	8.862800e-02	-1.03671e+00	-1.48988e+01	-4.28472e+00	
894	8.872800e-02	-1.03673e+00	-1.48988e+01	-3.98878e+00	
895	8.882800e-02	-1.03673e+00	-1.48988e+01	-3.68869e+00	
896	8.892800e-02	-1.03675e+00	-1.48988e+01	-3.38481e+00	
897	8.902800e-02	-1.03675e+00	-1.48988e+01	-3.07733e+00	
898	8.912800e-02	-1.03677e+00	-1.48988e+01	-2.76657e+00	
899	8.922800e-02	-1.03677e+00	-1.48988e+01	-2.45269e+00	
900	8.932800e-02	-1.03679e+00	-1.48988e+01	-2.13598e+00	
901	8.942800e-02	-1.03679e+00	-1.48988e+01	-1.81654e+00	
902	8.952800e-02	-1.03680e+00	-1.48988e+01	-1.49452e+00	
903	8.962800e-02	-1.03681e+00	-1.48988e+01	-1.16980e+00	
904	8.972800e-02	-1.03682e+00	-1.48988e+01	-8.42025e-01	
905	8.982800e-02	-1.03683e+00	-1.48988e+01	-5.09528e-01	
906	8.992800e-02	-1.03686e+00	-1.48988e+01	-1.66395e-01	
907	9.002800e-02	-1.03695e+00	-1.48988e+01	2.291186e-01	
908	9.012800e-02	-1.03680e+00	-1.48988e+01	5.851542e-01	
909	9.022800e-02	-1.03691e+00	-1.48988e+01	9.162112e-01	
910	9.032800e-02	-1.03680e+00	-1.48988e+01	1.243958e+00	
911	9.042800e-02	-1.03691e+00	-1.48988e+01	1.565575e+00	
912	9.052800e-02	-1.03681e+00	-1.48988e+01	1.886782e+00	
913	9.062800e-02	-1.03691e+00	-1.48988e+01	2.202968e+00	
914	9.072800e-02	-1.03682e+00	-1.48988e+01	2.518895e+00	
915	9.082800e-02	-1.03691e+00	-1.48988e+01	2.829828e+00	
916	9.092800e-02	-1.03683e+00	-1.48988e+01	3.139945e+00	
917	9.102800e-02	-1.03691e+00	-1.48988e+01	3.444844e+00	
918	9.112800e-02	-1.03683e+00	-1.48988e+01	3.748272e+00	
919	9.122800e-02	-1.03691e+00	-1.48988e+01	4.046162e+00	
920	9.132800e-02	-1.03684e+00	-1.48988e+01	4.341897e+00	
921	9.142800e-02	-1.03691e+00	-1.48988e+01	4.631731e+00	
922	9.152800e-02	-1.03684e+00	-1.48988e+01	4.918727e+00	
923	9.162800e-02	-1.03690e+00	-1.48988e+01	5.199437e+00	
924	9.172800e-02	-1.03684e+00	-1.48988e+01	5.476642e+00	

Index   time            x1.net-_q13-pad x1.net-_q13-pad x1.net-_q14-pad 
--------------------------------------------------------------------------------
925	9.182800e-02	-1.03690e+00	-1.48988e+01	5.747172e+00	
926	9.192800e-02	-1.03684e+00	-1.48988e+01	6.013550e+00	
927	9.202800e-02	-1.03689e+00	-1.48988e+01	6.272864e+00	
928	9.212800e-02	-1.03684e+00	-1.48988e+01	6.527409e+00	
929	9.222800e-02	-1.03689e+00	-1.48988e+01	6.774507e+00	
930	9.232800e-02	-1.03684e+00	-1.48988e+01	7.016246e+00	
931	9.242800e-02	-1.03688e+00	-1.48988e+01	7.250170e+00	
932	9.252800e-02	-1.03683e+00	-1.48988e+01	7.478177e+00	
933	9.262800e-02	-1.03687e+00	-1.48988e+01	7.698014e+00	
934	9.272800e-02	-1.03683e+00	-1.48988e+01	7.911411e+00	
935	9.282800e-02	-1.03686e+00	-1.48988e+01	8.116301e+00	
936	9.292800e-02	-1.03682e+00	-1.48988e+01	8.314264e+00	
937	9.302800e-02	-1.03685e+00	-1.48988e+01	8.503404e+00	
938	9.312800e-02	-1.03681e+00	-1.48988e+01	8.685166e+00	
939	9.322800e-02	-1.03684e+00	-1.48988e+01	8.857814e+00	
940	9.332800e-02	-1.03680e+00	-1.48988e+01	9.022670e+00	
941	9.342800e-02	-1.03682e+00	-1.48988e+01	9.178147e+00	
942	9.352800e-02	-1.03679e+00	-1.48988e+01	9.325456e+00	
943	9.362800e-02	-1.03681e+00	-1.48988e+01	9.463151e+00	
944	9.372800e-02	-1.03678e+00	-1.48988e+01	9.592341e+00	
945	9.382800e-02	-1.03679e+00	-1.48988e+01	9.711709e+00	
946	9.392800e-02	-1.03677e+00	-1.48988e+01	9.822278e+00	
947	9.402800e-02	-1.03678e+00	-1.48988e+01	9.922849e+00	
948	9.412800e-02	-1.03675e+00	-1.48988e+01	1.001437e+01	
949	9.422800e-02	-1.03676e+00	-1.48988e+01	1.009574e+01	
950	9.432800e-02	-1.03674e+00	-1.48988e+01	1.016785e+01	
951	9.442800e-02	-1.03674e+00	-1.48988e+01	1.022971e+01	
952	9.452800e-02	-1.03672e+00	-1.48988e+01	1.028214e+01	
953	9.462800e-02	-1.03673e+00	-1.48988e+01	1.032424e+01	
954	9.472800e-02	-1.03670e+00	-1.48988e+01	1.035677e+01	
955	9.482800e-02	-1.03671e+00	-1.48988e+01	1.037894e+01	
956	9.492800e-02	-1.03669e+00	-1.48988e+01	1.039145e+01	
957	9.502800e-02	-1.03669e+00	-1.48988e+01	1.039360e+01	
958	9.512800e-02	-1.03667e+00	-1.48988e+01	1.038606e+01	
959	9.522800e-02	-1.03667e+00	-1.48988e+01	1.036818e+01	
960	9.532800e-02	-1.03665e+00	-1.48988e+01	1.034060e+01	
961	9.542800e-02	-1.03665e+00	-1.48988e+01	1.030276e+01	
962	9.552800e-02	-1.03663e+00	-1.48988e+01	1.025526e+01	
963	9.562800e-02	-1.03663e+00	-1.48988e+01	1.019761e+01	
964	9.572800e-02	-1.03661e+00	-1.48988e+01	1.013037e+01	
965	9.582800e-02	-1.03661e+00	-1.48988e+01	1.005313e+01	
966	9.592800e-02	-1.03659e+00	-1.48988e+01	9.966430e+00	
967	9.602800e-02	-1.03659e+00	-1.48988e+01	9.869902e+00	
968	9.612800e-02	-1.03657e+00	-1.48988e+01	9.764072e+00	
969	9.622800e-02	-1.03657e+00	-1.48988e+01	9.648633e+00	
970	9.632800e-02	-1.03655e+00	-1.48988e+01	9.524093e+00	
971	9.642800e-02	-1.03655e+00	-1.48988e+01	9.390195e+00	
972	9.652800e-02	-1.03653e+00	-1.48988e+01	9.247432e+00	
973	9.662800e-02	-1.03653e+00	-1.48988e+01	9.095599e+00	
974	9.672800e-02	-1.03651e+00	-1.48988e+01	8.935174e+00	
975	9.682800e-02	-1.03651e+00	-1.48988e+01	8.765998e+00	
976	9.692800e-02	-1.03649e+00	-1.48988e+01	8.588539e+00	
977	9.702800e-02	-1.03648e+00	-1.48988e+01	8.402680e+00	
978	9.712800e-02	-1.03647e+00	-1.48988e+01	8.208881e+00	
979	9.722800e-02	-1.03646e+00	-1.48988e+01	8.007064e+00	
980	9.732800e-02	-1.03645e+00	-1.48988e+01	7.797681e+00	
981	9.742800e-02	-1.03644e+00	-1.48988e+01	7.580692e+00	
982	9.752800e-02	-1.03643e+00	-1.48988e+01	7.356541e+00	

Index   time            x1.net-_q13-pad x1.net-_q13-pad x1.net-_q14-pad 
--------------------------------------------------------------------------------
983	9.762800e-02	-1.03642e+00	-1.48988e+01	7.125222e+00	
984	9.772800e-02	-1.03641e+00	-1.48988e+01	6.887174e+00	
985	9.782800e-02	-1.03641e+00	-1.48988e+01	6.642421e+00	
986	9.792800e-02	-1.03639e+00	-1.48988e+01	6.391396e+00	
987	9.802800e-02	-1.03639e+00	-1.48988e+01	6.134152e+00	
988	9.812800e-02	-1.03638e+00	-1.48988e+01	5.871117e+00	
989	9.822800e-02	-1.03637e+00	-1.48988e+01	5.602370e+00	
990	9.832800e-02	-1.03636e+00	-1.48988e+01	5.328330e+00	
991	9.842800e-02	-1.03635e+00	-1.48988e+01	5.049100e+00	
992	9.852800e-02	-1.03634e+00	-1.48988e+01	4.765092e+00	
993	9.862800e-02	-1.03633e+00	-1.48988e+01	4.476426e+00	
994	9.872800e-02	-1.03632e+00	-1.48988e+01	4.183507e+00	
995	9.882800e-02	-1.03632e+00	-1.48988e+01	3.886465e+00	
996	9.892800e-02	-1.03631e+00	-1.48988e+01	3.585692e+00	
997	9.902800e-02	-1.03630e+00	-1.48988e+01	3.281322e+00	
998	9.912800e-02	-1.03629e+00	-1.48988e+01	2.973723e+00	
999	9.922800e-02	-1.03629e+00	-1.48988e+01	2.663015e+00	
1000	9.932800e-02	-1.03628e+00	-1.48988e+01	2.349518e+00	
1001	9.942800e-02	-1.03627e+00	-1.48988e+01	2.033294e+00	
1002	9.952800e-02	-1.03626e+00	-1.48988e+01	1.714533e+00	
1003	9.962800e-02	-1.03626e+00	-1.48988e+01	1.393079e+00	
1004	9.972800e-02	-1.03625e+00	-1.48988e+01	1.068629e+00	
1005	9.982800e-02	-1.03624e+00	-1.48988e+01	7.395469e-01	
1006	9.992800e-02	-1.03622e+00	-1.48988e+01	4.003132e-01	
1007	1.000000e-01	-1.03615e+00	-1.48988e+01	1.257258e-01	

                                kicad schematic
                                Transient Analysis  Mon Feb 10 01:04:19  2025
--------------------------------------------------------------------------------
Index   time            x1.net-_q14-pad x1.net-_q15-pad x1.net-_q15-pad 
--------------------------------------------------------------------------------
0	0.000000e+00	-5.21298e-01	-1.43216e+01	-1.49604e+01	
1	1.000000e-06	-5.23035e-01	-1.43216e+01	-1.49604e+01	
2	2.000000e-06	-5.25820e-01	-1.43216e+01	-1.49604e+01	
3	4.000000e-06	-5.32646e-01	-1.43216e+01	-1.49604e+01	
4	8.000000e-06	-5.49510e-01	-1.43216e+01	-1.49604e+01	
5	1.600000e-05	-5.83987e-01	-1.43215e+01	-1.49604e+01	
6	3.200000e-05	-6.49391e-01	-1.43214e+01	-1.49603e+01	
7	6.400000e-05	-7.69727e-01	-1.43211e+01	-1.49602e+01	
8	1.280000e-04	-9.93519e-01	-1.43206e+01	-1.49599e+01	
9	2.280000e-04	-1.32991e+00	-1.43198e+01	-1.49596e+01	
10	3.280000e-04	-1.65959e+00	-1.43191e+01	-1.49592e+01	
11	4.280000e-04	-1.98594e+00	-1.43183e+01	-1.49588e+01	
12	5.280000e-04	-2.30928e+00	-1.43176e+01	-1.49585e+01	
13	6.280000e-04	-2.63002e+00	-1.43169e+01	-1.49581e+01	
14	7.280000e-04	-2.94813e+00	-1.43161e+01	-1.49577e+01	
15	8.280000e-04	-3.26347e+00	-1.43154e+01	-1.49574e+01	
16	9.280000e-04	-3.57581e+00	-1.43147e+01	-1.49570e+01	
17	1.028000e-03	-3.88497e+00	-1.43140e+01	-1.49566e+01	
18	1.128000e-03	-4.19065e+00	-1.43132e+01	-1.49563e+01	
19	1.228000e-03	-4.49264e+00	-1.43125e+01	-1.49559e+01	
20	1.328000e-03	-4.79064e+00	-1.43118e+01	-1.49556e+01	
21	1.428000e-03	-5.08442e+00	-1.43112e+01	-1.49552e+01	
22	1.528000e-03	-5.37367e+00	-1.43105e+01	-1.49549e+01	
23	1.628000e-03	-5.65816e+00	-1.43098e+01	-1.49545e+01	
24	1.728000e-03	-5.93759e+00	-1.43091e+01	-1.49542e+01	
25	1.828000e-03	-6.21173e+00	-1.43085e+01	-1.49539e+01	
26	1.928000e-03	-6.48029e+00	-1.43079e+01	-1.49535e+01	
27	2.028000e-03	-6.74303e+00	-1.43072e+01	-1.49532e+01	
28	2.128000e-03	-6.99969e+00	-1.43066e+01	-1.49529e+01	
29	2.228000e-03	-7.25004e+00	-1.43060e+01	-1.49526e+01	
30	2.328000e-03	-7.49382e+00	-1.43054e+01	-1.49523e+01	
31	2.428000e-03	-7.73080e+00	-1.43049e+01	-1.49520e+01	
32	2.528000e-03	-7.96075e+00	-1.43043e+01	-1.49517e+01	
33	2.628000e-03	-8.18345e+00	-1.43038e+01	-1.49514e+01	
34	2.728000e-03	-8.39868e+00	-1.43033e+01	-1.49512e+01	
35	2.828000e-03	-8.60624e+00	-1.43028e+01	-1.49509e+01	
36	2.928000e-03	-8.80590e+00	-1.43023e+01	-1.49507e+01	
37	3.028000e-03	-8.99751e+00	-1.43018e+01	-1.49504e+01	
38	3.128000e-03	-9.18084e+00	-1.43014e+01	-1.49502e+01	
39	3.228000e-03	-9.35574e+00	-1.43009e+01	-1.49500e+01	
40	3.328000e-03	-9.52201e+00	-1.43005e+01	-1.49498e+01	
41	3.428000e-03	-9.67952e+00	-1.43002e+01	-1.49496e+01	
42	3.528000e-03	-9.82810e+00	-1.42998e+01	-1.49494e+01	
43	3.628000e-03	-9.96761e+00	-1.42994e+01	-1.49492e+01	
44	3.728000e-03	-1.00979e+01	-1.42991e+01	-1.49490e+01	
45	3.828000e-03	-1.02189e+01	-1.42988e+01	-1.49489e+01	
46	3.928000e-03	-1.03303e+01	-1.42986e+01	-1.49487e+01	
47	4.028000e-03	-1.04323e+01	-1.42983e+01	-1.49486e+01	
48	4.128000e-03	-1.05245e+01	-1.42981e+01	-1.49485e+01	
49	4.228000e-03	-1.06070e+01	-1.42979e+01	-1.49484e+01	
50	4.328000e-03	-1.06797e+01	-1.42977e+01	-1.49483e+01	
51	4.428000e-03	-1.07425e+01	-1.42975e+01	-1.49482e+01	
52	4.528000e-03	-1.07952e+01	-1.42974e+01	-1.49481e+01	
53	4.628000e-03	-1.08380e+01	-1.42973e+01	-1.49481e+01	
54	4.728000e-03	-1.08707e+01	-1.42972e+01	-1.49480e+01	

Index   time            x1.net-_q14-pad x1.net-_q15-pad x1.net-_q15-pad 
--------------------------------------------------------------------------------
55	4.828000e-03	-1.08933e+01	-1.42972e+01	-1.49480e+01	
56	4.928000e-03	-1.09058e+01	-1.42971e+01	-1.49480e+01	
57	5.028000e-03	-1.09081e+01	-1.42971e+01	-1.49480e+01	
58	5.128000e-03	-1.09003e+01	-1.42971e+01	-1.49480e+01	
59	5.228000e-03	-1.08824e+01	-1.42972e+01	-1.49480e+01	
60	5.328000e-03	-1.08544e+01	-1.42973e+01	-1.49480e+01	
61	5.428000e-03	-1.08163e+01	-1.42974e+01	-1.49481e+01	
62	5.528000e-03	-1.07681e+01	-1.42975e+01	-1.49482e+01	
63	5.628000e-03	-1.07100e+01	-1.42976e+01	-1.49482e+01	
64	5.728000e-03	-1.06419e+01	-1.42978e+01	-1.49483e+01	
65	5.828000e-03	-1.05639e+01	-1.42980e+01	-1.49484e+01	
66	5.928000e-03	-1.04762e+01	-1.42982e+01	-1.49485e+01	
67	6.028000e-03	-1.03787e+01	-1.42984e+01	-1.49487e+01	
68	6.128000e-03	-1.02716e+01	-1.42987e+01	-1.49488e+01	
69	6.228000e-03	-1.01550e+01	-1.42990e+01	-1.49490e+01	
70	6.328000e-03	-1.00291e+01	-1.42993e+01	-1.49491e+01	
71	6.428000e-03	-9.89380e+00	-1.42996e+01	-1.49493e+01	
72	6.528000e-03	-9.74941e+00	-1.43000e+01	-1.49495e+01	
73	6.628000e-03	-9.59601e+00	-1.43004e+01	-1.49497e+01	
74	6.728000e-03	-9.43377e+00	-1.43008e+01	-1.49499e+01	
75	6.828000e-03	-9.26284e+00	-1.43012e+01	-1.49501e+01	
76	6.928000e-03	-9.08339e+00	-1.43016e+01	-1.49503e+01	
77	7.028000e-03	-8.89560e+00	-1.43021e+01	-1.49506e+01	
78	7.128000e-03	-8.69964e+00	-1.43026e+01	-1.49508e+01	
79	7.228000e-03	-8.49571e+00	-1.43030e+01	-1.49511e+01	
80	7.328000e-03	-8.28400e+00	-1.43036e+01	-1.49513e+01	
81	7.428000e-03	-8.06473e+00	-1.43041e+01	-1.49516e+01	
82	7.528000e-03	-7.83811e+00	-1.43046e+01	-1.49519e+01	
83	7.628000e-03	-7.60435e+00	-1.43052e+01	-1.49522e+01	
84	7.728000e-03	-7.36369e+00	-1.43058e+01	-1.49525e+01	
85	7.828000e-03	-7.11636e+00	-1.43064e+01	-1.49528e+01	
86	7.928000e-03	-6.86259e+00	-1.43070e+01	-1.49531e+01	
87	8.028000e-03	-6.60263e+00	-1.43076e+01	-1.49534e+01	
88	8.128000e-03	-6.33673e+00	-1.43082e+01	-1.49537e+01	
89	8.228000e-03	-6.06514e+00	-1.43089e+01	-1.49541e+01	
90	8.328000e-03	-5.78813e+00	-1.43095e+01	-1.49544e+01	
91	8.428000e-03	-5.50595e+00	-1.43102e+01	-1.49547e+01	
92	8.528000e-03	-5.21887e+00	-1.43109e+01	-1.49551e+01	
93	8.628000e-03	-4.92715e+00	-1.43115e+01	-1.49554e+01	
94	8.728000e-03	-4.63108e+00	-1.43122e+01	-1.49558e+01	
95	8.828000e-03	-4.33090e+00	-1.43129e+01	-1.49561e+01	
96	8.928000e-03	-4.02690e+00	-1.43136e+01	-1.49565e+01	
97	9.028000e-03	-3.71932e+00	-1.43144e+01	-1.49568e+01	
98	9.128000e-03	-3.40843e+00	-1.43151e+01	-1.49572e+01	
99	9.228000e-03	-3.09446e+00	-1.43158e+01	-1.49576e+01	
100	9.328000e-03	-2.77761e+00	-1.43165e+01	-1.49579e+01	
101	9.428000e-03	-2.45807e+00	-1.43173e+01	-1.49583e+01	
102	9.528000e-03	-2.13592e+00	-1.43180e+01	-1.49587e+01	
103	9.628000e-03	-1.81109e+00	-1.43188e+01	-1.49590e+01	
104	9.728000e-03	-1.48318e+00	-1.43195e+01	-1.49594e+01	
105	9.828000e-03	-1.15058e+00	-1.43203e+01	-1.49598e+01	
106	9.928000e-03	-8.07300e-01	-1.43211e+01	-1.49602e+01	
107	1.002800e-02	-4.11630e-01	-1.43218e+01	-1.49605e+01	
108	1.012800e-02	-5.54040e-02	-1.43223e+01	-1.49608e+01	
109	1.022800e-02	2.758216e-01	-1.43228e+01	-1.49610e+01	
110	1.032800e-02	6.037460e-01	-1.43233e+01	-1.49612e+01	
111	1.042800e-02	9.255293e-01	-1.43237e+01	-1.49614e+01	
112	1.052800e-02	1.246911e+00	-1.43242e+01	-1.49616e+01	

Index   time            x1.net-_q14-pad x1.net-_q15-pad x1.net-_q15-pad 
--------------------------------------------------------------------------------
113	1.062800e-02	1.563262e+00	-1.43247e+01	-1.49618e+01	
114	1.072800e-02	1.879363e+00	-1.43251e+01	-1.49620e+01	
115	1.082800e-02	2.190461e+00	-1.43256e+01	-1.49622e+01	
116	1.092800e-02	2.500750e+00	-1.43260e+01	-1.49624e+01	
117	1.102800e-02	2.805812e+00	-1.43264e+01	-1.49626e+01	
118	1.112800e-02	3.109411e+00	-1.43269e+01	-1.49628e+01	
119	1.122800e-02	3.407463e+00	-1.43273e+01	-1.49630e+01	
120	1.132800e-02	3.703366e+00	-1.43277e+01	-1.49631e+01	
121	1.142800e-02	3.993360e+00	-1.43282e+01	-1.49633e+01	
122	1.152800e-02	4.280520e+00	-1.43286e+01	-1.49635e+01	
123	1.162800e-02	4.561388e+00	-1.43290e+01	-1.49637e+01	
124	1.172800e-02	4.838753e+00	-1.43294e+01	-1.49639e+01	
125	1.182800e-02	5.109437e+00	-1.43298e+01	-1.49640e+01	
126	1.192800e-02	5.375971e+00	-1.43302e+01	-1.49642e+01	
127	1.202800e-02	5.635434e+00	-1.43306e+01	-1.49644e+01	
128	1.212800e-02	5.890129e+00	-1.43309e+01	-1.49645e+01	
129	1.222800e-02	6.137372e+00	-1.43313e+01	-1.49647e+01	
130	1.232800e-02	6.379255e+00	-1.43317e+01	-1.49649e+01	
131	1.242800e-02	6.613317e+00	-1.43320e+01	-1.49650e+01	
132	1.252800e-02	6.841462e+00	-1.43323e+01	-1.49652e+01	
133	1.262800e-02	7.061431e+00	-1.43327e+01	-1.49653e+01	
134	1.272800e-02	7.274957e+00	-1.43330e+01	-1.49654e+01	
135	1.282800e-02	7.479972e+00	-1.43333e+01	-1.49656e+01	
136	1.292800e-02	7.678056e+00	-1.43336e+01	-1.49657e+01	
137	1.302800e-02	7.867313e+00	-1.43339e+01	-1.49658e+01	
138	1.312800e-02	8.049187e+00	-1.43341e+01	-1.49659e+01	
139	1.322800e-02	8.221942e+00	-1.43344e+01	-1.49660e+01	
140	1.332800e-02	8.386900e+00	-1.43346e+01	-1.49662e+01	
141	1.342800e-02	8.542475e+00	-1.43349e+01	-1.49663e+01	
142	1.352800e-02	8.689877e+00	-1.43351e+01	-1.49664e+01	
143	1.362800e-02	8.827658e+00	-1.43353e+01	-1.49664e+01	
144	1.372800e-02	8.956930e+00	-1.43355e+01	-1.49665e+01	
145	1.382800e-02	9.076374e+00	-1.43357e+01	-1.49666e+01	
146	1.392800e-02	9.187013e+00	-1.43358e+01	-1.49667e+01	
147	1.402800e-02	9.287648e+00	-1.43360e+01	-1.49667e+01	
148	1.412800e-02	9.379224e+00	-1.43361e+01	-1.49668e+01	
149	1.422800e-02	9.460653e+00	-1.43363e+01	-1.49669e+01	
150	1.432800e-02	9.532809e+00	-1.43364e+01	-1.49669e+01	
151	1.442800e-02	9.594710e+00	-1.43365e+01	-1.49669e+01	
152	1.452800e-02	9.647166e+00	-1.43365e+01	-1.49670e+01	
153	1.462800e-02	9.689292e+00	-1.43366e+01	-1.49670e+01	
154	1.472800e-02	9.721844e+00	-1.43367e+01	-1.49670e+01	
155	1.482800e-02	9.744028e+00	-1.43367e+01	-1.49670e+01	
156	1.492800e-02	9.756552e+00	-1.43367e+01	-1.49671e+01	
157	1.502800e-02	9.758704e+00	-1.43367e+01	-1.49671e+01	
158	1.512800e-02	9.751151e+00	-1.43367e+01	-1.49670e+01	
159	1.522800e-02	9.733262e+00	-1.43367e+01	-1.49670e+01	
160	1.532800e-02	9.705665e+00	-1.43366e+01	-1.49670e+01	
161	1.542800e-02	9.667802e+00	-1.43366e+01	-1.49670e+01	
162	1.552800e-02	9.620270e+00	-1.43365e+01	-1.49670e+01	
163	1.562800e-02	9.562582e+00	-1.43364e+01	-1.49669e+01	
164	1.572800e-02	9.495303e+00	-1.43363e+01	-1.49669e+01	
165	1.582800e-02	9.418013e+00	-1.43362e+01	-1.49668e+01	
166	1.592800e-02	9.331254e+00	-1.43361e+01	-1.49668e+01	
167	1.602800e-02	9.234664e+00	-1.43359e+01	-1.49667e+01	
168	1.612800e-02	9.128766e+00	-1.43358e+01	-1.49666e+01	
169	1.622800e-02	9.013254e+00	-1.43356e+01	-1.49666e+01	
170	1.632800e-02	8.888633e+00	-1.43354e+01	-1.49665e+01	

Index   time            x1.net-_q14-pad x1.net-_q15-pad x1.net-_q15-pad 
--------------------------------------------------------------------------------
171	1.642800e-02	8.754652e+00	-1.43352e+01	-1.49664e+01	
172	1.652800e-02	8.611798e+00	-1.43350e+01	-1.49663e+01	
173	1.662800e-02	8.459870e+00	-1.43347e+01	-1.49662e+01	
174	1.672800e-02	8.299344e+00	-1.43345e+01	-1.49661e+01	
175	1.682800e-02	8.130063e+00	-1.43342e+01	-1.49660e+01	
176	1.692800e-02	7.952493e+00	-1.43340e+01	-1.49659e+01	
177	1.702800e-02	7.766521e+00	-1.43337e+01	-1.49657e+01	
178	1.712800e-02	7.572601e+00	-1.43334e+01	-1.49656e+01	
179	1.722800e-02	7.370662e+00	-1.43331e+01	-1.49655e+01	
180	1.732800e-02	7.161151e+00	-1.43328e+01	-1.49653e+01	
181	1.742800e-02	6.944032e+00	-1.43325e+01	-1.49652e+01	
182	1.752800e-02	6.719745e+00	-1.43321e+01	-1.49651e+01	
183	1.762800e-02	6.488289e+00	-1.43318e+01	-1.49649e+01	
184	1.772800e-02	6.250097e+00	-1.43315e+01	-1.49648e+01	
185	1.782800e-02	6.005201e+00	-1.43311e+01	-1.49646e+01	
186	1.792800e-02	5.754027e+00	-1.43307e+01	-1.49644e+01	
187	1.802800e-02	5.496635e+00	-1.43303e+01	-1.49643e+01	
188	1.812800e-02	5.233446e+00	-1.43300e+01	-1.49641e+01	
189	1.822800e-02	4.964544e+00	-1.43296e+01	-1.49639e+01	
190	1.832800e-02	4.690346e+00	-1.43292e+01	-1.49638e+01	
191	1.842800e-02	4.410958e+00	-1.43288e+01	-1.49636e+01	
192	1.852800e-02	4.126788e+00	-1.43283e+01	-1.49634e+01	
193	1.862800e-02	3.837961e+00	-1.43279e+01	-1.49632e+01	
194	1.872800e-02	3.544876e+00	-1.43275e+01	-1.49630e+01	
195	1.882800e-02	3.247671e+00	-1.43271e+01	-1.49628e+01	
196	1.892800e-02	2.946730e+00	-1.43266e+01	-1.49626e+01	
197	1.902800e-02	2.642194e+00	-1.43262e+01	-1.49625e+01	
198	1.912800e-02	2.334425e+00	-1.43257e+01	-1.49623e+01	
199	1.922800e-02	2.023551e+00	-1.43253e+01	-1.49621e+01	
200	1.932800e-02	1.709883e+00	-1.43248e+01	-1.49619e+01	
201	1.942800e-02	1.393491e+00	-1.43244e+01	-1.49617e+01	
202	1.952800e-02	1.074558e+00	-1.43239e+01	-1.49615e+01	
203	1.962800e-02	7.529348e-01	-1.43235e+01	-1.49613e+01	
204	1.972800e-02	4.283119e-01	-1.43230e+01	-1.49611e+01	
205	1.982800e-02	9.905800e-02	-1.43225e+01	-1.49608e+01	
206	1.992800e-02	-2.40355e-01	-1.43220e+01	-1.49606e+01	
207	2.002800e-02	-6.32978e-01	-1.43214e+01	-1.49603e+01	
208	2.012800e-02	-9.94205e-01	-1.43206e+01	-1.49599e+01	
209	2.022800e-02	-1.32915e+00	-1.43198e+01	-1.49596e+01	
210	2.032800e-02	-1.66073e+00	-1.43191e+01	-1.49592e+01	
211	2.042800e-02	-1.98554e+00	-1.43183e+01	-1.49588e+01	
212	2.052800e-02	-2.30978e+00	-1.43176e+01	-1.49585e+01	
213	2.062800e-02	-2.62952e+00	-1.43169e+01	-1.49581e+01	
214	2.072800e-02	-2.94860e+00	-1.43161e+01	-1.49577e+01	
215	2.082800e-02	-3.26302e+00	-1.43154e+01	-1.49574e+01	
216	2.092800e-02	-3.57624e+00	-1.43147e+01	-1.49570e+01	
217	2.102800e-02	-3.88455e+00	-1.43140e+01	-1.49566e+01	
218	2.112800e-02	-4.19104e+00	-1.43132e+01	-1.49563e+01	
219	2.122800e-02	-4.49226e+00	-1.43125e+01	-1.49559e+01	
220	2.132800e-02	-4.79100e+00	-1.43118e+01	-1.49556e+01	
221	2.142800e-02	-5.08407e+00	-1.43112e+01	-1.49552e+01	
222	2.152800e-02	-5.37400e+00	-1.43105e+01	-1.49549e+01	
223	2.162800e-02	-5.65784e+00	-1.43098e+01	-1.49545e+01	
224	2.172800e-02	-5.93789e+00	-1.43091e+01	-1.49542e+01	
225	2.182800e-02	-6.21144e+00	-1.43085e+01	-1.49539e+01	
226	2.192800e-02	-6.48056e+00	-1.43079e+01	-1.49535e+01	
227	2.202800e-02	-6.74277e+00	-1.43072e+01	-1.49532e+01	
228	2.212800e-02	-6.99994e+00	-1.43066e+01	-1.49529e+01	

Index   time            x1.net-_q14-pad x1.net-_q15-pad x1.net-_q15-pad 
--------------------------------------------------------------------------------
229	2.222800e-02	-7.24980e+00	-1.43060e+01	-1.49526e+01	
230	2.232800e-02	-7.49404e+00	-1.43054e+01	-1.49523e+01	
231	2.242800e-02	-7.73058e+00	-1.43049e+01	-1.49520e+01	
232	2.252800e-02	-7.96096e+00	-1.43043e+01	-1.49517e+01	
233	2.262800e-02	-8.18325e+00	-1.43038e+01	-1.49514e+01	
234	2.272800e-02	-8.39887e+00	-1.43033e+01	-1.49512e+01	
235	2.282800e-02	-8.60605e+00	-1.43028e+01	-1.49509e+01	
236	2.292800e-02	-8.80608e+00	-1.43023e+01	-1.49507e+01	
237	2.302800e-02	-8.99734e+00	-1.43018e+01	-1.49504e+01	
238	2.312800e-02	-9.18100e+00	-1.43014e+01	-1.49502e+01	
239	2.322800e-02	-9.35558e+00	-1.43009e+01	-1.49500e+01	
240	2.332800e-02	-9.52216e+00	-1.43005e+01	-1.49498e+01	
241	2.342800e-02	-9.67939e+00	-1.43002e+01	-1.49496e+01	
242	2.352800e-02	-9.82823e+00	-1.42998e+01	-1.49494e+01	
243	2.362800e-02	-9.96748e+00	-1.42994e+01	-1.49492e+01	
244	2.372800e-02	-1.00980e+01	-1.42991e+01	-1.49490e+01	
245	2.382800e-02	-1.02187e+01	-1.42988e+01	-1.49489e+01	
246	2.392800e-02	-1.03305e+01	-1.42986e+01	-1.49487e+01	
247	2.402800e-02	-1.04322e+01	-1.42983e+01	-1.49486e+01	
248	2.412800e-02	-1.05246e+01	-1.42981e+01	-1.49485e+01	
249	2.422800e-02	-1.06069e+01	-1.42979e+01	-1.49484e+01	
250	2.432800e-02	-1.06798e+01	-1.42977e+01	-1.49483e+01	
251	2.442800e-02	-1.07424e+01	-1.42975e+01	-1.49482e+01	
252	2.452800e-02	-1.07953e+01	-1.42974e+01	-1.49481e+01	
253	2.462800e-02	-1.08379e+01	-1.42973e+01	-1.49481e+01	
254	2.472800e-02	-1.08708e+01	-1.42972e+01	-1.49480e+01	
255	2.482800e-02	-1.08932e+01	-1.42972e+01	-1.49480e+01	
256	2.492800e-02	-1.09058e+01	-1.42971e+01	-1.49480e+01	
257	2.502800e-02	-1.09081e+01	-1.42971e+01	-1.49480e+01	
258	2.512800e-02	-1.09004e+01	-1.42971e+01	-1.49480e+01	
259	2.522800e-02	-1.08824e+01	-1.42972e+01	-1.49480e+01	
260	2.532800e-02	-1.08544e+01	-1.42973e+01	-1.49480e+01	
261	2.542800e-02	-1.08162e+01	-1.42974e+01	-1.49481e+01	
262	2.552800e-02	-1.07682e+01	-1.42975e+01	-1.49482e+01	
263	2.562800e-02	-1.07099e+01	-1.42976e+01	-1.49482e+01	
264	2.572800e-02	-1.06419e+01	-1.42978e+01	-1.49483e+01	
265	2.582800e-02	-1.05639e+01	-1.42980e+01	-1.49484e+01	
266	2.592800e-02	-1.04762e+01	-1.42982e+01	-1.49485e+01	
267	2.602800e-02	-1.03787e+01	-1.42984e+01	-1.49487e+01	
268	2.612800e-02	-1.02717e+01	-1.42987e+01	-1.49488e+01	
269	2.622800e-02	-1.01550e+01	-1.42990e+01	-1.49490e+01	
270	2.632800e-02	-1.00291e+01	-1.42993e+01	-1.49491e+01	
271	2.642800e-02	-9.89377e+00	-1.42996e+01	-1.49493e+01	
272	2.652800e-02	-9.74944e+00	-1.43000e+01	-1.49495e+01	
273	2.662800e-02	-9.59598e+00	-1.43004e+01	-1.49497e+01	
274	2.672800e-02	-9.43380e+00	-1.43008e+01	-1.49499e+01	
275	2.682800e-02	-9.26281e+00	-1.43012e+01	-1.49501e+01	
276	2.692800e-02	-9.08342e+00	-1.43016e+01	-1.49503e+01	
277	2.702800e-02	-8.89557e+00	-1.43021e+01	-1.49506e+01	
278	2.712800e-02	-8.69966e+00	-1.43026e+01	-1.49508e+01	
279	2.722800e-02	-8.49568e+00	-1.43030e+01	-1.49511e+01	
280	2.732800e-02	-8.28402e+00	-1.43036e+01	-1.49513e+01	
281	2.742800e-02	-8.06471e+00	-1.43041e+01	-1.49516e+01	
282	2.752800e-02	-7.83813e+00	-1.43046e+01	-1.49519e+01	
283	2.762800e-02	-7.60433e+00	-1.43052e+01	-1.49522e+01	
284	2.772800e-02	-7.36371e+00	-1.43058e+01	-1.49525e+01	
285	2.782800e-02	-7.11634e+00	-1.43064e+01	-1.49528e+01	
286	2.792800e-02	-6.86260e+00	-1.43070e+01	-1.49531e+01	

Index   time            x1.net-_q14-pad x1.net-_q15-pad x1.net-_q15-pad 
--------------------------------------------------------------------------------
287	2.802800e-02	-6.60261e+00	-1.43076e+01	-1.49534e+01	
288	2.812800e-02	-6.33674e+00	-1.43082e+01	-1.49537e+01	
289	2.822800e-02	-6.06513e+00	-1.43089e+01	-1.49541e+01	
290	2.832800e-02	-5.78814e+00	-1.43095e+01	-1.49544e+01	
291	2.842800e-02	-5.50593e+00	-1.43102e+01	-1.49547e+01	
292	2.852800e-02	-5.21888e+00	-1.43109e+01	-1.49551e+01	
293	2.862800e-02	-4.92714e+00	-1.43115e+01	-1.49554e+01	
294	2.872800e-02	-4.63109e+00	-1.43122e+01	-1.49558e+01	
295	2.882800e-02	-4.33089e+00	-1.43129e+01	-1.49561e+01	
296	2.892800e-02	-4.02691e+00	-1.43136e+01	-1.49565e+01	
297	2.902800e-02	-3.71931e+00	-1.43144e+01	-1.49568e+01	
298	2.912800e-02	-3.40844e+00	-1.43151e+01	-1.49572e+01	
299	2.922800e-02	-3.09445e+00	-1.43158e+01	-1.49576e+01	
300	2.932800e-02	-2.77762e+00	-1.43165e+01	-1.49579e+01	
301	2.942800e-02	-2.45806e+00	-1.43173e+01	-1.49583e+01	
302	2.952800e-02	-2.13593e+00	-1.43180e+01	-1.49587e+01	
303	2.962800e-02	-1.81108e+00	-1.43188e+01	-1.49590e+01	
304	2.972800e-02	-1.48319e+00	-1.43195e+01	-1.49594e+01	
305	2.982800e-02	-1.15057e+00	-1.43203e+01	-1.49598e+01	
306	2.992800e-02	-8.07307e-01	-1.43211e+01	-1.49602e+01	
307	3.002800e-02	-4.11623e-01	-1.43218e+01	-1.49605e+01	
308	3.012800e-02	-5.54099e-02	-1.43223e+01	-1.49608e+01	
309	3.022800e-02	2.758271e-01	-1.43228e+01	-1.49610e+01	
310	3.032800e-02	6.037408e-01	-1.43233e+01	-1.49612e+01	
311	3.042800e-02	9.255342e-01	-1.43237e+01	-1.49614e+01	
312	3.052800e-02	1.246907e+00	-1.43242e+01	-1.49616e+01	
313	3.062800e-02	1.563267e+00	-1.43247e+01	-1.49618e+01	
314	3.072800e-02	1.879358e+00	-1.43251e+01	-1.49620e+01	
315	3.082800e-02	2.190465e+00	-1.43256e+01	-1.49622e+01	
316	3.092800e-02	2.500746e+00	-1.43260e+01	-1.49624e+01	
317	3.102800e-02	2.805816e+00	-1.43264e+01	-1.49626e+01	
318	3.112800e-02	3.109407e+00	-1.43269e+01	-1.49628e+01	
319	3.122800e-02	3.407467e+00	-1.43273e+01	-1.49630e+01	
320	3.132800e-02	3.703363e+00	-1.43277e+01	-1.49631e+01	
321	3.142800e-02	3.993363e+00	-1.43282e+01	-1.49633e+01	
322	3.152800e-02	4.280517e+00	-1.43286e+01	-1.49635e+01	
323	3.162800e-02	4.561391e+00	-1.43290e+01	-1.49637e+01	
324	3.172800e-02	4.838751e+00	-1.43294e+01	-1.49639e+01	
325	3.182800e-02	5.109439e+00	-1.43298e+01	-1.49640e+01	
326	3.192800e-02	5.375968e+00	-1.43302e+01	-1.49642e+01	
327	3.202800e-02	5.635437e+00	-1.43306e+01	-1.49644e+01	
328	3.212800e-02	5.890127e+00	-1.43309e+01	-1.49645e+01	
329	3.222800e-02	6.137374e+00	-1.43313e+01	-1.49647e+01	
330	3.232800e-02	6.379253e+00	-1.43317e+01	-1.49649e+01	
331	3.242800e-02	6.613319e+00	-1.43320e+01	-1.49650e+01	
332	3.252800e-02	6.841460e+00	-1.43323e+01	-1.49652e+01	
333	3.262800e-02	7.061432e+00	-1.43327e+01	-1.49653e+01	
334	3.272800e-02	7.274956e+00	-1.43330e+01	-1.49654e+01	
335	3.282800e-02	7.479974e+00	-1.43333e+01	-1.49656e+01	
336	3.292800e-02	7.678055e+00	-1.43336e+01	-1.49657e+01	
337	3.302800e-02	7.867314e+00	-1.43339e+01	-1.49658e+01	
338	3.312800e-02	8.049185e+00	-1.43341e+01	-1.49659e+01	
339	3.322800e-02	8.221944e+00	-1.43344e+01	-1.49660e+01	
340	3.332800e-02	8.386899e+00	-1.43346e+01	-1.49662e+01	
341	3.342800e-02	8.542476e+00	-1.43349e+01	-1.49663e+01	
342	3.352800e-02	8.689876e+00	-1.43351e+01	-1.49664e+01	
343	3.362800e-02	8.827659e+00	-1.43353e+01	-1.49664e+01	
344	3.372800e-02	8.956929e+00	-1.43355e+01	-1.49665e+01	

Index   time            x1.net-_q14-pad x1.net-_q15-pad x1.net-_q15-pad 
--------------------------------------------------------------------------------
345	3.382800e-02	9.076375e+00	-1.43357e+01	-1.49666e+01	
346	3.392800e-02	9.187012e+00	-1.43358e+01	-1.49667e+01	
347	3.402800e-02	9.287649e+00	-1.43360e+01	-1.49667e+01	
348	3.412800e-02	9.379223e+00	-1.43361e+01	-1.49668e+01	
349	3.422800e-02	9.460654e+00	-1.43363e+01	-1.49669e+01	
350	3.432800e-02	9.532809e+00	-1.43364e+01	-1.49669e+01	
351	3.442800e-02	9.594710e+00	-1.43365e+01	-1.49669e+01	
352	3.452800e-02	9.647165e+00	-1.43365e+01	-1.49670e+01	
353	3.462800e-02	9.689293e+00	-1.43366e+01	-1.49670e+01	
354	3.472800e-02	9.721844e+00	-1.43367e+01	-1.49670e+01	
355	3.482800e-02	9.744029e+00	-1.43367e+01	-1.49670e+01	
356	3.492800e-02	9.756551e+00	-1.43367e+01	-1.49671e+01	
357	3.502800e-02	9.758705e+00	-1.43367e+01	-1.49671e+01	
358	3.512800e-02	9.751151e+00	-1.43367e+01	-1.49670e+01	
359	3.522800e-02	9.733263e+00	-1.43367e+01	-1.49670e+01	
360	3.532800e-02	9.705664e+00	-1.43366e+01	-1.49670e+01	
361	3.542800e-02	9.667803e+00	-1.43366e+01	-1.49670e+01	
362	3.552800e-02	9.620270e+00	-1.43365e+01	-1.49670e+01	
363	3.562800e-02	9.562582e+00	-1.43364e+01	-1.49669e+01	
364	3.572800e-02	9.495303e+00	-1.43363e+01	-1.49669e+01	
365	3.582800e-02	9.418013e+00	-1.43362e+01	-1.49668e+01	
366	3.592800e-02	9.331253e+00	-1.43361e+01	-1.49668e+01	
367	3.602800e-02	9.234664e+00	-1.43359e+01	-1.49667e+01	
368	3.612800e-02	9.128766e+00	-1.43358e+01	-1.49666e+01	
369	3.622800e-02	9.013255e+00	-1.43356e+01	-1.49666e+01	
370	3.632800e-02	8.888633e+00	-1.43354e+01	-1.49665e+01	
371	3.642800e-02	8.754652e+00	-1.43352e+01	-1.49664e+01	
372	3.652800e-02	8.611798e+00	-1.43350e+01	-1.49663e+01	
373	3.662800e-02	8.459870e+00	-1.43347e+01	-1.49662e+01	
374	3.672800e-02	8.299343e+00	-1.43345e+01	-1.49661e+01	
375	3.682800e-02	8.130063e+00	-1.43342e+01	-1.49660e+01	
376	3.692800e-02	7.952493e+00	-1.43340e+01	-1.49659e+01	
377	3.702800e-02	7.766521e+00	-1.43337e+01	-1.49657e+01	
378	3.712800e-02	7.572601e+00	-1.43334e+01	-1.49656e+01	
379	3.722800e-02	7.370662e+00	-1.43331e+01	-1.49655e+01	
380	3.732800e-02	7.161151e+00	-1.43328e+01	-1.49653e+01	
381	3.742800e-02	6.944032e+00	-1.43325e+01	-1.49652e+01	
382	3.752800e-02	6.719745e+00	-1.43321e+01	-1.49651e+01	
383	3.762800e-02	6.488289e+00	-1.43318e+01	-1.49649e+01	
384	3.772800e-02	6.250097e+00	-1.43315e+01	-1.49648e+01	
385	3.782800e-02	6.005201e+00	-1.43311e+01	-1.49646e+01	
386	3.792800e-02	5.754027e+00	-1.43307e+01	-1.49644e+01	
387	3.802800e-02	5.496635e+00	-1.43303e+01	-1.49643e+01	
388	3.812800e-02	5.233446e+00	-1.43300e+01	-1.49641e+01	
389	3.822800e-02	4.964544e+00	-1.43296e+01	-1.49639e+01	
390	3.832800e-02	4.690346e+00	-1.43292e+01	-1.49638e+01	
391	3.842800e-02	4.410958e+00	-1.43288e+01	-1.49636e+01	
392	3.852800e-02	4.126788e+00	-1.43283e+01	-1.49634e+01	
393	3.862800e-02	3.837961e+00	-1.43279e+01	-1.49632e+01	
394	3.872800e-02	3.544876e+00	-1.43275e+01	-1.49630e+01	
395	3.882800e-02	3.247670e+00	-1.43271e+01	-1.49628e+01	
396	3.892800e-02	2.946730e+00	-1.43266e+01	-1.49626e+01	
397	3.902800e-02	2.642194e+00	-1.43262e+01	-1.49625e+01	
398	3.912800e-02	2.334426e+00	-1.43257e+01	-1.49623e+01	
399	3.922800e-02	2.023551e+00	-1.43253e+01	-1.49621e+01	
400	3.932800e-02	1.709883e+00	-1.43248e+01	-1.49619e+01	
401	3.942800e-02	1.393491e+00	-1.43244e+01	-1.49617e+01	
402	3.952800e-02	1.074559e+00	-1.43239e+01	-1.49615e+01	

Index   time            x1.net-_q14-pad x1.net-_q15-pad x1.net-_q15-pad 
--------------------------------------------------------------------------------
403	3.962800e-02	7.529347e-01	-1.43235e+01	-1.49613e+01	
404	3.972800e-02	4.283120e-01	-1.43230e+01	-1.49611e+01	
405	3.982800e-02	9.905785e-02	-1.43225e+01	-1.49608e+01	
406	3.992800e-02	-2.40355e-01	-1.43220e+01	-1.49606e+01	
407	4.002800e-02	-6.32977e-01	-1.43214e+01	-1.49603e+01	
408	4.012800e-02	-9.94206e-01	-1.43206e+01	-1.49599e+01	
409	4.022800e-02	-1.32915e+00	-1.43198e+01	-1.49596e+01	
410	4.032800e-02	-1.66073e+00	-1.43191e+01	-1.49592e+01	
411	4.042800e-02	-1.98554e+00	-1.43183e+01	-1.49588e+01	
412	4.052800e-02	-2.30978e+00	-1.43176e+01	-1.49585e+01	
413	4.062800e-02	-2.62952e+00	-1.43169e+01	-1.49581e+01	
414	4.072800e-02	-2.94860e+00	-1.43161e+01	-1.49577e+01	
415	4.082800e-02	-3.26302e+00	-1.43154e+01	-1.49574e+01	
416	4.092800e-02	-3.57624e+00	-1.43147e+01	-1.49570e+01	
417	4.102800e-02	-3.88455e+00	-1.43140e+01	-1.49566e+01	
418	4.112800e-02	-4.19104e+00	-1.43132e+01	-1.49563e+01	
419	4.122800e-02	-4.49226e+00	-1.43125e+01	-1.49559e+01	
420	4.132800e-02	-4.79100e+00	-1.43118e+01	-1.49556e+01	
421	4.142800e-02	-5.08407e+00	-1.43112e+01	-1.49552e+01	
422	4.152800e-02	-5.37400e+00	-1.43105e+01	-1.49549e+01	
423	4.162800e-02	-5.65784e+00	-1.43098e+01	-1.49545e+01	
424	4.172800e-02	-5.93789e+00	-1.43091e+01	-1.49542e+01	
425	4.182800e-02	-6.21144e+00	-1.43085e+01	-1.49539e+01	
426	4.192800e-02	-6.48056e+00	-1.43079e+01	-1.49535e+01	
427	4.202800e-02	-6.74277e+00	-1.43072e+01	-1.49532e+01	
428	4.212800e-02	-6.99994e+00	-1.43066e+01	-1.49529e+01	
429	4.222800e-02	-7.24980e+00	-1.43060e+01	-1.49526e+01	
430	4.232800e-02	-7.49404e+00	-1.43054e+01	-1.49523e+01	
431	4.242800e-02	-7.73058e+00	-1.43049e+01	-1.49520e+01	
432	4.252800e-02	-7.96096e+00	-1.43043e+01	-1.49517e+01	
433	4.262800e-02	-8.18325e+00	-1.43038e+01	-1.49514e+01	
434	4.272800e-02	-8.39887e+00	-1.43033e+01	-1.49512e+01	
435	4.282800e-02	-8.60605e+00	-1.43028e+01	-1.49509e+01	
436	4.292800e-02	-8.80608e+00	-1.43023e+01	-1.49507e+01	
437	4.302800e-02	-8.99734e+00	-1.43018e+01	-1.49504e+01	
438	4.312800e-02	-9.18100e+00	-1.43014e+01	-1.49502e+01	
439	4.322800e-02	-9.35558e+00	-1.43009e+01	-1.49500e+01	
440	4.332800e-02	-9.52216e+00	-1.43005e+01	-1.49498e+01	
441	4.342800e-02	-9.67939e+00	-1.43002e+01	-1.49496e+01	
442	4.352800e-02	-9.82823e+00	-1.42998e+01	-1.49494e+01	
443	4.362800e-02	-9.96748e+00	-1.42994e+01	-1.49492e+01	
444	4.372800e-02	-1.00980e+01	-1.42991e+01	-1.49490e+01	
445	4.382800e-02	-1.02187e+01	-1.42988e+01	-1.49489e+01	
446	4.392800e-02	-1.03305e+01	-1.42986e+01	-1.49487e+01	
447	4.402800e-02	-1.04322e+01	-1.42983e+01	-1.49486e+01	
448	4.412800e-02	-1.05246e+01	-1.42981e+01	-1.49485e+01	
449	4.422800e-02	-1.06069e+01	-1.42979e+01	-1.49484e+01	
450	4.432800e-02	-1.06798e+01	-1.42977e+01	-1.49483e+01	
451	4.442800e-02	-1.07424e+01	-1.42975e+01	-1.49482e+01	
452	4.452800e-02	-1.07953e+01	-1.42974e+01	-1.49481e+01	
453	4.462800e-02	-1.08379e+01	-1.42973e+01	-1.49481e+01	
454	4.472800e-02	-1.08708e+01	-1.42972e+01	-1.49480e+01	
455	4.482800e-02	-1.08932e+01	-1.42972e+01	-1.49480e+01	
456	4.492800e-02	-1.09058e+01	-1.42971e+01	-1.49480e+01	
457	4.502800e-02	-1.09081e+01	-1.42971e+01	-1.49480e+01	
458	4.512800e-02	-1.09004e+01	-1.42971e+01	-1.49480e+01	
459	4.522800e-02	-1.08824e+01	-1.42972e+01	-1.49480e+01	
460	4.532800e-02	-1.08544e+01	-1.42973e+01	-1.49480e+01	

Index   time            x1.net-_q14-pad x1.net-_q15-pad x1.net-_q15-pad 
--------------------------------------------------------------------------------
461	4.542800e-02	-1.08162e+01	-1.42974e+01	-1.49481e+01	
462	4.552800e-02	-1.07682e+01	-1.42975e+01	-1.49482e+01	
463	4.562800e-02	-1.07099e+01	-1.42976e+01	-1.49482e+01	
464	4.572800e-02	-1.06419e+01	-1.42978e+01	-1.49483e+01	
465	4.582800e-02	-1.05639e+01	-1.42980e+01	-1.49484e+01	
466	4.592800e-02	-1.04762e+01	-1.42982e+01	-1.49485e+01	
467	4.602800e-02	-1.03787e+01	-1.42984e+01	-1.49487e+01	
468	4.612800e-02	-1.02717e+01	-1.42987e+01	-1.49488e+01	
469	4.622800e-02	-1.01550e+01	-1.42990e+01	-1.49490e+01	
470	4.632800e-02	-1.00291e+01	-1.42993e+01	-1.49491e+01	
471	4.642800e-02	-9.89377e+00	-1.42996e+01	-1.49493e+01	
472	4.652800e-02	-9.74944e+00	-1.43000e+01	-1.49495e+01	
473	4.662800e-02	-9.59598e+00	-1.43004e+01	-1.49497e+01	
474	4.672800e-02	-9.43380e+00	-1.43008e+01	-1.49499e+01	
475	4.682800e-02	-9.26281e+00	-1.43012e+01	-1.49501e+01	
476	4.692800e-02	-9.08342e+00	-1.43016e+01	-1.49503e+01	
477	4.702800e-02	-8.89557e+00	-1.43021e+01	-1.49506e+01	
478	4.712800e-02	-8.69966e+00	-1.43026e+01	-1.49508e+01	
479	4.722800e-02	-8.49568e+00	-1.43030e+01	-1.49511e+01	
480	4.732800e-02	-8.28402e+00	-1.43036e+01	-1.49513e+01	
481	4.742800e-02	-8.06471e+00	-1.43041e+01	-1.49516e+01	
482	4.752800e-02	-7.83813e+00	-1.43046e+01	-1.49519e+01	
483	4.762800e-02	-7.60433e+00	-1.43052e+01	-1.49522e+01	
484	4.772800e-02	-7.36371e+00	-1.43058e+01	-1.49525e+01	
485	4.782800e-02	-7.11634e+00	-1.43064e+01	-1.49528e+01	
486	4.792800e-02	-6.86260e+00	-1.43070e+01	-1.49531e+01	
487	4.802800e-02	-6.60261e+00	-1.43076e+01	-1.49534e+01	
488	4.812800e-02	-6.33674e+00	-1.43082e+01	-1.49537e+01	
489	4.822800e-02	-6.06513e+00	-1.43089e+01	-1.49541e+01	
490	4.832800e-02	-5.78814e+00	-1.43095e+01	-1.49544e+01	
491	4.842800e-02	-5.50593e+00	-1.43102e+01	-1.49547e+01	
492	4.852800e-02	-5.21888e+00	-1.43109e+01	-1.49551e+01	
493	4.862800e-02	-4.92714e+00	-1.43115e+01	-1.49554e+01	
494	4.872800e-02	-4.63109e+00	-1.43122e+01	-1.49558e+01	
495	4.882800e-02	-4.33089e+00	-1.43129e+01	-1.49561e+01	
496	4.892800e-02	-4.02691e+00	-1.43136e+01	-1.49565e+01	
497	4.902800e-02	-3.71931e+00	-1.43144e+01	-1.49568e+01	
498	4.912800e-02	-3.40844e+00	-1.43151e+01	-1.49572e+01	
499	4.922800e-02	-3.09445e+00	-1.43158e+01	-1.49576e+01	
500	4.932800e-02	-2.77762e+00	-1.43165e+01	-1.49579e+01	
501	4.942800e-02	-2.45806e+00	-1.43173e+01	-1.49583e+01	
502	4.952800e-02	-2.13593e+00	-1.43180e+01	-1.49587e+01	
503	4.962800e-02	-1.81108e+00	-1.43188e+01	-1.49590e+01	
504	4.972800e-02	-1.48319e+00	-1.43195e+01	-1.49594e+01	
505	4.982800e-02	-1.15057e+00	-1.43203e+01	-1.49598e+01	
506	4.992800e-02	-8.07307e-01	-1.43211e+01	-1.49602e+01	
507	5.002800e-02	-4.11623e-01	-1.43218e+01	-1.49605e+01	
508	5.012800e-02	-5.54091e-02	-1.43223e+01	-1.49608e+01	
509	5.022800e-02	2.758264e-01	-1.43228e+01	-1.49610e+01	
510	5.032800e-02	6.037415e-01	-1.43233e+01	-1.49612e+01	
511	5.042800e-02	9.255336e-01	-1.43237e+01	-1.49614e+01	
512	5.052800e-02	1.246907e+00	-1.43242e+01	-1.49616e+01	
513	5.062800e-02	1.563266e+00	-1.43247e+01	-1.49618e+01	
514	5.072800e-02	1.879359e+00	-1.43251e+01	-1.49620e+01	
515	5.082800e-02	2.190465e+00	-1.43256e+01	-1.49622e+01	
516	5.092800e-02	2.500746e+00	-1.43260e+01	-1.49624e+01	
517	5.102800e-02	2.805816e+00	-1.43264e+01	-1.49626e+01	
518	5.112800e-02	3.109408e+00	-1.43269e+01	-1.49628e+01	

Index   time            x1.net-_q14-pad x1.net-_q15-pad x1.net-_q15-pad 
--------------------------------------------------------------------------------
519	5.122800e-02	3.407466e+00	-1.43273e+01	-1.49630e+01	
520	5.132800e-02	3.703363e+00	-1.43277e+01	-1.49631e+01	
521	5.142800e-02	3.993363e+00	-1.43282e+01	-1.49633e+01	
522	5.152800e-02	4.280518e+00	-1.43286e+01	-1.49635e+01	
523	5.162800e-02	4.561390e+00	-1.43290e+01	-1.49637e+01	
524	5.172800e-02	4.838751e+00	-1.43294e+01	-1.49639e+01	
525	5.182800e-02	5.109439e+00	-1.43298e+01	-1.49640e+01	
526	5.192800e-02	5.375969e+00	-1.43302e+01	-1.49642e+01	
527	5.202800e-02	5.635436e+00	-1.43306e+01	-1.49644e+01	
528	5.212800e-02	5.890127e+00	-1.43309e+01	-1.49645e+01	
529	5.222800e-02	6.137374e+00	-1.43313e+01	-1.49647e+01	
530	5.232800e-02	6.379254e+00	-1.43317e+01	-1.49649e+01	
531	5.242800e-02	6.613319e+00	-1.43320e+01	-1.49650e+01	
532	5.252800e-02	6.841461e+00	-1.43323e+01	-1.49652e+01	
533	5.262800e-02	7.061432e+00	-1.43327e+01	-1.49653e+01	
534	5.272800e-02	7.274956e+00	-1.43330e+01	-1.49654e+01	
535	5.282800e-02	7.479973e+00	-1.43333e+01	-1.49656e+01	
536	5.292800e-02	7.678055e+00	-1.43336e+01	-1.49657e+01	
537	5.302800e-02	7.867314e+00	-1.43339e+01	-1.49658e+01	
538	5.312800e-02	8.049186e+00	-1.43341e+01	-1.49659e+01	
539	5.322800e-02	8.221943e+00	-1.43344e+01	-1.49660e+01	
540	5.332800e-02	8.386900e+00	-1.43346e+01	-1.49662e+01	
541	5.342800e-02	8.542476e+00	-1.43349e+01	-1.49663e+01	
542	5.352800e-02	8.689876e+00	-1.43351e+01	-1.49664e+01	
543	5.362800e-02	8.827659e+00	-1.43353e+01	-1.49664e+01	
544	5.372800e-02	8.956929e+00	-1.43355e+01	-1.49665e+01	
545	5.382800e-02	9.076374e+00	-1.43357e+01	-1.49666e+01	
546	5.392800e-02	9.187012e+00	-1.43358e+01	-1.49667e+01	
547	5.402800e-02	9.287649e+00	-1.43360e+01	-1.49667e+01	
548	5.412800e-02	9.379224e+00	-1.43361e+01	-1.49668e+01	
549	5.422800e-02	9.460654e+00	-1.43363e+01	-1.49669e+01	
550	5.432800e-02	9.532809e+00	-1.43364e+01	-1.49669e+01	
551	5.442800e-02	9.594710e+00	-1.43365e+01	-1.49669e+01	
552	5.452800e-02	9.647165e+00	-1.43365e+01	-1.49670e+01	
553	5.462800e-02	9.689292e+00	-1.43366e+01	-1.49670e+01	
554	5.472800e-02	9.721844e+00	-1.43367e+01	-1.49670e+01	
555	5.482800e-02	9.744029e+00	-1.43367e+01	-1.49670e+01	
556	5.492800e-02	9.756551e+00	-1.43367e+01	-1.49671e+01	
557	5.502800e-02	9.758705e+00	-1.43367e+01	-1.49671e+01	
558	5.512800e-02	9.751151e+00	-1.43367e+01	-1.49670e+01	
559	5.522800e-02	9.733263e+00	-1.43367e+01	-1.49670e+01	
560	5.532800e-02	9.705665e+00	-1.43366e+01	-1.49670e+01	
561	5.542800e-02	9.667802e+00	-1.43366e+01	-1.49670e+01	
562	5.552800e-02	9.620270e+00	-1.43365e+01	-1.49670e+01	
563	5.562800e-02	9.562582e+00	-1.43364e+01	-1.49669e+01	
564	5.572800e-02	9.495303e+00	-1.43363e+01	-1.49669e+01	
565	5.582800e-02	9.418013e+00	-1.43362e+01	-1.49668e+01	
566	5.592800e-02	9.331254e+00	-1.43361e+01	-1.49668e+01	
567	5.602800e-02	9.234664e+00	-1.43359e+01	-1.49667e+01	
568	5.612800e-02	9.128766e+00	-1.43358e+01	-1.49666e+01	
569	5.622800e-02	9.013254e+00	-1.43356e+01	-1.49666e+01	
570	5.632800e-02	8.888634e+00	-1.43354e+01	-1.49665e+01	
571	5.642800e-02	8.754652e+00	-1.43352e+01	-1.49664e+01	
572	5.652800e-02	8.611798e+00	-1.43350e+01	-1.49663e+01	
573	5.662800e-02	8.459870e+00	-1.43347e+01	-1.49662e+01	
574	5.672800e-02	8.299344e+00	-1.43345e+01	-1.49661e+01	
575	5.682800e-02	8.130063e+00	-1.43342e+01	-1.49660e+01	
576	5.692800e-02	7.952493e+00	-1.43340e+01	-1.49659e+01	

Index   time            x1.net-_q14-pad x1.net-_q15-pad x1.net-_q15-pad 
--------------------------------------------------------------------------------
577	5.702800e-02	7.766520e+00	-1.43337e+01	-1.49657e+01	
578	5.712800e-02	7.572601e+00	-1.43334e+01	-1.49656e+01	
579	5.722800e-02	7.370662e+00	-1.43331e+01	-1.49655e+01	
580	5.732800e-02	7.161151e+00	-1.43328e+01	-1.49653e+01	
581	5.742800e-02	6.944032e+00	-1.43325e+01	-1.49652e+01	
582	5.752800e-02	6.719745e+00	-1.43321e+01	-1.49651e+01	
583	5.762800e-02	6.488289e+00	-1.43318e+01	-1.49649e+01	
584	5.772800e-02	6.250098e+00	-1.43315e+01	-1.49648e+01	
585	5.782800e-02	6.005201e+00	-1.43311e+01	-1.49646e+01	
586	5.792800e-02	5.754027e+00	-1.43307e+01	-1.49644e+01	
587	5.802800e-02	5.496634e+00	-1.43303e+01	-1.49643e+01	
588	5.812800e-02	5.233446e+00	-1.43300e+01	-1.49641e+01	
589	5.822800e-02	4.964544e+00	-1.43296e+01	-1.49639e+01	
590	5.832800e-02	4.690346e+00	-1.43292e+01	-1.49638e+01	
591	5.842800e-02	4.410957e+00	-1.43288e+01	-1.49636e+01	
592	5.852800e-02	4.126788e+00	-1.43283e+01	-1.49634e+01	
593	5.862800e-02	3.837961e+00	-1.43279e+01	-1.49632e+01	
594	5.872800e-02	3.544877e+00	-1.43275e+01	-1.49630e+01	
595	5.882800e-02	3.247670e+00	-1.43271e+01	-1.49628e+01	
596	5.892800e-02	2.946730e+00	-1.43266e+01	-1.49626e+01	
597	5.902800e-02	2.642194e+00	-1.43262e+01	-1.49625e+01	
598	5.912800e-02	2.334426e+00	-1.43257e+01	-1.49623e+01	
599	5.922800e-02	2.023551e+00	-1.43253e+01	-1.49621e+01	
600	5.932800e-02	1.709884e+00	-1.43248e+01	-1.49619e+01	
601	5.942800e-02	1.393491e+00	-1.43244e+01	-1.49617e+01	
602	5.952800e-02	1.074559e+00	-1.43239e+01	-1.49615e+01	
603	5.962800e-02	7.529344e-01	-1.43235e+01	-1.49613e+01	
604	5.972800e-02	4.283123e-01	-1.43230e+01	-1.49611e+01	
605	5.982800e-02	9.905760e-02	-1.43225e+01	-1.49608e+01	
606	5.992800e-02	-2.40354e-01	-1.43220e+01	-1.49606e+01	
607	6.002800e-02	-6.32977e-01	-1.43214e+01	-1.49603e+01	
608	6.012800e-02	-9.94206e-01	-1.43206e+01	-1.49599e+01	
609	6.022800e-02	-1.32915e+00	-1.43198e+01	-1.49596e+01	
610	6.032800e-02	-1.66073e+00	-1.43191e+01	-1.49592e+01	
611	6.042800e-02	-1.98554e+00	-1.43183e+01	-1.49588e+01	
612	6.052800e-02	-2.30978e+00	-1.43176e+01	-1.49585e+01	
613	6.062800e-02	-2.62952e+00	-1.43169e+01	-1.49581e+01	
614	6.072800e-02	-2.94860e+00	-1.43161e+01	-1.49577e+01	
615	6.082800e-02	-3.26302e+00	-1.43154e+01	-1.49574e+01	
616	6.092800e-02	-3.57624e+00	-1.43147e+01	-1.49570e+01	
617	6.102800e-02	-3.88455e+00	-1.43140e+01	-1.49566e+01	
618	6.112800e-02	-4.19104e+00	-1.43132e+01	-1.49563e+01	
619	6.122800e-02	-4.49226e+00	-1.43125e+01	-1.49559e+01	
620	6.132800e-02	-4.79100e+00	-1.43118e+01	-1.49556e+01	
621	6.142800e-02	-5.08407e+00	-1.43112e+01	-1.49552e+01	
622	6.152800e-02	-5.37400e+00	-1.43105e+01	-1.49549e+01	
623	6.162800e-02	-5.65784e+00	-1.43098e+01	-1.49545e+01	
624	6.172800e-02	-5.93789e+00	-1.43091e+01	-1.49542e+01	
625	6.182800e-02	-6.21144e+00	-1.43085e+01	-1.49539e+01	
626	6.192800e-02	-6.48056e+00	-1.43079e+01	-1.49535e+01	
627	6.202800e-02	-6.74277e+00	-1.43072e+01	-1.49532e+01	
628	6.212800e-02	-6.99994e+00	-1.43066e+01	-1.49529e+01	
629	6.222800e-02	-7.24980e+00	-1.43060e+01	-1.49526e+01	
630	6.232800e-02	-7.49404e+00	-1.43054e+01	-1.49523e+01	
631	6.242800e-02	-7.73058e+00	-1.43049e+01	-1.49520e+01	
632	6.252800e-02	-7.96096e+00	-1.43043e+01	-1.49517e+01	
633	6.262800e-02	-8.18325e+00	-1.43038e+01	-1.49514e+01	
634	6.272800e-02	-8.39887e+00	-1.43033e+01	-1.49512e+01	

Index   time            x1.net-_q14-pad x1.net-_q15-pad x1.net-_q15-pad 
--------------------------------------------------------------------------------
635	6.282800e-02	-8.60605e+00	-1.43028e+01	-1.49509e+01	
636	6.292800e-02	-8.80608e+00	-1.43023e+01	-1.49507e+01	
637	6.302800e-02	-8.99734e+00	-1.43018e+01	-1.49504e+01	
638	6.312800e-02	-9.18100e+00	-1.43014e+01	-1.49502e+01	
639	6.322800e-02	-9.35558e+00	-1.43009e+01	-1.49500e+01	
640	6.332800e-02	-9.52216e+00	-1.43005e+01	-1.49498e+01	
641	6.342800e-02	-9.67939e+00	-1.43002e+01	-1.49496e+01	
642	6.352800e-02	-9.82823e+00	-1.42998e+01	-1.49494e+01	
643	6.362800e-02	-9.96748e+00	-1.42994e+01	-1.49492e+01	
644	6.372800e-02	-1.00980e+01	-1.42991e+01	-1.49490e+01	
645	6.382800e-02	-1.02187e+01	-1.42988e+01	-1.49489e+01	
646	6.392800e-02	-1.03305e+01	-1.42986e+01	-1.49487e+01	
647	6.402800e-02	-1.04322e+01	-1.42983e+01	-1.49486e+01	
648	6.412800e-02	-1.05246e+01	-1.42981e+01	-1.49485e+01	
649	6.422800e-02	-1.06069e+01	-1.42979e+01	-1.49484e+01	
650	6.432800e-02	-1.06798e+01	-1.42977e+01	-1.49483e+01	
651	6.442800e-02	-1.07424e+01	-1.42975e+01	-1.49482e+01	
652	6.452800e-02	-1.07953e+01	-1.42974e+01	-1.49481e+01	
653	6.462800e-02	-1.08379e+01	-1.42973e+01	-1.49481e+01	
654	6.472800e-02	-1.08708e+01	-1.42972e+01	-1.49480e+01	
655	6.482800e-02	-1.08932e+01	-1.42972e+01	-1.49480e+01	
656	6.492800e-02	-1.09058e+01	-1.42971e+01	-1.49480e+01	
657	6.502800e-02	-1.09081e+01	-1.42971e+01	-1.49480e+01	
658	6.512800e-02	-1.09004e+01	-1.42971e+01	-1.49480e+01	
659	6.522800e-02	-1.08824e+01	-1.42972e+01	-1.49480e+01	
660	6.532800e-02	-1.08544e+01	-1.42973e+01	-1.49480e+01	
661	6.542800e-02	-1.08162e+01	-1.42974e+01	-1.49481e+01	
662	6.552800e-02	-1.07682e+01	-1.42975e+01	-1.49482e+01	
663	6.562800e-02	-1.07099e+01	-1.42976e+01	-1.49482e+01	
664	6.572800e-02	-1.06419e+01	-1.42978e+01	-1.49483e+01	
665	6.582800e-02	-1.05639e+01	-1.42980e+01	-1.49484e+01	
666	6.592800e-02	-1.04762e+01	-1.42982e+01	-1.49485e+01	
667	6.602800e-02	-1.03787e+01	-1.42984e+01	-1.49487e+01	
668	6.612800e-02	-1.02717e+01	-1.42987e+01	-1.49488e+01	
669	6.622800e-02	-1.01550e+01	-1.42990e+01	-1.49490e+01	
670	6.632800e-02	-1.00291e+01	-1.42993e+01	-1.49491e+01	
671	6.642800e-02	-9.89377e+00	-1.42996e+01	-1.49493e+01	
672	6.652800e-02	-9.74944e+00	-1.43000e+01	-1.49495e+01	
673	6.662800e-02	-9.59598e+00	-1.43004e+01	-1.49497e+01	
674	6.672800e-02	-9.43380e+00	-1.43008e+01	-1.49499e+01	
675	6.682800e-02	-9.26281e+00	-1.43012e+01	-1.49501e+01	
676	6.692800e-02	-9.08342e+00	-1.43016e+01	-1.49503e+01	
677	6.702800e-02	-8.89557e+00	-1.43021e+01	-1.49506e+01	
678	6.712800e-02	-8.69966e+00	-1.43026e+01	-1.49508e+01	
679	6.722800e-02	-8.49568e+00	-1.43030e+01	-1.49511e+01	
680	6.732800e-02	-8.28402e+00	-1.43036e+01	-1.49513e+01	
681	6.742800e-02	-8.06471e+00	-1.43041e+01	-1.49516e+01	
682	6.752800e-02	-7.83813e+00	-1.43046e+01	-1.49519e+01	
683	6.762800e-02	-7.60433e+00	-1.43052e+01	-1.49522e+01	
684	6.772800e-02	-7.36371e+00	-1.43058e+01	-1.49525e+01	
685	6.782800e-02	-7.11634e+00	-1.43064e+01	-1.49528e+01	
686	6.792800e-02	-6.86260e+00	-1.43070e+01	-1.49531e+01	
687	6.802800e-02	-6.60261e+00	-1.43076e+01	-1.49534e+01	
688	6.812800e-02	-6.33674e+00	-1.43082e+01	-1.49537e+01	
689	6.822800e-02	-6.06513e+00	-1.43089e+01	-1.49541e+01	
690	6.832800e-02	-5.78814e+00	-1.43095e+01	-1.49544e+01	
691	6.842800e-02	-5.50593e+00	-1.43102e+01	-1.49547e+01	
692	6.852800e-02	-5.21888e+00	-1.43109e+01	-1.49551e+01	

Index   time            x1.net-_q14-pad x1.net-_q15-pad x1.net-_q15-pad 
--------------------------------------------------------------------------------
693	6.862800e-02	-4.92714e+00	-1.43115e+01	-1.49554e+01	
694	6.872800e-02	-4.63109e+00	-1.43122e+01	-1.49558e+01	
695	6.882800e-02	-4.33089e+00	-1.43129e+01	-1.49561e+01	
696	6.892800e-02	-4.02691e+00	-1.43136e+01	-1.49565e+01	
697	6.902800e-02	-3.71931e+00	-1.43144e+01	-1.49568e+01	
698	6.912800e-02	-3.40844e+00	-1.43151e+01	-1.49572e+01	
699	6.922800e-02	-3.09445e+00	-1.43158e+01	-1.49576e+01	
700	6.932800e-02	-2.77762e+00	-1.43165e+01	-1.49579e+01	
701	6.942800e-02	-2.45806e+00	-1.43173e+01	-1.49583e+01	
702	6.952800e-02	-2.13593e+00	-1.43180e+01	-1.49587e+01	
703	6.962800e-02	-1.81108e+00	-1.43188e+01	-1.49590e+01	
704	6.972800e-02	-1.48319e+00	-1.43195e+01	-1.49594e+01	
705	6.982800e-02	-1.15057e+00	-1.43203e+01	-1.49598e+01	
706	6.992800e-02	-8.07306e-01	-1.43211e+01	-1.49602e+01	
707	7.002800e-02	-4.11624e-01	-1.43218e+01	-1.49605e+01	
708	7.012800e-02	-5.54083e-02	-1.43223e+01	-1.49608e+01	
709	7.022800e-02	2.758256e-01	-1.43228e+01	-1.49610e+01	
710	7.032800e-02	6.037423e-01	-1.43233e+01	-1.49612e+01	
711	7.042800e-02	9.255329e-01	-1.43237e+01	-1.49614e+01	
712	7.052800e-02	1.246908e+00	-1.43242e+01	-1.49616e+01	
713	7.062800e-02	1.563266e+00	-1.43247e+01	-1.49618e+01	
714	7.072800e-02	1.879360e+00	-1.43251e+01	-1.49620e+01	
715	7.082800e-02	2.190464e+00	-1.43256e+01	-1.49622e+01	
716	7.092800e-02	2.500747e+00	-1.43260e+01	-1.49624e+01	
717	7.102800e-02	2.805815e+00	-1.43264e+01	-1.49626e+01	
718	7.112800e-02	3.109408e+00	-1.43269e+01	-1.49628e+01	
719	7.122800e-02	3.407466e+00	-1.43273e+01	-1.49630e+01	
720	7.132800e-02	3.703364e+00	-1.43277e+01	-1.49631e+01	
721	7.142800e-02	3.993362e+00	-1.43282e+01	-1.49633e+01	
722	7.152800e-02	4.280518e+00	-1.43286e+01	-1.49635e+01	
723	7.162800e-02	4.561390e+00	-1.43290e+01	-1.49637e+01	
724	7.172800e-02	4.838752e+00	-1.43294e+01	-1.49639e+01	
725	7.182800e-02	5.109438e+00	-1.43298e+01	-1.49640e+01	
726	7.192800e-02	5.375969e+00	-1.43302e+01	-1.49642e+01	
727	7.202800e-02	5.635436e+00	-1.43306e+01	-1.49644e+01	
728	7.212800e-02	5.890128e+00	-1.43309e+01	-1.49645e+01	
729	7.222800e-02	6.137373e+00	-1.43313e+01	-1.49647e+01	
730	7.232800e-02	6.379254e+00	-1.43317e+01	-1.49649e+01	
731	7.242800e-02	6.613319e+00	-1.43320e+01	-1.49650e+01	
732	7.252800e-02	6.841461e+00	-1.43323e+01	-1.49652e+01	
733	7.262800e-02	7.061432e+00	-1.43327e+01	-1.49653e+01	
734	7.272800e-02	7.274957e+00	-1.43330e+01	-1.49654e+01	
735	7.282800e-02	7.479973e+00	-1.43333e+01	-1.49656e+01	
736	7.292800e-02	7.678055e+00	-1.43336e+01	-1.49657e+01	
737	7.302800e-02	7.867313e+00	-1.43339e+01	-1.49658e+01	
738	7.312800e-02	8.049186e+00	-1.43341e+01	-1.49659e+01	
739	7.322800e-02	8.221943e+00	-1.43344e+01	-1.49660e+01	
740	7.332800e-02	8.386900e+00	-1.43346e+01	-1.49662e+01	
741	7.342800e-02	8.542476e+00	-1.43349e+01	-1.49663e+01	
742	7.352800e-02	8.689876e+00	-1.43351e+01	-1.49664e+01	
743	7.362800e-02	8.827658e+00	-1.43353e+01	-1.49664e+01	
744	7.372800e-02	8.956929e+00	-1.43355e+01	-1.49665e+01	
745	7.382800e-02	9.076374e+00	-1.43357e+01	-1.49666e+01	
746	7.392800e-02	9.187013e+00	-1.43358e+01	-1.49667e+01	
747	7.402800e-02	9.287649e+00	-1.43360e+01	-1.49667e+01	
748	7.412800e-02	9.379224e+00	-1.43361e+01	-1.49668e+01	
749	7.422800e-02	9.460653e+00	-1.43363e+01	-1.49669e+01	
750	7.432800e-02	9.532809e+00	-1.43364e+01	-1.49669e+01	

Index   time            x1.net-_q14-pad x1.net-_q15-pad x1.net-_q15-pad 
--------------------------------------------------------------------------------
751	7.442800e-02	9.594710e+00	-1.43365e+01	-1.49669e+01	
752	7.452800e-02	9.647166e+00	-1.43365e+01	-1.49670e+01	
753	7.462800e-02	9.689292e+00	-1.43366e+01	-1.49670e+01	
754	7.472800e-02	9.721844e+00	-1.43367e+01	-1.49670e+01	
755	7.482800e-02	9.744028e+00	-1.43367e+01	-1.49670e+01	
756	7.492800e-02	9.756552e+00	-1.43367e+01	-1.49671e+01	
757	7.502800e-02	9.758704e+00	-1.43367e+01	-1.49671e+01	
758	7.512800e-02	9.751152e+00	-1.43367e+01	-1.49670e+01	
759	7.522800e-02	9.733262e+00	-1.43367e+01	-1.49670e+01	
760	7.532800e-02	9.705665e+00	-1.43366e+01	-1.49670e+01	
761	7.542800e-02	9.667802e+00	-1.43366e+01	-1.49670e+01	
762	7.552800e-02	9.620271e+00	-1.43365e+01	-1.49670e+01	
763	7.562800e-02	9.562581e+00	-1.43364e+01	-1.49669e+01	
764	7.572800e-02	9.495303e+00	-1.43363e+01	-1.49669e+01	
765	7.582800e-02	9.418013e+00	-1.43362e+01	-1.49668e+01	
766	7.592800e-02	9.331254e+00	-1.43361e+01	-1.49668e+01	
767	7.602800e-02	9.234664e+00	-1.43359e+01	-1.49667e+01	
768	7.612800e-02	9.128766e+00	-1.43358e+01	-1.49666e+01	
769	7.622800e-02	9.013254e+00	-1.43356e+01	-1.49666e+01	
770	7.632800e-02	8.888634e+00	-1.43354e+01	-1.49665e+01	
771	7.642800e-02	8.754652e+00	-1.43352e+01	-1.49664e+01	
772	7.652800e-02	8.611798e+00	-1.43350e+01	-1.49663e+01	
773	7.662800e-02	8.459870e+00	-1.43347e+01	-1.49662e+01	
774	7.672800e-02	8.299344e+00	-1.43345e+01	-1.49661e+01	
775	7.682800e-02	8.130063e+00	-1.43342e+01	-1.49660e+01	
776	7.692800e-02	7.952493e+00	-1.43340e+01	-1.49659e+01	
777	7.702800e-02	7.766520e+00	-1.43337e+01	-1.49657e+01	
778	7.712800e-02	7.572602e+00	-1.43334e+01	-1.49656e+01	
779	7.722800e-02	7.370662e+00	-1.43331e+01	-1.49655e+01	
780	7.732800e-02	7.161152e+00	-1.43328e+01	-1.49653e+01	
781	7.742800e-02	6.944031e+00	-1.43325e+01	-1.49652e+01	
782	7.752800e-02	6.719745e+00	-1.43321e+01	-1.49651e+01	
783	7.762800e-02	6.488288e+00	-1.43318e+01	-1.49649e+01	
784	7.772800e-02	6.250098e+00	-1.43315e+01	-1.49648e+01	
785	7.782800e-02	6.005200e+00	-1.43311e+01	-1.49646e+01	
786	7.792800e-02	5.754028e+00	-1.43307e+01	-1.49644e+01	
787	7.802800e-02	5.496634e+00	-1.43303e+01	-1.49643e+01	
788	7.812800e-02	5.233446e+00	-1.43300e+01	-1.49641e+01	
789	7.822800e-02	4.964543e+00	-1.43296e+01	-1.49639e+01	
790	7.832800e-02	4.690347e+00	-1.43292e+01	-1.49638e+01	
791	7.842800e-02	4.410957e+00	-1.43288e+01	-1.49636e+01	
792	7.852800e-02	4.126789e+00	-1.43283e+01	-1.49634e+01	
793	7.862800e-02	3.837960e+00	-1.43279e+01	-1.49632e+01	
794	7.872800e-02	3.544877e+00	-1.43275e+01	-1.49630e+01	
795	7.882800e-02	3.247670e+00	-1.43271e+01	-1.49628e+01	
796	7.892800e-02	2.946730e+00	-1.43266e+01	-1.49626e+01	
797	7.902800e-02	2.642193e+00	-1.43262e+01	-1.49625e+01	
798	7.912800e-02	2.334426e+00	-1.43257e+01	-1.49623e+01	
799	7.922800e-02	2.023550e+00	-1.43253e+01	-1.49621e+01	
800	7.932800e-02	1.709884e+00	-1.43248e+01	-1.49619e+01	
801	7.942800e-02	1.393490e+00	-1.43244e+01	-1.49617e+01	
802	7.952800e-02	1.074559e+00	-1.43239e+01	-1.49615e+01	
803	7.962800e-02	7.529342e-01	-1.43235e+01	-1.49613e+01	
804	7.972800e-02	4.283125e-01	-1.43230e+01	-1.49611e+01	
805	7.982800e-02	9.905733e-02	-1.43225e+01	-1.49608e+01	
806	7.992800e-02	-2.40354e-01	-1.43220e+01	-1.49606e+01	
807	8.002800e-02	-6.32977e-01	-1.43214e+01	-1.49603e+01	
808	8.012800e-02	-9.94206e-01	-1.43206e+01	-1.49599e+01	

Index   time            x1.net-_q14-pad x1.net-_q15-pad x1.net-_q15-pad 
--------------------------------------------------------------------------------
809	8.022800e-02	-1.32915e+00	-1.43198e+01	-1.49596e+01	
810	8.032800e-02	-1.66073e+00	-1.43191e+01	-1.49592e+01	
811	8.042800e-02	-1.98554e+00	-1.43183e+01	-1.49588e+01	
812	8.052800e-02	-2.30978e+00	-1.43176e+01	-1.49585e+01	
813	8.062800e-02	-2.62952e+00	-1.43169e+01	-1.49581e+01	
814	8.072800e-02	-2.94860e+00	-1.43161e+01	-1.49577e+01	
815	8.082800e-02	-3.26302e+00	-1.43154e+01	-1.49574e+01	
816	8.092800e-02	-3.57624e+00	-1.43147e+01	-1.49570e+01	
817	8.102800e-02	-3.88455e+00	-1.43140e+01	-1.49566e+01	
818	8.112800e-02	-4.19104e+00	-1.43132e+01	-1.49563e+01	
819	8.122800e-02	-4.49226e+00	-1.43125e+01	-1.49559e+01	
820	8.132800e-02	-4.79100e+00	-1.43118e+01	-1.49556e+01	
821	8.142800e-02	-5.08407e+00	-1.43112e+01	-1.49552e+01	
822	8.152800e-02	-5.37400e+00	-1.43105e+01	-1.49549e+01	
823	8.162800e-02	-5.65784e+00	-1.43098e+01	-1.49545e+01	
824	8.172800e-02	-5.93789e+00	-1.43091e+01	-1.49542e+01	
825	8.182800e-02	-6.21144e+00	-1.43085e+01	-1.49539e+01	
826	8.192800e-02	-6.48056e+00	-1.43079e+01	-1.49535e+01	
827	8.202800e-02	-6.74277e+00	-1.43072e+01	-1.49532e+01	
828	8.212800e-02	-6.99994e+00	-1.43066e+01	-1.49529e+01	
829	8.222800e-02	-7.24980e+00	-1.43060e+01	-1.49526e+01	
830	8.232800e-02	-7.49404e+00	-1.43054e+01	-1.49523e+01	
831	8.242800e-02	-7.73058e+00	-1.43049e+01	-1.49520e+01	
832	8.252800e-02	-7.96096e+00	-1.43043e+01	-1.49517e+01	
833	8.262800e-02	-8.18325e+00	-1.43038e+01	-1.49514e+01	
834	8.272800e-02	-8.39887e+00	-1.43033e+01	-1.49512e+01	
835	8.282800e-02	-8.60605e+00	-1.43028e+01	-1.49509e+01	
836	8.292800e-02	-8.80608e+00	-1.43023e+01	-1.49507e+01	
837	8.302800e-02	-8.99734e+00	-1.43018e+01	-1.49504e+01	
838	8.312800e-02	-9.18100e+00	-1.43014e+01	-1.49502e+01	
839	8.322800e-02	-9.35558e+00	-1.43009e+01	-1.49500e+01	
840	8.332800e-02	-9.52216e+00	-1.43005e+01	-1.49498e+01	
841	8.342800e-02	-9.67939e+00	-1.43002e+01	-1.49496e+01	
842	8.352800e-02	-9.82823e+00	-1.42998e+01	-1.49494e+01	
843	8.362800e-02	-9.96748e+00	-1.42994e+01	-1.49492e+01	
844	8.372800e-02	-1.00980e+01	-1.42991e+01	-1.49490e+01	
845	8.382800e-02	-1.02187e+01	-1.42988e+01	-1.49489e+01	
846	8.392800e-02	-1.03305e+01	-1.42986e+01	-1.49487e+01	
847	8.402800e-02	-1.04322e+01	-1.42983e+01	-1.49486e+01	
848	8.412800e-02	-1.05246e+01	-1.42981e+01	-1.49485e+01	
849	8.422800e-02	-1.06069e+01	-1.42979e+01	-1.49484e+01	
850	8.432800e-02	-1.06798e+01	-1.42977e+01	-1.49483e+01	
851	8.442800e-02	-1.07424e+01	-1.42975e+01	-1.49482e+01	
852	8.452800e-02	-1.07953e+01	-1.42974e+01	-1.49481e+01	
853	8.462800e-02	-1.08379e+01	-1.42973e+01	-1.49481e+01	
854	8.472800e-02	-1.08708e+01	-1.42972e+01	-1.49480e+01	
855	8.482800e-02	-1.08932e+01	-1.42972e+01	-1.49480e+01	
856	8.492800e-02	-1.09058e+01	-1.42971e+01	-1.49480e+01	
857	8.502800e-02	-1.09081e+01	-1.42971e+01	-1.49480e+01	
858	8.512800e-02	-1.09004e+01	-1.42971e+01	-1.49480e+01	
859	8.522800e-02	-1.08824e+01	-1.42972e+01	-1.49480e+01	
860	8.532800e-02	-1.08544e+01	-1.42973e+01	-1.49480e+01	
861	8.542800e-02	-1.08162e+01	-1.42974e+01	-1.49481e+01	
862	8.552800e-02	-1.07682e+01	-1.42975e+01	-1.49482e+01	
863	8.562800e-02	-1.07099e+01	-1.42976e+01	-1.49482e+01	
864	8.572800e-02	-1.06419e+01	-1.42978e+01	-1.49483e+01	
865	8.582800e-02	-1.05639e+01	-1.42980e+01	-1.49484e+01	
866	8.592800e-02	-1.04762e+01	-1.42982e+01	-1.49485e+01	

Index   time            x1.net-_q14-pad x1.net-_q15-pad x1.net-_q15-pad 
--------------------------------------------------------------------------------
867	8.602800e-02	-1.03787e+01	-1.42984e+01	-1.49487e+01	
868	8.612800e-02	-1.02717e+01	-1.42987e+01	-1.49488e+01	
869	8.622800e-02	-1.01550e+01	-1.42990e+01	-1.49490e+01	
870	8.632800e-02	-1.00291e+01	-1.42993e+01	-1.49491e+01	
871	8.642800e-02	-9.89377e+00	-1.42996e+01	-1.49493e+01	
872	8.652800e-02	-9.74944e+00	-1.43000e+01	-1.49495e+01	
873	8.662800e-02	-9.59598e+00	-1.43004e+01	-1.49497e+01	
874	8.672800e-02	-9.43380e+00	-1.43008e+01	-1.49499e+01	
875	8.682800e-02	-9.26281e+00	-1.43012e+01	-1.49501e+01	
876	8.692800e-02	-9.08342e+00	-1.43016e+01	-1.49503e+01	
877	8.702800e-02	-8.89557e+00	-1.43021e+01	-1.49506e+01	
878	8.712800e-02	-8.69966e+00	-1.43026e+01	-1.49508e+01	
879	8.722800e-02	-8.49568e+00	-1.43030e+01	-1.49511e+01	
880	8.732800e-02	-8.28402e+00	-1.43036e+01	-1.49513e+01	
881	8.742800e-02	-8.06471e+00	-1.43041e+01	-1.49516e+01	
882	8.752800e-02	-7.83813e+00	-1.43046e+01	-1.49519e+01	
883	8.762800e-02	-7.60433e+00	-1.43052e+01	-1.49522e+01	
884	8.772800e-02	-7.36371e+00	-1.43058e+01	-1.49525e+01	
885	8.782800e-02	-7.11634e+00	-1.43064e+01	-1.49528e+01	
886	8.792800e-02	-6.86260e+00	-1.43070e+01	-1.49531e+01	
887	8.802800e-02	-6.60261e+00	-1.43076e+01	-1.49534e+01	
888	8.812800e-02	-6.33674e+00	-1.43082e+01	-1.49537e+01	
889	8.822800e-02	-6.06513e+00	-1.43089e+01	-1.49541e+01	
890	8.832800e-02	-5.78814e+00	-1.43095e+01	-1.49544e+01	
891	8.842800e-02	-5.50593e+00	-1.43102e+01	-1.49547e+01	
892	8.852800e-02	-5.21888e+00	-1.43109e+01	-1.49551e+01	
893	8.862800e-02	-4.92714e+00	-1.43115e+01	-1.49554e+01	
894	8.872800e-02	-4.63109e+00	-1.43122e+01	-1.49558e+01	
895	8.882800e-02	-4.33089e+00	-1.43129e+01	-1.49561e+01	
896	8.892800e-02	-4.02691e+00	-1.43136e+01	-1.49565e+01	
897	8.902800e-02	-3.71931e+00	-1.43144e+01	-1.49568e+01	
898	8.912800e-02	-3.40844e+00	-1.43151e+01	-1.49572e+01	
899	8.922800e-02	-3.09445e+00	-1.43158e+01	-1.49576e+01	
900	8.932800e-02	-2.77762e+00	-1.43165e+01	-1.49579e+01	
901	8.942800e-02	-2.45806e+00	-1.43173e+01	-1.49583e+01	
902	8.952800e-02	-2.13593e+00	-1.43180e+01	-1.49587e+01	
903	8.962800e-02	-1.81108e+00	-1.43188e+01	-1.49590e+01	
904	8.972800e-02	-1.48319e+00	-1.43195e+01	-1.49594e+01	
905	8.982800e-02	-1.15057e+00	-1.43203e+01	-1.49598e+01	
906	8.992800e-02	-8.07306e-01	-1.43211e+01	-1.49602e+01	
907	9.002800e-02	-4.11625e-01	-1.43218e+01	-1.49605e+01	
908	9.012800e-02	-5.54074e-02	-1.43223e+01	-1.49608e+01	
909	9.022800e-02	2.758248e-01	-1.43228e+01	-1.49610e+01	
910	9.032800e-02	6.037430e-01	-1.43233e+01	-1.49612e+01	
911	9.042800e-02	9.255322e-01	-1.43237e+01	-1.49614e+01	
912	9.052800e-02	1.246909e+00	-1.43242e+01	-1.49616e+01	
913	9.062800e-02	1.563265e+00	-1.43247e+01	-1.49618e+01	
914	9.072800e-02	1.879360e+00	-1.43251e+01	-1.49620e+01	
915	9.082800e-02	2.190463e+00	-1.43256e+01	-1.49622e+01	
916	9.092800e-02	2.500748e+00	-1.43260e+01	-1.49624e+01	
917	9.102800e-02	2.805814e+00	-1.43264e+01	-1.49626e+01	
918	9.112800e-02	3.109409e+00	-1.43269e+01	-1.49628e+01	
919	9.122800e-02	3.407465e+00	-1.43273e+01	-1.49630e+01	
920	9.132800e-02	3.703365e+00	-1.43277e+01	-1.49631e+01	
921	9.142800e-02	3.993361e+00	-1.43282e+01	-1.49633e+01	
922	9.152800e-02	4.280519e+00	-1.43286e+01	-1.49635e+01	
923	9.162800e-02	4.561389e+00	-1.43290e+01	-1.49637e+01	
924	9.172800e-02	4.838752e+00	-1.43294e+01	-1.49639e+01	

Index   time            x1.net-_q14-pad x1.net-_q15-pad x1.net-_q15-pad 
--------------------------------------------------------------------------------
925	9.182800e-02	5.109438e+00	-1.43298e+01	-1.49640e+01	
926	9.192800e-02	5.375970e+00	-1.43302e+01	-1.49642e+01	
927	9.202800e-02	5.635435e+00	-1.43306e+01	-1.49644e+01	
928	9.212800e-02	5.890128e+00	-1.43309e+01	-1.49645e+01	
929	9.222800e-02	6.137373e+00	-1.43313e+01	-1.49647e+01	
930	9.232800e-02	6.379255e+00	-1.43317e+01	-1.49649e+01	
931	9.242800e-02	6.613318e+00	-1.43320e+01	-1.49650e+01	
932	9.252800e-02	6.841462e+00	-1.43323e+01	-1.49652e+01	
933	9.262800e-02	7.061431e+00	-1.43327e+01	-1.49653e+01	
934	9.272800e-02	7.274957e+00	-1.43330e+01	-1.49654e+01	
935	9.282800e-02	7.479972e+00	-1.43333e+01	-1.49656e+01	
936	9.292800e-02	7.678056e+00	-1.43336e+01	-1.49657e+01	
937	9.302800e-02	7.867313e+00	-1.43339e+01	-1.49658e+01	
938	9.312800e-02	8.049186e+00	-1.43341e+01	-1.49659e+01	
939	9.322800e-02	8.221942e+00	-1.43344e+01	-1.49660e+01	
940	9.332800e-02	8.386900e+00	-1.43346e+01	-1.49662e+01	
941	9.342800e-02	8.542475e+00	-1.43349e+01	-1.49663e+01	
942	9.352800e-02	8.689877e+00	-1.43351e+01	-1.49664e+01	
943	9.362800e-02	8.827658e+00	-1.43353e+01	-1.49664e+01	
944	9.372800e-02	8.956930e+00	-1.43355e+01	-1.49665e+01	
945	9.382800e-02	9.076374e+00	-1.43357e+01	-1.49666e+01	
946	9.392800e-02	9.187013e+00	-1.43358e+01	-1.49667e+01	
947	9.402800e-02	9.287648e+00	-1.43360e+01	-1.49667e+01	
948	9.412800e-02	9.379224e+00	-1.43361e+01	-1.49668e+01	
949	9.422800e-02	9.460653e+00	-1.43363e+01	-1.49669e+01	
950	9.432800e-02	9.532810e+00	-1.43364e+01	-1.49669e+01	
951	9.442800e-02	9.594710e+00	-1.43365e+01	-1.49669e+01	
952	9.452800e-02	9.647166e+00	-1.43365e+01	-1.49670e+01	
953	9.462800e-02	9.689292e+00	-1.43366e+01	-1.49670e+01	
954	9.472800e-02	9.721845e+00	-1.43367e+01	-1.49670e+01	
955	9.482800e-02	9.744028e+00	-1.43367e+01	-1.49670e+01	
956	9.492800e-02	9.756552e+00	-1.43367e+01	-1.49671e+01	
957	9.502800e-02	9.758704e+00	-1.43367e+01	-1.49671e+01	
958	9.512800e-02	9.751152e+00	-1.43367e+01	-1.49670e+01	
959	9.522800e-02	9.733262e+00	-1.43367e+01	-1.49670e+01	
960	9.532800e-02	9.705665e+00	-1.43366e+01	-1.49670e+01	
961	9.542800e-02	9.667802e+00	-1.43366e+01	-1.49670e+01	
962	9.552800e-02	9.620271e+00	-1.43365e+01	-1.49670e+01	
963	9.562800e-02	9.562581e+00	-1.43364e+01	-1.49669e+01	
964	9.572800e-02	9.495304e+00	-1.43363e+01	-1.49669e+01	
965	9.582800e-02	9.418012e+00	-1.43362e+01	-1.49668e+01	
966	9.592800e-02	9.331254e+00	-1.43361e+01	-1.49668e+01	
967	9.602800e-02	9.234663e+00	-1.43359e+01	-1.49667e+01	
968	9.612800e-02	9.128766e+00	-1.43358e+01	-1.49666e+01	
969	9.622800e-02	9.013254e+00	-1.43356e+01	-1.49666e+01	
970	9.632800e-02	8.888634e+00	-1.43354e+01	-1.49665e+01	
971	9.642800e-02	8.754651e+00	-1.43352e+01	-1.49664e+01	
972	9.652800e-02	8.611799e+00	-1.43350e+01	-1.49663e+01	
973	9.662800e-02	8.459869e+00	-1.43347e+01	-1.49662e+01	
974	9.672800e-02	8.299344e+00	-1.43345e+01	-1.49661e+01	
975	9.682800e-02	8.130062e+00	-1.43342e+01	-1.49660e+01	
976	9.692800e-02	7.952494e+00	-1.43340e+01	-1.49659e+01	
977	9.702800e-02	7.766520e+00	-1.43337e+01	-1.49657e+01	
978	9.712800e-02	7.572602e+00	-1.43334e+01	-1.49656e+01	
979	9.722800e-02	7.370662e+00	-1.43331e+01	-1.49655e+01	
980	9.732800e-02	7.161152e+00	-1.43328e+01	-1.49653e+01	
981	9.742800e-02	6.944031e+00	-1.43325e+01	-1.49652e+01	
982	9.752800e-02	6.719746e+00	-1.43321e+01	-1.49651e+01	

Index   time            x1.net-_q14-pad x1.net-_q15-pad x1.net-_q15-pad 
--------------------------------------------------------------------------------
983	9.762800e-02	6.488288e+00	-1.43318e+01	-1.49649e+01	
984	9.772800e-02	6.250098e+00	-1.43315e+01	-1.49648e+01	
985	9.782800e-02	6.005200e+00	-1.43311e+01	-1.49646e+01	
986	9.792800e-02	5.754028e+00	-1.43307e+01	-1.49644e+01	
987	9.802800e-02	5.496634e+00	-1.43303e+01	-1.49643e+01	
988	9.812800e-02	5.233446e+00	-1.43300e+01	-1.49641e+01	
989	9.822800e-02	4.964543e+00	-1.43296e+01	-1.49639e+01	
990	9.832800e-02	4.690347e+00	-1.43292e+01	-1.49638e+01	
991	9.842800e-02	4.410957e+00	-1.43288e+01	-1.49636e+01	
992	9.852800e-02	4.126789e+00	-1.43283e+01	-1.49634e+01	
993	9.862800e-02	3.837960e+00	-1.43279e+01	-1.49632e+01	
994	9.872800e-02	3.544877e+00	-1.43275e+01	-1.49630e+01	
995	9.882800e-02	3.247670e+00	-1.43271e+01	-1.49628e+01	
996	9.892800e-02	2.946730e+00	-1.43266e+01	-1.49626e+01	
997	9.902800e-02	2.642193e+00	-1.43262e+01	-1.49625e+01	
998	9.912800e-02	2.334426e+00	-1.43257e+01	-1.49623e+01	
999	9.922800e-02	2.023550e+00	-1.43253e+01	-1.49621e+01	
1000	9.932800e-02	1.709884e+00	-1.43248e+01	-1.49619e+01	
1001	9.942800e-02	1.393490e+00	-1.43244e+01	-1.49617e+01	
1002	9.952800e-02	1.074559e+00	-1.43239e+01	-1.49615e+01	
1003	9.962800e-02	7.529339e-01	-1.43235e+01	-1.49613e+01	
1004	9.972800e-02	4.283128e-01	-1.43230e+01	-1.49611e+01	
1005	9.982800e-02	9.905705e-02	-1.43225e+01	-1.49608e+01	
1006	9.992800e-02	-2.40354e-01	-1.43220e+01	-1.49606e+01	
1007	1.000000e-01	-5.15080e-01	-1.43216e+01	-1.49604e+01	

                                kicad schematic
                                Transient Analysis  Mon Feb 10 01:04:19  2025
--------------------------------------------------------------------------------
Index   time            x1.net-_q18-pad x1.net-_q19-pad 
--------------------------------------------------------------------------------
0	0.000000e+00	6.908936e-03	5.901284e-03	
1	1.000000e-06	5.693251e-03	4.680489e-03	
2	2.000000e-06	3.700515e-03	2.678913e-03	
3	4.000000e-06	-1.21567e-03	-2.26187e-03	
4	8.000000e-06	-1.34455e-02	-1.45733e-02	
5	1.600000e-05	-3.88305e-02	-4.02187e-02	
6	3.200000e-05	-8.94761e-02	-9.16203e-02	
7	6.400000e-05	-1.90437e-01	-1.94423e-01	
8	1.280000e-04	-3.91551e-01	-3.99467e-01	
9	2.280000e-04	-7.05257e-01	-7.19407e-01	
10	3.280000e-04	-1.01815e+00	-1.03855e+00	
11	4.280000e-04	-1.33005e+00	-1.35668e+00	
12	5.280000e-04	-1.64060e+00	-1.67343e+00	
13	6.280000e-04	-1.94953e+00	-1.98854e+00	
14	7.280000e-04	-2.25652e+00	-2.30167e+00	
15	8.280000e-04	-2.56128e+00	-2.61253e+00	
16	9.280000e-04	-2.86349e+00	-2.92078e+00	
17	1.028000e-03	-3.16289e+00	-3.22616e+00	
18	1.128000e-03	-3.45914e+00	-3.52834e+00	
19	1.228000e-03	-3.75198e+00	-3.82704e+00	
20	1.328000e-03	-4.04110e+00	-4.12194e+00	
21	1.428000e-03	-4.32623e+00	-4.41277e+00	
22	1.528000e-03	-4.60708e+00	-4.69924e+00	
23	1.628000e-03	-4.88338e+00	-4.98107e+00	
24	1.728000e-03	-5.15485e+00	-5.25796e+00	
25	1.828000e-03	-5.42123e+00	-5.52967e+00	
26	1.928000e-03	-5.68225e+00	-5.79591e+00	
27	2.028000e-03	-5.93766e+00	-6.05643e+00	
28	2.128000e-03	-6.18719e+00	-6.31095e+00	
29	2.228000e-03	-6.43062e+00	-6.55925e+00	
30	2.328000e-03	-6.66769e+00	-6.80106e+00	
31	2.428000e-03	-6.89817e+00	-7.03616e+00	
32	2.528000e-03	-7.12184e+00	-7.26430e+00	
33	2.628000e-03	-7.33848e+00	-7.48527e+00	
34	2.728000e-03	-7.54786e+00	-7.69884e+00	
35	2.828000e-03	-7.74980e+00	-7.90481e+00	
36	2.928000e-03	-7.94407e+00	-8.10297e+00	
37	3.028000e-03	-8.13050e+00	-8.29313e+00	
38	3.128000e-03	-8.30890e+00	-8.47509e+00	
39	3.228000e-03	-8.47909e+00	-8.64869e+00	
40	3.328000e-03	-8.64091e+00	-8.81374e+00	
41	3.428000e-03	-8.79419e+00	-8.97009e+00	
42	3.528000e-03	-8.93879e+00	-9.11758e+00	
43	3.628000e-03	-9.07456e+00	-9.25607e+00	
44	3.728000e-03	-9.20137e+00	-9.38542e+00	
45	3.828000e-03	-9.31910e+00	-9.50550e+00	
46	3.928000e-03	-9.42761e+00	-9.61618e+00	
47	4.028000e-03	-9.52683e+00	-9.71738e+00	
48	4.128000e-03	-9.61663e+00	-9.80898e+00	
49	4.228000e-03	-9.69693e+00	-9.89089e+00	
50	4.328000e-03	-9.76766e+00	-9.96303e+00	
51	4.428000e-03	-9.82875e+00	-1.00253e+01	
52	4.528000e-03	-9.88013e+00	-1.00777e+01	
53	4.628000e-03	-9.92175e+00	-1.01202e+01	
54	4.728000e-03	-9.95357e+00	-1.01527e+01	

Index   time            x1.net-_q18-pad x1.net-_q19-pad 
--------------------------------------------------------------------------------
55	4.828000e-03	-9.97557e+00	-1.01751e+01	
56	4.928000e-03	-9.98772e+00	-1.01875e+01	
57	5.028000e-03	-9.99000e+00	-1.01898e+01	
58	5.128000e-03	-9.98242e+00	-1.01821e+01	
59	5.228000e-03	-9.96498e+00	-1.01643e+01	
60	5.328000e-03	-9.93770e+00	-1.01365e+01	
61	5.428000e-03	-9.90061e+00	-1.00986e+01	
62	5.528000e-03	-9.85374e+00	-1.00508e+01	
63	5.628000e-03	-9.79714e+00	-9.99310e+00	
64	5.728000e-03	-9.73087e+00	-9.92550e+00	
65	5.828000e-03	-9.65499e+00	-9.84810e+00	
66	5.928000e-03	-9.56957e+00	-9.76097e+00	
67	6.028000e-03	-9.47470e+00	-9.66421e+00	
68	6.128000e-03	-9.37048e+00	-9.55790e+00	
69	6.228000e-03	-9.25700e+00	-9.44215e+00	
70	6.328000e-03	-9.13438e+00	-9.31708e+00	
71	6.428000e-03	-9.00274e+00	-9.18281e+00	
72	6.528000e-03	-8.86221e+00	-9.03947e+00	
73	6.628000e-03	-8.71293e+00	-8.88720e+00	
74	6.728000e-03	-8.55504e+00	-8.72615e+00	
75	6.828000e-03	-8.38871e+00	-8.55649e+00	
76	6.928000e-03	-8.21408e+00	-8.37837e+00	
77	7.028000e-03	-8.03135e+00	-8.19199e+00	
78	7.128000e-03	-7.84068e+00	-7.99750e+00	
79	7.228000e-03	-7.64227e+00	-7.79512e+00	
80	7.328000e-03	-7.43631e+00	-7.58504e+00	
81	7.428000e-03	-7.22300e+00	-7.36747e+00	
82	7.528000e-03	-7.00256e+00	-7.14262e+00	
83	7.628000e-03	-6.77520e+00	-6.91072e+00	
84	7.728000e-03	-6.54115e+00	-6.67198e+00	
85	7.828000e-03	-6.30064e+00	-6.42666e+00	
86	7.928000e-03	-6.05390e+00	-6.17499e+00	
87	8.028000e-03	-5.80118e+00	-5.91721e+00	
88	8.128000e-03	-5.54273e+00	-5.65359e+00	
89	8.228000e-03	-5.27880e+00	-5.38438e+00	
90	8.328000e-03	-5.00965e+00	-5.10985e+00	
91	8.428000e-03	-4.73556e+00	-4.83027e+00	
92	8.528000e-03	-4.45678e+00	-4.54592e+00	
93	8.628000e-03	-4.17360e+00	-4.25708e+00	
94	8.728000e-03	-3.88629e+00	-3.96402e+00	
95	8.828000e-03	-3.59514e+00	-3.66705e+00	
96	8.928000e-03	-3.30043e+00	-3.36645e+00	
97	9.028000e-03	-3.00246e+00	-3.06252e+00	
98	9.128000e-03	-2.70152e+00	-2.75556e+00	
99	9.228000e-03	-2.39791e+00	-2.44588e+00	
100	9.328000e-03	-2.09193e+00	-2.13377e+00	
101	9.428000e-03	-1.78387e+00	-1.81956e+00	
102	9.528000e-03	-1.47405e+00	-1.50355e+00	
103	9.628000e-03	-1.16278e+00	-1.18605e+00	
104	9.728000e-03	-8.50355e-01	-8.67388e-01	
105	9.828000e-03	-5.37116e-01	-5.47906e-01	
106	9.928000e-03	-2.23426e-01	-2.28032e-01	
107	1.002800e-02	9.060046e-02	8.936011e-02	
108	1.012800e-02	4.095180e-01	4.053921e-01	
109	1.022800e-02	7.249036e-01	7.176919e-01	
110	1.032800e-02	1.042315e+00	1.031976e+00	
111	1.042800e-02	1.356038e+00	1.342600e+00	
112	1.052800e-02	1.670966e+00	1.654414e+00	

Index   time            x1.net-_q18-pad x1.net-_q19-pad 
--------------------------------------------------------------------------------
113	1.062800e-02	1.981814e+00	1.962187e+00	
114	1.072800e-02	2.293039e+00	2.270332e+00	
115	1.082800e-02	2.599782e+00	2.574039e+00	
116	1.092800e-02	2.906092e+00	2.877317e+00	
117	1.102800e-02	3.207507e+00	3.175748e+00	
118	1.112800e-02	3.507707e+00	3.472977e+00	
119	1.122800e-02	3.802593e+00	3.764943e+00	
120	1.132800e-02	4.095510e+00	4.054961e+00	
121	1.142800e-02	4.382693e+00	4.339300e+00	
122	1.152800e-02	4.667182e+00	4.620973e+00	
123	1.162800e-02	4.945518e+00	4.896553e+00	
124	1.172800e-02	5.220466e+00	5.168779e+00	
125	1.182800e-02	5.488848e+00	5.434504e+00	
126	1.192800e-02	5.753178e+00	5.696217e+00	
127	1.202800e-02	6.010538e+00	5.951028e+00	
128	1.212800e-02	6.263215e+00	6.201204e+00	
129	1.222800e-02	6.508529e+00	6.444090e+00	
130	1.232800e-02	6.748563e+00	6.681748e+00	
131	1.242800e-02	6.980858e+00	6.911742e+00	
132	1.252800e-02	7.207308e+00	7.135951e+00	
133	1.262800e-02	7.425659e+00	7.352139e+00	
134	1.272800e-02	7.637638e+00	7.562020e+00	
135	1.282800e-02	7.841178e+00	7.763544e+00	
136	1.292800e-02	8.037854e+00	7.958274e+00	
137	1.302800e-02	8.225774e+00	8.144333e+00	
138	1.312800e-02	8.406377e+00	8.323148e+00	
139	1.322800e-02	8.577931e+00	8.493002e+00	
140	1.332800e-02	8.741752e+00	8.655202e+00	
141	1.342800e-02	8.896257e+00	8.808178e+00	
142	1.352800e-02	9.042654e+00	8.953125e+00	
143	1.362800e-02	9.179498e+00	9.088614e+00	
144	1.372800e-02	9.307897e+00	9.215742e+00	
145	1.382800e-02	9.426535e+00	9.333205e+00	
146	1.392800e-02	9.536433e+00	9.442015e+00	
147	1.402800e-02	9.636394e+00	9.540986e+00	
148	1.412800e-02	9.727360e+00	9.631052e+00	
149	1.422800e-02	9.808246e+00	9.711137e+00	
150	1.432800e-02	9.879924e+00	9.782106e+00	
151	1.442800e-02	9.941413e+00	9.842986e+00	
152	1.452800e-02	9.993523e+00	9.894580e+00	
153	1.462800e-02	1.003537e+01	9.936012e+00	
154	1.472800e-02	1.006771e+01	9.968031e+00	
155	1.482800e-02	1.008975e+01	9.989850e+00	
156	1.492800e-02	1.010219e+01	1.000217e+01	
157	1.502800e-02	1.010433e+01	1.000429e+01	
158	1.512800e-02	1.009682e+01	9.996859e+00	
159	1.522800e-02	1.007905e+01	9.979263e+00	
160	1.532800e-02	1.005164e+01	9.952121e+00	
161	1.542800e-02	1.001403e+01	9.914881e+00	
162	1.552800e-02	9.966810e+00	9.868133e+00	
163	1.562800e-02	9.909504e+00	9.811394e+00	
164	1.572800e-02	9.842674e+00	9.745226e+00	
165	1.582800e-02	9.765898e+00	9.669210e+00	
166	1.592800e-02	9.679718e+00	9.583884e+00	
167	1.602800e-02	9.583774e+00	9.488890e+00	
168	1.612800e-02	9.478588e+00	9.384745e+00	
169	1.622800e-02	9.363853e+00	9.271146e+00	
170	1.632800e-02	9.240075e+00	9.148594e+00	

Index   time            x1.net-_q18-pad x1.net-_q19-pad 
--------------------------------------------------------------------------------
171	1.642800e-02	9.107002e+00	9.016838e+00	
172	1.652800e-02	8.965122e+00	8.876364e+00	
173	1.662800e-02	8.814235e+00	8.726970e+00	
174	1.672800e-02	8.654815e+00	8.569128e+00	
175	1.682800e-02	8.486707e+00	8.402685e+00	
176	1.692800e-02	8.310376e+00	8.228101e+00	
177	1.702800e-02	8.125711e+00	8.045264e+00	
178	1.712800e-02	7.933167e+00	7.854626e+00	
179	1.722800e-02	7.732673e+00	7.656117e+00	
180	1.732800e-02	7.524676e+00	7.450180e+00	
181	1.742800e-02	7.309143e+00	7.236781e+00	
182	1.752800e-02	7.086515e+00	7.016357e+00	
183	1.762800e-02	6.856793e+00	6.788910e+00	
184	1.772800e-02	6.620414e+00	6.554871e+00	
185	1.782800e-02	6.377409e+00	6.314273e+00	
186	1.792800e-02	6.128212e+00	6.067542e+00	
187	1.802800e-02	5.872883e+00	5.814742e+00	
188	1.812800e-02	5.611851e+00	5.556295e+00	
189	1.822800e-02	5.345206e+00	5.292290e+00	
190	1.832800e-02	5.073371e+00	5.023146e+00	
191	1.842800e-02	4.796462e+00	4.748978e+00	
192	1.852800e-02	4.514897e+00	4.470201e+00	
193	1.862800e-02	4.228815e+00	4.186952e+00	
194	1.872800e-02	3.938633e+00	3.899642e+00	
195	1.882800e-02	3.644508e+00	3.608429e+00	
196	1.892800e-02	3.346854e+00	3.313721e+00	
197	1.902800e-02	3.045846e+00	3.015694e+00	
198	1.912800e-02	2.741896e+00	2.714752e+00	
199	1.922800e-02	2.435195e+00	2.411087e+00	
200	1.932800e-02	2.126150e+00	2.105100e+00	
201	1.942800e-02	1.814967e+00	1.796996e+00	
202	1.952800e-02	1.502050e+00	1.487174e+00	
203	1.962800e-02	1.187620e+00	1.175852e+00	
204	1.972800e-02	8.720794e-01	8.634252e-01	
205	1.982800e-02	5.556816e-01	5.501369e-01	
206	1.992800e-02	2.389052e-01	2.364122e-01	
207	2.002800e-02	-7.64236e-02	-7.83538e-02	
208	2.012800e-02	-3.92183e-01	-4.00110e-01	
209	2.022800e-02	-7.04658e-01	-7.18797e-01	
210	2.032800e-02	-1.01871e+00	-1.03911e+00	
211	2.042800e-02	-1.32953e+00	-1.35614e+00	
212	2.052800e-02	-1.64110e+00	-1.67395e+00	
213	2.062800e-02	-1.94905e+00	-1.98805e+00	
214	2.072800e-02	-2.25698e+00	-2.30213e+00	
215	2.082800e-02	-2.56084e+00	-2.61208e+00	
216	2.092800e-02	-2.86391e+00	-2.92121e+00	
217	2.102800e-02	-3.16249e+00	-3.22575e+00	
218	2.112800e-02	-3.45952e+00	-3.52873e+00	
219	2.122800e-02	-3.75161e+00	-3.82666e+00	
220	2.132800e-02	-4.04145e+00	-4.12229e+00	
221	2.142800e-02	-4.32590e+00	-4.41243e+00	
222	2.152800e-02	-4.60740e+00	-4.69956e+00	
223	2.162800e-02	-4.88308e+00	-4.98076e+00	
224	2.172800e-02	-5.15514e+00	-5.25826e+00	
225	2.182800e-02	-5.42095e+00	-5.52939e+00	
226	2.192800e-02	-5.68251e+00	-5.79618e+00	
227	2.202800e-02	-5.93740e+00	-6.05617e+00	
228	2.212800e-02	-6.18743e+00	-6.31120e+00	

Index   time            x1.net-_q18-pad x1.net-_q19-pad 
--------------------------------------------------------------------------------
229	2.222800e-02	-6.43039e+00	-6.55901e+00	
230	2.232800e-02	-6.66791e+00	-6.80128e+00	
231	2.242800e-02	-6.89796e+00	-7.03594e+00	
232	2.252800e-02	-7.12204e+00	-7.26450e+00	
233	2.262800e-02	-7.33829e+00	-7.48507e+00	
234	2.272800e-02	-7.54805e+00	-7.69902e+00	
235	2.282800e-02	-7.74962e+00	-7.90463e+00	
236	2.292800e-02	-7.94424e+00	-8.10314e+00	
237	2.302800e-02	-8.13034e+00	-8.29296e+00	
238	2.312800e-02	-8.30905e+00	-8.47525e+00	
239	2.322800e-02	-8.47894e+00	-8.64854e+00	
240	2.332800e-02	-8.64105e+00	-8.81389e+00	
241	2.342800e-02	-8.79406e+00	-8.96996e+00	
242	2.352800e-02	-8.93892e+00	-9.11771e+00	
243	2.362800e-02	-9.07444e+00	-9.25595e+00	
244	2.372800e-02	-9.20149e+00	-9.38553e+00	
245	2.382800e-02	-9.31898e+00	-9.50538e+00	
246	2.392800e-02	-9.42772e+00	-9.61629e+00	
247	2.402800e-02	-9.52672e+00	-9.71728e+00	
248	2.412800e-02	-9.61672e+00	-9.80907e+00	
249	2.422800e-02	-9.69684e+00	-9.89079e+00	
250	2.432800e-02	-9.76775e+00	-9.96312e+00	
251	2.442800e-02	-9.82866e+00	-1.00253e+01	
252	2.452800e-02	-9.88021e+00	-1.00778e+01	
253	2.462800e-02	-9.92167e+00	-1.01201e+01	
254	2.472800e-02	-9.95365e+00	-1.01527e+01	
255	2.482800e-02	-9.97550e+00	-1.01750e+01	
256	2.492800e-02	-9.98778e+00	-1.01876e+01	
257	2.502800e-02	-9.98994e+00	-1.01897e+01	
258	2.512800e-02	-9.98248e+00	-1.01821e+01	
259	2.522800e-02	-9.96492e+00	-1.01642e+01	
260	2.532800e-02	-9.93776e+00	-1.01365e+01	
261	2.542800e-02	-9.90056e+00	-1.00986e+01	
262	2.552800e-02	-9.85379e+00	-1.00509e+01	
263	2.562800e-02	-9.79709e+00	-9.99305e+00	
264	2.572800e-02	-9.73091e+00	-9.92555e+00	
265	2.582800e-02	-9.65494e+00	-9.84805e+00	
266	2.592800e-02	-9.56961e+00	-9.76102e+00	
267	2.602800e-02	-9.47466e+00	-9.66417e+00	
268	2.612800e-02	-9.37052e+00	-9.55794e+00	
269	2.622800e-02	-9.25696e+00	-9.44212e+00	
270	2.632800e-02	-9.13442e+00	-9.31712e+00	
271	2.642800e-02	-9.00271e+00	-9.18277e+00	
272	2.652800e-02	-8.86224e+00	-9.03950e+00	
273	2.662800e-02	-8.71290e+00	-8.88717e+00	
274	2.672800e-02	-8.55507e+00	-8.72618e+00	
275	2.682800e-02	-8.38868e+00	-8.55646e+00	
276	2.692800e-02	-8.21411e+00	-8.37840e+00	
277	2.702800e-02	-8.03132e+00	-8.19196e+00	
278	2.712800e-02	-7.84071e+00	-7.99753e+00	
279	2.722800e-02	-7.64225e+00	-7.79510e+00	
280	2.732800e-02	-7.43633e+00	-7.58507e+00	
281	2.742800e-02	-7.22298e+00	-7.36745e+00	
282	2.752800e-02	-7.00258e+00	-7.14264e+00	
283	2.762800e-02	-6.77518e+00	-6.91070e+00	
284	2.772800e-02	-6.54117e+00	-6.67200e+00	
285	2.782800e-02	-6.30062e+00	-6.42664e+00	
286	2.792800e-02	-6.05392e+00	-6.17500e+00	

Index   time            x1.net-_q18-pad x1.net-_q19-pad 
--------------------------------------------------------------------------------
287	2.802800e-02	-5.80116e+00	-5.91719e+00	
288	2.812800e-02	-5.54274e+00	-5.65361e+00	
289	2.822800e-02	-5.27878e+00	-5.38437e+00	
290	2.832800e-02	-5.00967e+00	-5.10987e+00	
291	2.842800e-02	-4.73554e+00	-4.83026e+00	
292	2.852800e-02	-4.45679e+00	-4.54593e+00	
293	2.862800e-02	-4.17358e+00	-4.25706e+00	
294	2.872800e-02	-3.88630e+00	-3.96403e+00	
295	2.882800e-02	-3.59513e+00	-3.66704e+00	
296	2.892800e-02	-3.30044e+00	-3.36646e+00	
297	2.902800e-02	-3.00245e+00	-3.06251e+00	
298	2.912800e-02	-2.70153e+00	-2.75557e+00	
299	2.922800e-02	-2.39790e+00	-2.44587e+00	
300	2.932800e-02	-2.09194e+00	-2.13378e+00	
301	2.942800e-02	-1.78386e+00	-1.81955e+00	
302	2.952800e-02	-1.47406e+00	-1.50355e+00	
303	2.962800e-02	-1.16277e+00	-1.18604e+00	
304	2.972800e-02	-8.50363e-01	-8.67395e-01	
305	2.982800e-02	-5.37109e-01	-5.47899e-01	
306	2.992800e-02	-2.23432e-01	-2.28039e-01	
307	3.002800e-02	9.060675e-02	8.936640e-02	
308	3.012800e-02	4.095120e-01	4.053862e-01	
309	3.022800e-02	7.249093e-01	7.176977e-01	
310	3.032800e-02	1.042309e+00	1.031971e+00	
311	3.042800e-02	1.356043e+00	1.342605e+00	
312	3.052800e-02	1.670961e+00	1.654409e+00	
313	3.062800e-02	1.981819e+00	1.962191e+00	
314	3.072800e-02	2.293034e+00	2.270328e+00	
315	3.082800e-02	2.599786e+00	2.574043e+00	
316	3.092800e-02	2.906087e+00	2.877313e+00	
317	3.102800e-02	3.207511e+00	3.175752e+00	
318	3.112800e-02	3.507703e+00	3.472973e+00	
319	3.122800e-02	3.802597e+00	3.764947e+00	
320	3.132800e-02	4.095507e+00	4.054958e+00	
321	3.142800e-02	4.382697e+00	4.339304e+00	
322	3.152800e-02	4.667179e+00	4.620970e+00	
323	3.162800e-02	4.945521e+00	4.896557e+00	
324	3.172800e-02	5.220463e+00	5.168776e+00	
325	3.182800e-02	5.488851e+00	5.434507e+00	
326	3.192800e-02	5.753175e+00	5.696214e+00	
327	3.202800e-02	6.010540e+00	5.951031e+00	
328	3.212800e-02	6.263212e+00	6.201202e+00	
329	3.222800e-02	6.508532e+00	6.444092e+00	
330	3.232800e-02	6.748561e+00	6.681745e+00	
331	3.242800e-02	6.980860e+00	6.911744e+00	
332	3.252800e-02	7.207306e+00	7.135948e+00	
333	3.262800e-02	7.425661e+00	7.352141e+00	
334	3.272800e-02	7.637636e+00	7.562018e+00	
335	3.282800e-02	7.841180e+00	7.763546e+00	
336	3.292800e-02	8.037852e+00	7.958272e+00	
337	3.302800e-02	8.225776e+00	8.144334e+00	
338	3.312800e-02	8.406375e+00	8.323146e+00	
339	3.322800e-02	8.577932e+00	8.493004e+00	
340	3.332800e-02	8.741750e+00	8.655200e+00	
341	3.342800e-02	8.896259e+00	8.808179e+00	
342	3.352800e-02	9.042653e+00	8.953124e+00	
343	3.362800e-02	9.179499e+00	9.088616e+00	
344	3.372800e-02	9.307896e+00	9.215741e+00	

Index   time            x1.net-_q18-pad x1.net-_q19-pad 
--------------------------------------------------------------------------------
345	3.382800e-02	9.426537e+00	9.333207e+00	
346	3.392800e-02	9.536432e+00	9.442014e+00	
347	3.402800e-02	9.636395e+00	9.540988e+00	
348	3.412800e-02	9.727359e+00	9.631051e+00	
349	3.422800e-02	9.808247e+00	9.711138e+00	
350	3.432800e-02	9.879923e+00	9.782104e+00	
351	3.442800e-02	9.941414e+00	9.842987e+00	
352	3.452800e-02	9.993522e+00	9.894579e+00	
353	3.462800e-02	1.003537e+01	9.936013e+00	
354	3.472800e-02	1.006771e+01	9.968030e+00	
355	3.482800e-02	1.008975e+01	9.989851e+00	
356	3.492800e-02	1.010219e+01	1.000217e+01	
357	3.502800e-02	1.010433e+01	1.000429e+01	
358	3.512800e-02	1.009682e+01	9.996858e+00	
359	3.522800e-02	1.007905e+01	9.979264e+00	
360	3.532800e-02	1.005164e+01	9.952120e+00	
361	3.542800e-02	1.001403e+01	9.914882e+00	
362	3.552800e-02	9.966810e+00	9.868132e+00	
363	3.562800e-02	9.909505e+00	9.811395e+00	
364	3.572800e-02	9.842673e+00	9.745225e+00	
365	3.582800e-02	9.765898e+00	9.669210e+00	
366	3.592800e-02	9.679718e+00	9.583883e+00	
367	3.602800e-02	9.583775e+00	9.488891e+00	
368	3.612800e-02	9.478587e+00	9.384744e+00	
369	3.622800e-02	9.363854e+00	9.271147e+00	
370	3.632800e-02	9.240075e+00	9.148593e+00	
371	3.642800e-02	9.107003e+00	9.016839e+00	
372	3.652800e-02	8.965122e+00	8.876363e+00	
373	3.662800e-02	8.814235e+00	8.726970e+00	
374	3.672800e-02	8.654814e+00	8.569128e+00	
375	3.682800e-02	8.486707e+00	8.402686e+00	
376	3.692800e-02	8.310376e+00	8.228100e+00	
377	3.702800e-02	8.125712e+00	8.045264e+00	
378	3.712800e-02	7.933167e+00	7.854626e+00	
379	3.722800e-02	7.732673e+00	7.656118e+00	
380	3.732800e-02	7.524676e+00	7.450179e+00	
381	3.742800e-02	7.309143e+00	7.236781e+00	
382	3.752800e-02	7.086515e+00	7.016357e+00	
383	3.762800e-02	6.856794e+00	6.788910e+00	
384	3.772800e-02	6.620413e+00	6.554870e+00	
385	3.782800e-02	6.377410e+00	6.314273e+00	
386	3.792800e-02	6.128211e+00	6.067542e+00	
387	3.802800e-02	5.872883e+00	5.814742e+00	
388	3.812800e-02	5.611851e+00	5.556294e+00	
389	3.822800e-02	5.345207e+00	5.292290e+00	
390	3.832800e-02	5.073371e+00	5.023146e+00	
391	3.842800e-02	4.796462e+00	4.748978e+00	
392	3.852800e-02	4.514897e+00	4.470201e+00	
393	3.862800e-02	4.228815e+00	4.186952e+00	
394	3.872800e-02	3.938632e+00	3.899642e+00	
395	3.882800e-02	3.644508e+00	3.608429e+00	
396	3.892800e-02	3.346853e+00	3.313721e+00	
397	3.902800e-02	3.045847e+00	3.015694e+00	
398	3.912800e-02	2.741896e+00	2.714752e+00	
399	3.922800e-02	2.435195e+00	2.411087e+00	
400	3.932800e-02	2.126149e+00	2.105100e+00	
401	3.942800e-02	1.814967e+00	1.796997e+00	
402	3.952800e-02	1.502050e+00	1.487174e+00	

Index   time            x1.net-_q18-pad x1.net-_q19-pad 
--------------------------------------------------------------------------------
403	3.962800e-02	1.187620e+00	1.175852e+00	
404	3.972800e-02	8.720792e-01	8.634249e-01	
405	3.982800e-02	5.556818e-01	5.501372e-01	
406	3.992800e-02	2.389049e-01	2.364119e-01	
407	4.002800e-02	-7.64233e-02	-7.83536e-02	
408	4.012800e-02	-3.92183e-01	-4.00110e-01	
409	4.022800e-02	-7.04657e-01	-7.18797e-01	
410	4.032800e-02	-1.01871e+00	-1.03912e+00	
411	4.042800e-02	-1.32953e+00	-1.35614e+00	
412	4.052800e-02	-1.64110e+00	-1.67395e+00	
413	4.062800e-02	-1.94905e+00	-1.98805e+00	
414	4.072800e-02	-2.25698e+00	-2.30213e+00	
415	4.082800e-02	-2.56084e+00	-2.61208e+00	
416	4.092800e-02	-2.86391e+00	-2.92121e+00	
417	4.102800e-02	-3.16249e+00	-3.22575e+00	
418	4.112800e-02	-3.45952e+00	-3.52873e+00	
419	4.122800e-02	-3.75161e+00	-3.82666e+00	
420	4.132800e-02	-4.04145e+00	-4.12229e+00	
421	4.142800e-02	-4.32590e+00	-4.41243e+00	
422	4.152800e-02	-4.60740e+00	-4.69956e+00	
423	4.162800e-02	-4.88308e+00	-4.98076e+00	
424	4.172800e-02	-5.15514e+00	-5.25826e+00	
425	4.182800e-02	-5.42095e+00	-5.52939e+00	
426	4.192800e-02	-5.68251e+00	-5.79618e+00	
427	4.202800e-02	-5.93740e+00	-6.05617e+00	
428	4.212800e-02	-6.18743e+00	-6.31120e+00	
429	4.222800e-02	-6.43039e+00	-6.55901e+00	
430	4.232800e-02	-6.66791e+00	-6.80128e+00	
431	4.242800e-02	-6.89796e+00	-7.03594e+00	
432	4.252800e-02	-7.12204e+00	-7.26450e+00	
433	4.262800e-02	-7.33829e+00	-7.48507e+00	
434	4.272800e-02	-7.54805e+00	-7.69902e+00	
435	4.282800e-02	-7.74962e+00	-7.90463e+00	
436	4.292800e-02	-7.94424e+00	-8.10314e+00	
437	4.302800e-02	-8.13034e+00	-8.29296e+00	
438	4.312800e-02	-8.30905e+00	-8.47525e+00	
439	4.322800e-02	-8.47894e+00	-8.64854e+00	
440	4.332800e-02	-8.64105e+00	-8.81388e+00	
441	4.342800e-02	-8.79406e+00	-8.96996e+00	
442	4.352800e-02	-8.93892e+00	-9.11771e+00	
443	4.362800e-02	-9.07444e+00	-9.25595e+00	
444	4.372800e-02	-9.20149e+00	-9.38553e+00	
445	4.382800e-02	-9.31898e+00	-9.50538e+00	
446	4.392800e-02	-9.42772e+00	-9.61629e+00	
447	4.402800e-02	-9.52672e+00	-9.71728e+00	
448	4.412800e-02	-9.61672e+00	-9.80907e+00	
449	4.422800e-02	-9.69684e+00	-9.89079e+00	
450	4.432800e-02	-9.76775e+00	-9.96312e+00	
451	4.442800e-02	-9.82866e+00	-1.00253e+01	
452	4.452800e-02	-9.88021e+00	-1.00778e+01	
453	4.462800e-02	-9.92167e+00	-1.01201e+01	
454	4.472800e-02	-9.95365e+00	-1.01527e+01	
455	4.482800e-02	-9.97550e+00	-1.01750e+01	
456	4.492800e-02	-9.98778e+00	-1.01876e+01	
457	4.502800e-02	-9.98994e+00	-1.01898e+01	
458	4.512800e-02	-9.98248e+00	-1.01821e+01	
459	4.522800e-02	-9.96492e+00	-1.01642e+01	
460	4.532800e-02	-9.93776e+00	-1.01365e+01	

Index   time            x1.net-_q18-pad x1.net-_q19-pad 
--------------------------------------------------------------------------------
461	4.542800e-02	-9.90056e+00	-1.00986e+01	
462	4.552800e-02	-9.85379e+00	-1.00509e+01	
463	4.562800e-02	-9.79709e+00	-9.99305e+00	
464	4.572800e-02	-9.73091e+00	-9.92555e+00	
465	4.582800e-02	-9.65494e+00	-9.84805e+00	
466	4.592800e-02	-9.56961e+00	-9.76102e+00	
467	4.602800e-02	-9.47466e+00	-9.66417e+00	
468	4.612800e-02	-9.37052e+00	-9.55794e+00	
469	4.622800e-02	-9.25696e+00	-9.44212e+00	
470	4.632800e-02	-9.13442e+00	-9.31712e+00	
471	4.642800e-02	-9.00271e+00	-9.18278e+00	
472	4.652800e-02	-8.86224e+00	-9.03950e+00	
473	4.662800e-02	-8.71290e+00	-8.88717e+00	
474	4.672800e-02	-8.55507e+00	-8.72618e+00	
475	4.682800e-02	-8.38868e+00	-8.55646e+00	
476	4.692800e-02	-8.21411e+00	-8.37840e+00	
477	4.702800e-02	-8.03132e+00	-8.19196e+00	
478	4.712800e-02	-7.84070e+00	-7.99753e+00	
479	4.722800e-02	-7.64225e+00	-7.79510e+00	
480	4.732800e-02	-7.43633e+00	-7.58507e+00	
481	4.742800e-02	-7.22298e+00	-7.36745e+00	
482	4.752800e-02	-7.00258e+00	-7.14264e+00	
483	4.762800e-02	-6.77518e+00	-6.91070e+00	
484	4.772800e-02	-6.54117e+00	-6.67200e+00	
485	4.782800e-02	-6.30062e+00	-6.42664e+00	
486	4.792800e-02	-6.05392e+00	-6.17500e+00	
487	4.802800e-02	-5.80116e+00	-5.91719e+00	
488	4.812800e-02	-5.54274e+00	-5.65360e+00	
489	4.822800e-02	-5.27878e+00	-5.38437e+00	
490	4.832800e-02	-5.00967e+00	-5.10987e+00	
491	4.842800e-02	-4.73554e+00	-4.83026e+00	
492	4.852800e-02	-4.45679e+00	-4.54593e+00	
493	4.862800e-02	-4.17358e+00	-4.25706e+00	
494	4.872800e-02	-3.88630e+00	-3.96403e+00	
495	4.882800e-02	-3.59513e+00	-3.66704e+00	
496	4.892800e-02	-3.30044e+00	-3.36646e+00	
497	4.902800e-02	-3.00245e+00	-3.06251e+00	
498	4.912800e-02	-2.70153e+00	-2.75557e+00	
499	4.922800e-02	-2.39790e+00	-2.44587e+00	
500	4.932800e-02	-2.09194e+00	-2.13378e+00	
501	4.942800e-02	-1.78386e+00	-1.81955e+00	
502	4.952800e-02	-1.47406e+00	-1.50355e+00	
503	4.962800e-02	-1.16277e+00	-1.18604e+00	
504	4.972800e-02	-8.50362e-01	-8.67395e-01	
505	4.982800e-02	-5.37109e-01	-5.47899e-01	
506	4.992800e-02	-2.23432e-01	-2.28039e-01	
507	5.002800e-02	9.060639e-02	8.936607e-02	
508	5.012800e-02	4.095123e-01	4.053864e-01	
509	5.022800e-02	7.249090e-01	7.176974e-01	
510	5.032800e-02	1.042310e+00	1.031971e+00	
511	5.042800e-02	1.356043e+00	1.342605e+00	
512	5.052800e-02	1.670961e+00	1.654409e+00	
513	5.062800e-02	1.981819e+00	1.962191e+00	
514	5.072800e-02	2.293034e+00	2.270328e+00	
515	5.082800e-02	2.599786e+00	2.574043e+00	
516	5.092800e-02	2.906087e+00	2.877313e+00	
517	5.102800e-02	3.207511e+00	3.175752e+00	
518	5.112800e-02	3.507703e+00	3.472973e+00	

Index   time            x1.net-_q18-pad x1.net-_q19-pad 
--------------------------------------------------------------------------------
519	5.122800e-02	3.802597e+00	3.764947e+00	
520	5.132800e-02	4.095507e+00	4.054958e+00	
521	5.142800e-02	4.382696e+00	4.339304e+00	
522	5.152800e-02	4.667179e+00	4.620970e+00	
523	5.162800e-02	4.945521e+00	4.896557e+00	
524	5.172800e-02	5.220463e+00	5.168776e+00	
525	5.182800e-02	5.488851e+00	5.434507e+00	
526	5.192800e-02	5.753175e+00	5.696214e+00	
527	5.202800e-02	6.010540e+00	5.951031e+00	
528	5.212800e-02	6.263212e+00	6.201202e+00	
529	5.222800e-02	6.508532e+00	6.444092e+00	
530	5.232800e-02	6.748561e+00	6.681745e+00	
531	5.242800e-02	6.980860e+00	6.911744e+00	
532	5.252800e-02	7.207306e+00	7.135948e+00	
533	5.262800e-02	7.425661e+00	7.352141e+00	
534	5.272800e-02	7.637636e+00	7.562018e+00	
535	5.282800e-02	7.841180e+00	7.763546e+00	
536	5.292800e-02	8.037852e+00	7.958272e+00	
537	5.302800e-02	8.225776e+00	8.144334e+00	
538	5.312800e-02	8.406375e+00	8.323146e+00	
539	5.322800e-02	8.577932e+00	8.493004e+00	
540	5.332800e-02	8.741750e+00	8.655200e+00	
541	5.342800e-02	8.896259e+00	8.808179e+00	
542	5.352800e-02	9.042653e+00	8.953124e+00	
543	5.362800e-02	9.179500e+00	9.088616e+00	
544	5.372800e-02	9.307896e+00	9.215741e+00	
545	5.382800e-02	9.426537e+00	9.333207e+00	
546	5.392800e-02	9.536432e+00	9.442014e+00	
547	5.402800e-02	9.636395e+00	9.540988e+00	
548	5.412800e-02	9.727359e+00	9.631051e+00	
549	5.422800e-02	9.808247e+00	9.711138e+00	
550	5.432800e-02	9.879923e+00	9.782104e+00	
551	5.442800e-02	9.941414e+00	9.842987e+00	
552	5.452800e-02	9.993522e+00	9.894579e+00	
553	5.462800e-02	1.003537e+01	9.936014e+00	
554	5.472800e-02	1.006771e+01	9.968030e+00	
555	5.482800e-02	1.008975e+01	9.989851e+00	
556	5.492800e-02	1.010219e+01	1.000217e+01	
557	5.502800e-02	1.010433e+01	1.000429e+01	
558	5.512800e-02	1.009682e+01	9.996858e+00	
559	5.522800e-02	1.007905e+01	9.979264e+00	
560	5.532800e-02	1.005164e+01	9.952120e+00	
561	5.542800e-02	1.001403e+01	9.914882e+00	
562	5.552800e-02	9.966810e+00	9.868132e+00	
563	5.562800e-02	9.909505e+00	9.811395e+00	
564	5.572800e-02	9.842673e+00	9.745225e+00	
565	5.582800e-02	9.765898e+00	9.669211e+00	
566	5.592800e-02	9.679718e+00	9.583883e+00	
567	5.602800e-02	9.583775e+00	9.488891e+00	
568	5.612800e-02	9.478587e+00	9.384744e+00	
569	5.622800e-02	9.363854e+00	9.271147e+00	
570	5.632800e-02	9.240074e+00	9.148593e+00	
571	5.642800e-02	9.107003e+00	9.016839e+00	
572	5.652800e-02	8.965122e+00	8.876363e+00	
573	5.662800e-02	8.814235e+00	8.726971e+00	
574	5.672800e-02	8.654814e+00	8.569128e+00	
575	5.682800e-02	8.486707e+00	8.402686e+00	
576	5.692800e-02	8.310376e+00	8.228100e+00	

Index   time            x1.net-_q18-pad x1.net-_q19-pad 
--------------------------------------------------------------------------------
577	5.702800e-02	8.125712e+00	8.045265e+00	
578	5.712800e-02	7.933167e+00	7.854626e+00	
579	5.722800e-02	7.732673e+00	7.656118e+00	
580	5.732800e-02	7.524676e+00	7.450179e+00	
581	5.742800e-02	7.309143e+00	7.236781e+00	
582	5.752800e-02	7.086515e+00	7.016357e+00	
583	5.762800e-02	6.856794e+00	6.788911e+00	
584	5.772800e-02	6.620413e+00	6.554870e+00	
585	5.782800e-02	6.377410e+00	6.314273e+00	
586	5.792800e-02	6.128211e+00	6.067542e+00	
587	5.802800e-02	5.872884e+00	5.814742e+00	
588	5.812800e-02	5.611851e+00	5.556294e+00	
589	5.822800e-02	5.345207e+00	5.292290e+00	
590	5.832800e-02	5.073371e+00	5.023146e+00	
591	5.842800e-02	4.796462e+00	4.748978e+00	
592	5.852800e-02	4.514897e+00	4.470200e+00	
593	5.862800e-02	4.228816e+00	4.186952e+00	
594	5.872800e-02	3.938632e+00	3.899642e+00	
595	5.882800e-02	3.644508e+00	3.608430e+00	
596	5.892800e-02	3.346853e+00	3.313721e+00	
597	5.902800e-02	3.045847e+00	3.015695e+00	
598	5.912800e-02	2.741895e+00	2.714752e+00	
599	5.922800e-02	2.435195e+00	2.411087e+00	
600	5.932800e-02	2.126149e+00	2.105099e+00	
601	5.942800e-02	1.814967e+00	1.796997e+00	
602	5.952800e-02	1.502050e+00	1.487174e+00	
603	5.962800e-02	1.187620e+00	1.175852e+00	
604	5.972800e-02	8.720790e-01	8.634247e-01	
605	5.982800e-02	5.556820e-01	5.501374e-01	
606	5.992800e-02	2.389048e-01	2.364117e-01	
607	6.002800e-02	-7.64232e-02	-7.83534e-02	
608	6.012800e-02	-3.92183e-01	-4.00110e-01	
609	6.022800e-02	-7.04657e-01	-7.18797e-01	
610	6.032800e-02	-1.01871e+00	-1.03912e+00	
611	6.042800e-02	-1.32953e+00	-1.35614e+00	
612	6.052800e-02	-1.64110e+00	-1.67395e+00	
613	6.062800e-02	-1.94905e+00	-1.98805e+00	
614	6.072800e-02	-2.25698e+00	-2.30213e+00	
615	6.082800e-02	-2.56084e+00	-2.61208e+00	
616	6.092800e-02	-2.86391e+00	-2.92121e+00	
617	6.102800e-02	-3.16249e+00	-3.22575e+00	
618	6.112800e-02	-3.45952e+00	-3.52873e+00	
619	6.122800e-02	-3.75161e+00	-3.82666e+00	
620	6.132800e-02	-4.04145e+00	-4.12229e+00	
621	6.142800e-02	-4.32590e+00	-4.41243e+00	
622	6.152800e-02	-4.60740e+00	-4.69956e+00	
623	6.162800e-02	-4.88308e+00	-4.98076e+00	
624	6.172800e-02	-5.15514e+00	-5.25826e+00	
625	6.182800e-02	-5.42095e+00	-5.52939e+00	
626	6.192800e-02	-5.68251e+00	-5.79618e+00	
627	6.202800e-02	-5.93740e+00	-6.05617e+00	
628	6.212800e-02	-6.18743e+00	-6.31120e+00	
629	6.222800e-02	-6.43039e+00	-6.55901e+00	
630	6.232800e-02	-6.66791e+00	-6.80128e+00	
631	6.242800e-02	-6.89796e+00	-7.03594e+00	
632	6.252800e-02	-7.12204e+00	-7.26450e+00	
633	6.262800e-02	-7.33829e+00	-7.48507e+00	
634	6.272800e-02	-7.54805e+00	-7.69902e+00	

Index   time            x1.net-_q18-pad x1.net-_q19-pad 
--------------------------------------------------------------------------------
635	6.282800e-02	-7.74962e+00	-7.90463e+00	
636	6.292800e-02	-7.94424e+00	-8.10314e+00	
637	6.302800e-02	-8.13034e+00	-8.29296e+00	
638	6.312800e-02	-8.30905e+00	-8.47525e+00	
639	6.322800e-02	-8.47894e+00	-8.64854e+00	
640	6.332800e-02	-8.64105e+00	-8.81388e+00	
641	6.342800e-02	-8.79406e+00	-8.96996e+00	
642	6.352800e-02	-8.93892e+00	-9.11771e+00	
643	6.362800e-02	-9.07444e+00	-9.25595e+00	
644	6.372800e-02	-9.20149e+00	-9.38553e+00	
645	6.382800e-02	-9.31899e+00	-9.50538e+00	
646	6.392800e-02	-9.42772e+00	-9.61629e+00	
647	6.402800e-02	-9.52672e+00	-9.71728e+00	
648	6.412800e-02	-9.61672e+00	-9.80907e+00	
649	6.422800e-02	-9.69684e+00	-9.89079e+00	
650	6.432800e-02	-9.76775e+00	-9.96312e+00	
651	6.442800e-02	-9.82866e+00	-1.00253e+01	
652	6.452800e-02	-9.88021e+00	-1.00778e+01	
653	6.462800e-02	-9.92167e+00	-1.01201e+01	
654	6.472800e-02	-9.95365e+00	-1.01527e+01	
655	6.482800e-02	-9.97550e+00	-1.01750e+01	
656	6.492800e-02	-9.98778e+00	-1.01876e+01	
657	6.502800e-02	-9.98994e+00	-1.01898e+01	
658	6.512800e-02	-9.98248e+00	-1.01821e+01	
659	6.522800e-02	-9.96492e+00	-1.01642e+01	
660	6.532800e-02	-9.93776e+00	-1.01365e+01	
661	6.542800e-02	-9.90056e+00	-1.00986e+01	
662	6.552800e-02	-9.85379e+00	-1.00509e+01	
663	6.562800e-02	-9.79709e+00	-9.99305e+00	
664	6.572800e-02	-9.73091e+00	-9.92555e+00	
665	6.582800e-02	-9.65494e+00	-9.84805e+00	
666	6.592800e-02	-9.56961e+00	-9.76102e+00	
667	6.602800e-02	-9.47466e+00	-9.66417e+00	
668	6.612800e-02	-9.37052e+00	-9.55794e+00	
669	6.622800e-02	-9.25696e+00	-9.44212e+00	
670	6.632800e-02	-9.13442e+00	-9.31712e+00	
671	6.642800e-02	-9.00271e+00	-9.18278e+00	
672	6.652800e-02	-8.86224e+00	-9.03950e+00	
673	6.662800e-02	-8.71290e+00	-8.88717e+00	
674	6.672800e-02	-8.55507e+00	-8.72618e+00	
675	6.682800e-02	-8.38868e+00	-8.55646e+00	
676	6.692800e-02	-8.21411e+00	-8.37840e+00	
677	6.702800e-02	-8.03132e+00	-8.19196e+00	
678	6.712800e-02	-7.84070e+00	-7.99753e+00	
679	6.722800e-02	-7.64225e+00	-7.79510e+00	
680	6.732800e-02	-7.43633e+00	-7.58507e+00	
681	6.742800e-02	-7.22298e+00	-7.36745e+00	
682	6.752800e-02	-7.00258e+00	-7.14264e+00	
683	6.762800e-02	-6.77518e+00	-6.91070e+00	
684	6.772800e-02	-6.54117e+00	-6.67200e+00	
685	6.782800e-02	-6.30062e+00	-6.42664e+00	
686	6.792800e-02	-6.05392e+00	-6.17500e+00	
687	6.802800e-02	-5.80116e+00	-5.91720e+00	
688	6.812800e-02	-5.54274e+00	-5.65360e+00	
689	6.822800e-02	-5.27878e+00	-5.38437e+00	
690	6.832800e-02	-5.00967e+00	-5.10987e+00	
691	6.842800e-02	-4.73554e+00	-4.83026e+00	
692	6.852800e-02	-4.45679e+00	-4.54593e+00	

Index   time            x1.net-_q18-pad x1.net-_q19-pad 
--------------------------------------------------------------------------------
693	6.862800e-02	-4.17359e+00	-4.25706e+00	
694	6.872800e-02	-3.88630e+00	-3.96403e+00	
695	6.882800e-02	-3.59513e+00	-3.66704e+00	
696	6.892800e-02	-3.30044e+00	-3.36646e+00	
697	6.902800e-02	-3.00245e+00	-3.06251e+00	
698	6.912800e-02	-2.70153e+00	-2.75557e+00	
699	6.922800e-02	-2.39790e+00	-2.44587e+00	
700	6.932800e-02	-2.09194e+00	-2.13378e+00	
701	6.942800e-02	-1.78387e+00	-1.81955e+00	
702	6.952800e-02	-1.47406e+00	-1.50355e+00	
703	6.962800e-02	-1.16277e+00	-1.18604e+00	
704	6.972800e-02	-8.50362e-01	-8.67395e-01	
705	6.982800e-02	-5.37110e-01	-5.47900e-01	
706	6.992800e-02	-2.23431e-01	-2.28038e-01	
707	7.002800e-02	9.060601e-02	8.936573e-02	
708	7.012800e-02	4.095127e-01	4.053868e-01	
709	7.022800e-02	7.249087e-01	7.176971e-01	
710	7.032800e-02	1.042310e+00	1.031971e+00	
711	7.042800e-02	1.356043e+00	1.342604e+00	
712	7.052800e-02	1.670961e+00	1.654410e+00	
713	7.062800e-02	1.981819e+00	1.962191e+00	
714	7.072800e-02	2.293034e+00	2.270328e+00	
715	7.082800e-02	2.599786e+00	2.574043e+00	
716	7.092800e-02	2.906088e+00	2.877313e+00	
717	7.102800e-02	3.207511e+00	3.175752e+00	
718	7.112800e-02	3.507703e+00	3.472973e+00	
719	7.122800e-02	3.802597e+00	3.764947e+00	
720	7.132800e-02	4.095507e+00	4.054958e+00	
721	7.142800e-02	4.382696e+00	4.339304e+00	
722	7.152800e-02	4.667179e+00	4.620970e+00	
723	7.162800e-02	4.945521e+00	4.896556e+00	
724	7.172800e-02	5.220463e+00	5.168777e+00	
725	7.182800e-02	5.488851e+00	5.434507e+00	
726	7.192800e-02	5.753175e+00	5.696214e+00	
727	7.202800e-02	6.010540e+00	5.951031e+00	
728	7.212800e-02	6.263212e+00	6.201202e+00	
729	7.222800e-02	6.508532e+00	6.444092e+00	
730	7.232800e-02	6.748561e+00	6.681745e+00	
731	7.242800e-02	6.980860e+00	6.911744e+00	
732	7.252800e-02	7.207306e+00	7.135948e+00	
733	7.262800e-02	7.425661e+00	7.352141e+00	
734	7.272800e-02	7.637636e+00	7.562018e+00	
735	7.282800e-02	7.841180e+00	7.763546e+00	
736	7.292800e-02	8.037852e+00	7.958272e+00	
737	7.302800e-02	8.225776e+00	8.144334e+00	
738	7.312800e-02	8.406375e+00	8.323146e+00	
739	7.322800e-02	8.577932e+00	8.493004e+00	
740	7.332800e-02	8.741750e+00	8.655200e+00	
741	7.342800e-02	8.896259e+00	8.808179e+00	
742	7.352800e-02	9.042653e+00	8.953124e+00	
743	7.362800e-02	9.179500e+00	9.088616e+00	
744	7.372800e-02	9.307896e+00	9.215741e+00	
745	7.382800e-02	9.426537e+00	9.333207e+00	
746	7.392800e-02	9.536432e+00	9.442014e+00	
747	7.402800e-02	9.636395e+00	9.540988e+00	
748	7.412800e-02	9.727358e+00	9.631050e+00	
749	7.422800e-02	9.808247e+00	9.711138e+00	
750	7.432800e-02	9.879923e+00	9.782104e+00	

Index   time            x1.net-_q18-pad x1.net-_q19-pad 
--------------------------------------------------------------------------------
751	7.442800e-02	9.941414e+00	9.842987e+00	
752	7.452800e-02	9.993522e+00	9.894579e+00	
753	7.462800e-02	1.003537e+01	9.936014e+00	
754	7.472800e-02	1.006771e+01	9.968030e+00	
755	7.482800e-02	1.008975e+01	9.989851e+00	
756	7.492800e-02	1.010219e+01	1.000217e+01	
757	7.502800e-02	1.010433e+01	1.000429e+01	
758	7.512800e-02	1.009682e+01	9.996858e+00	
759	7.522800e-02	1.007905e+01	9.979265e+00	
760	7.532800e-02	1.005164e+01	9.952120e+00	
761	7.542800e-02	1.001403e+01	9.914883e+00	
762	7.552800e-02	9.966809e+00	9.868132e+00	
763	7.562800e-02	9.909505e+00	9.811395e+00	
764	7.572800e-02	9.842673e+00	9.745225e+00	
765	7.582800e-02	9.765899e+00	9.669211e+00	
766	7.592800e-02	9.679717e+00	9.583883e+00	
767	7.602800e-02	9.583775e+00	9.488891e+00	
768	7.612800e-02	9.478587e+00	9.384744e+00	
769	7.622800e-02	9.363854e+00	9.271147e+00	
770	7.632800e-02	9.240074e+00	9.148593e+00	
771	7.642800e-02	9.107003e+00	9.016839e+00	
772	7.652800e-02	8.965122e+00	8.876363e+00	
773	7.662800e-02	8.814235e+00	8.726971e+00	
774	7.672800e-02	8.654814e+00	8.569127e+00	
775	7.682800e-02	8.486708e+00	8.402686e+00	
776	7.692800e-02	8.310376e+00	8.228100e+00	
777	7.702800e-02	8.125712e+00	8.045265e+00	
778	7.712800e-02	7.933167e+00	7.854626e+00	
779	7.722800e-02	7.732674e+00	7.656118e+00	
780	7.732800e-02	7.524675e+00	7.450179e+00	
781	7.742800e-02	7.309144e+00	7.236782e+00	
782	7.752800e-02	7.086514e+00	7.016356e+00	
783	7.762800e-02	6.856794e+00	6.788911e+00	
784	7.772800e-02	6.620413e+00	6.554870e+00	
785	7.782800e-02	6.377410e+00	6.314273e+00	
786	7.792800e-02	6.128211e+00	6.067541e+00	
787	7.802800e-02	5.872884e+00	5.814743e+00	
788	7.812800e-02	5.611851e+00	5.556294e+00	
789	7.822800e-02	5.345207e+00	5.292290e+00	
790	7.832800e-02	5.073371e+00	5.023145e+00	
791	7.842800e-02	4.796462e+00	4.748979e+00	
792	7.852800e-02	4.514896e+00	4.470200e+00	
793	7.862800e-02	4.228816e+00	4.186952e+00	
794	7.872800e-02	3.938632e+00	3.899641e+00	
795	7.882800e-02	3.644508e+00	3.608430e+00	
796	7.892800e-02	3.346853e+00	3.313721e+00	
797	7.902800e-02	3.045847e+00	3.015695e+00	
798	7.912800e-02	2.741895e+00	2.714752e+00	
799	7.922800e-02	2.435196e+00	2.411088e+00	
800	7.932800e-02	2.126149e+00	2.105099e+00	
801	7.942800e-02	1.814968e+00	1.796997e+00	
802	7.952800e-02	1.502049e+00	1.487173e+00	
803	7.962800e-02	1.187620e+00	1.175852e+00	
804	7.972800e-02	8.720788e-01	8.634245e-01	
805	7.982800e-02	5.556822e-01	5.501376e-01	
806	7.992800e-02	2.389046e-01	2.364115e-01	
807	8.002800e-02	-7.64230e-02	-7.83532e-02	
808	8.012800e-02	-3.92183e-01	-4.00110e-01	

Index   time            x1.net-_q18-pad x1.net-_q19-pad 
--------------------------------------------------------------------------------
809	8.022800e-02	-7.04657e-01	-7.18797e-01	
810	8.032800e-02	-1.01871e+00	-1.03912e+00	
811	8.042800e-02	-1.32953e+00	-1.35614e+00	
812	8.052800e-02	-1.64110e+00	-1.67395e+00	
813	8.062800e-02	-1.94905e+00	-1.98805e+00	
814	8.072800e-02	-2.25698e+00	-2.30213e+00	
815	8.082800e-02	-2.56084e+00	-2.61208e+00	
816	8.092800e-02	-2.86391e+00	-2.92121e+00	
817	8.102800e-02	-3.16249e+00	-3.22575e+00	
818	8.112800e-02	-3.45952e+00	-3.52873e+00	
819	8.122800e-02	-3.75161e+00	-3.82666e+00	
820	8.132800e-02	-4.04145e+00	-4.12229e+00	
821	8.142800e-02	-4.32590e+00	-4.41243e+00	
822	8.152800e-02	-4.60740e+00	-4.69956e+00	
823	8.162800e-02	-4.88308e+00	-4.98076e+00	
824	8.172800e-02	-5.15514e+00	-5.25826e+00	
825	8.182800e-02	-5.42095e+00	-5.52939e+00	
826	8.192800e-02	-5.68251e+00	-5.79618e+00	
827	8.202800e-02	-5.93740e+00	-6.05617e+00	
828	8.212800e-02	-6.18743e+00	-6.31120e+00	
829	8.222800e-02	-6.43039e+00	-6.55901e+00	
830	8.232800e-02	-6.66791e+00	-6.80128e+00	
831	8.242800e-02	-6.89796e+00	-7.03594e+00	
832	8.252800e-02	-7.12204e+00	-7.26450e+00	
833	8.262800e-02	-7.33829e+00	-7.48507e+00	
834	8.272800e-02	-7.54805e+00	-7.69902e+00	
835	8.282800e-02	-7.74962e+00	-7.90463e+00	
836	8.292800e-02	-7.94424e+00	-8.10314e+00	
837	8.302800e-02	-8.13034e+00	-8.29296e+00	
838	8.312800e-02	-8.30905e+00	-8.47525e+00	
839	8.322800e-02	-8.47895e+00	-8.64854e+00	
840	8.332800e-02	-8.64105e+00	-8.81388e+00	
841	8.342800e-02	-8.79406e+00	-8.96996e+00	
842	8.352800e-02	-8.93892e+00	-9.11771e+00	
843	8.362800e-02	-9.07444e+00	-9.25595e+00	
844	8.372800e-02	-9.20149e+00	-9.38553e+00	
845	8.382800e-02	-9.31899e+00	-9.50538e+00	
846	8.392800e-02	-9.42772e+00	-9.61629e+00	
847	8.402800e-02	-9.52673e+00	-9.71728e+00	
848	8.412800e-02	-9.61672e+00	-9.80907e+00	
849	8.422800e-02	-9.69684e+00	-9.89080e+00	
850	8.432800e-02	-9.76775e+00	-9.96312e+00	
851	8.442800e-02	-9.82866e+00	-1.00253e+01	
852	8.452800e-02	-9.88021e+00	-1.00778e+01	
853	8.462800e-02	-9.92167e+00	-1.01201e+01	
854	8.472800e-02	-9.95365e+00	-1.01527e+01	
855	8.482800e-02	-9.97550e+00	-1.01750e+01	
856	8.492800e-02	-9.98778e+00	-1.01876e+01	
857	8.502800e-02	-9.98994e+00	-1.01898e+01	
858	8.512800e-02	-9.98248e+00	-1.01821e+01	
859	8.522800e-02	-9.96492e+00	-1.01642e+01	
860	8.532800e-02	-9.93776e+00	-1.01365e+01	
861	8.542800e-02	-9.90056e+00	-1.00986e+01	
862	8.552800e-02	-9.85379e+00	-1.00509e+01	
863	8.562800e-02	-9.79709e+00	-9.99305e+00	
864	8.572800e-02	-9.73091e+00	-9.92555e+00	
865	8.582800e-02	-9.65494e+00	-9.84805e+00	
866	8.592800e-02	-9.56961e+00	-9.76101e+00	

Index   time            x1.net-_q18-pad x1.net-_q19-pad 
--------------------------------------------------------------------------------
867	8.602800e-02	-9.47466e+00	-9.66417e+00	
868	8.612800e-02	-9.37052e+00	-9.55794e+00	
869	8.622800e-02	-9.25696e+00	-9.44212e+00	
870	8.632800e-02	-9.13442e+00	-9.31712e+00	
871	8.642800e-02	-9.00271e+00	-9.18278e+00	
872	8.652800e-02	-8.86224e+00	-9.03950e+00	
873	8.662800e-02	-8.71290e+00	-8.88717e+00	
874	8.672800e-02	-8.55507e+00	-8.72618e+00	
875	8.682800e-02	-8.38868e+00	-8.55646e+00	
876	8.692800e-02	-8.21411e+00	-8.37840e+00	
877	8.702800e-02	-8.03132e+00	-8.19196e+00	
878	8.712800e-02	-7.84070e+00	-7.99753e+00	
879	8.722800e-02	-7.64225e+00	-7.79510e+00	
880	8.732800e-02	-7.43633e+00	-7.58507e+00	
881	8.742800e-02	-7.22298e+00	-7.36745e+00	
882	8.752800e-02	-7.00258e+00	-7.14264e+00	
883	8.762800e-02	-6.77519e+00	-6.91070e+00	
884	8.772800e-02	-6.54117e+00	-6.67200e+00	
885	8.782800e-02	-6.30062e+00	-6.42664e+00	
886	8.792800e-02	-6.05392e+00	-6.17500e+00	
887	8.802800e-02	-5.80116e+00	-5.91720e+00	
888	8.812800e-02	-5.54274e+00	-5.65360e+00	
889	8.822800e-02	-5.27878e+00	-5.38437e+00	
890	8.832800e-02	-5.00967e+00	-5.10987e+00	
891	8.842800e-02	-4.73554e+00	-4.83026e+00	
892	8.852800e-02	-4.45679e+00	-4.54593e+00	
893	8.862800e-02	-4.17359e+00	-4.25706e+00	
894	8.872800e-02	-3.88630e+00	-3.96403e+00	
895	8.882800e-02	-3.59513e+00	-3.66704e+00	
896	8.892800e-02	-3.30044e+00	-3.36646e+00	
897	8.902800e-02	-3.00245e+00	-3.06251e+00	
898	8.912800e-02	-2.70153e+00	-2.75557e+00	
899	8.922800e-02	-2.39790e+00	-2.44587e+00	
900	8.932800e-02	-2.09193e+00	-2.13378e+00	
901	8.942800e-02	-1.78387e+00	-1.81955e+00	
902	8.952800e-02	-1.47406e+00	-1.50355e+00	
903	8.962800e-02	-1.16277e+00	-1.18604e+00	
904	8.972800e-02	-8.50362e-01	-8.67394e-01	
905	8.982800e-02	-5.37110e-01	-5.47900e-01	
906	8.992800e-02	-2.23431e-01	-2.28038e-01	
907	9.002800e-02	9.060563e-02	8.936538e-02	
908	9.012800e-02	4.095130e-01	4.053871e-01	
909	9.022800e-02	7.249083e-01	7.176968e-01	
910	9.032800e-02	1.042310e+00	1.031971e+00	
911	9.042800e-02	1.356043e+00	1.342604e+00	
912	9.052800e-02	1.670962e+00	1.654410e+00	
913	9.062800e-02	1.981818e+00	1.962191e+00	
914	9.072800e-02	2.293035e+00	2.270328e+00	
915	9.082800e-02	2.599786e+00	2.574043e+00	
916	9.092800e-02	2.906088e+00	2.877314e+00	
917	9.102800e-02	3.207510e+00	3.175752e+00	
918	9.112800e-02	3.507703e+00	3.472974e+00	
919	9.122800e-02	3.802596e+00	3.764947e+00	
920	9.132800e-02	4.095507e+00	4.054958e+00	
921	9.142800e-02	4.382696e+00	4.339304e+00	
922	9.152800e-02	4.667179e+00	4.620970e+00	
923	9.162800e-02	4.945521e+00	4.896556e+00	
924	9.172800e-02	5.220463e+00	5.168777e+00	

Index   time            x1.net-_q18-pad x1.net-_q19-pad 
--------------------------------------------------------------------------------
925	9.182800e-02	5.488850e+00	5.434506e+00	
926	9.192800e-02	5.753175e+00	5.696214e+00	
927	9.202800e-02	6.010540e+00	5.951031e+00	
928	9.212800e-02	6.263212e+00	6.201202e+00	
929	9.222800e-02	6.508532e+00	6.444092e+00	
930	9.232800e-02	6.748561e+00	6.681745e+00	
931	9.242800e-02	6.980860e+00	6.911744e+00	
932	9.252800e-02	7.207306e+00	7.135948e+00	
933	9.262800e-02	7.425661e+00	7.352141e+00	
934	9.272800e-02	7.637636e+00	7.562018e+00	
935	9.282800e-02	7.841180e+00	7.763546e+00	
936	9.292800e-02	8.037852e+00	7.958272e+00	
937	9.302800e-02	8.225776e+00	8.144335e+00	
938	9.312800e-02	8.406375e+00	8.323146e+00	
939	9.322800e-02	8.577932e+00	8.493004e+00	
940	9.332800e-02	8.741750e+00	8.655200e+00	
941	9.342800e-02	8.896259e+00	8.808179e+00	
942	9.352800e-02	9.042653e+00	8.953124e+00	
943	9.362800e-02	9.179500e+00	9.088616e+00	
944	9.372800e-02	9.307896e+00	9.215740e+00	
945	9.382800e-02	9.426537e+00	9.333207e+00	
946	9.392800e-02	9.536431e+00	9.442014e+00	
947	9.402800e-02	9.636395e+00	9.540988e+00	
948	9.412800e-02	9.727358e+00	9.631050e+00	
949	9.422800e-02	9.808247e+00	9.711139e+00	
950	9.432800e-02	9.879922e+00	9.782104e+00	
951	9.442800e-02	9.941414e+00	9.842987e+00	
952	9.452800e-02	9.993521e+00	9.894579e+00	
953	9.462800e-02	1.003537e+01	9.936014e+00	
954	9.472800e-02	1.006771e+01	9.968030e+00	
955	9.482800e-02	1.008975e+01	9.989851e+00	
956	9.492800e-02	1.010219e+01	1.000217e+01	
957	9.502800e-02	1.010433e+01	1.000429e+01	
958	9.512800e-02	1.009682e+01	9.996857e+00	
959	9.522800e-02	1.007905e+01	9.979265e+00	
960	9.532800e-02	1.005164e+01	9.952120e+00	
961	9.542800e-02	1.001403e+01	9.914883e+00	
962	9.552800e-02	9.966809e+00	9.868132e+00	
963	9.562800e-02	9.909505e+00	9.811395e+00	
964	9.572800e-02	9.842673e+00	9.745224e+00	
965	9.582800e-02	9.765899e+00	9.669211e+00	
966	9.592800e-02	9.679717e+00	9.583883e+00	
967	9.602800e-02	9.583775e+00	9.488891e+00	
968	9.612800e-02	9.478587e+00	9.384743e+00	
969	9.622800e-02	9.363854e+00	9.271147e+00	
970	9.632800e-02	9.240074e+00	9.148593e+00	
971	9.642800e-02	9.107003e+00	9.016840e+00	
972	9.652800e-02	8.965121e+00	8.876363e+00	
973	9.662800e-02	8.814236e+00	8.726971e+00	
974	9.672800e-02	8.654814e+00	8.569127e+00	
975	9.682800e-02	8.486708e+00	8.402686e+00	
976	9.692800e-02	8.310375e+00	8.228100e+00	
977	9.702800e-02	8.125712e+00	8.045265e+00	
978	9.712800e-02	7.933166e+00	7.854625e+00	
979	9.722800e-02	7.732674e+00	7.656118e+00	
980	9.732800e-02	7.524675e+00	7.450179e+00	
981	9.742800e-02	7.309144e+00	7.236782e+00	
982	9.752800e-02	7.086514e+00	7.016356e+00	

Index   time            x1.net-_q18-pad x1.net-_q19-pad 
--------------------------------------------------------------------------------
983	9.762800e-02	6.856794e+00	6.788911e+00	
984	9.772800e-02	6.620413e+00	6.554870e+00	
985	9.782800e-02	6.377410e+00	6.314274e+00	
986	9.792800e-02	6.128211e+00	6.067541e+00	
987	9.802800e-02	5.872884e+00	5.814743e+00	
988	9.812800e-02	5.611851e+00	5.556294e+00	
989	9.822800e-02	5.345207e+00	5.292291e+00	
990	9.832800e-02	5.073371e+00	5.023145e+00	
991	9.842800e-02	4.796462e+00	4.748979e+00	
992	9.852800e-02	4.514896e+00	4.470200e+00	
993	9.862800e-02	4.228816e+00	4.186953e+00	
994	9.872800e-02	3.938632e+00	3.899641e+00	
995	9.882800e-02	3.644509e+00	3.608430e+00	
996	9.892800e-02	3.346853e+00	3.313720e+00	
997	9.902800e-02	3.045847e+00	3.015695e+00	
998	9.912800e-02	2.741895e+00	2.714751e+00	
999	9.922800e-02	2.435196e+00	2.411088e+00	
1000	9.932800e-02	2.126149e+00	2.105099e+00	
1001	9.942800e-02	1.814968e+00	1.796997e+00	
1002	9.952800e-02	1.502049e+00	1.487173e+00	
1003	9.962800e-02	1.187621e+00	1.175853e+00	
1004	9.972800e-02	8.720787e-01	8.634243e-01	
1005	9.982800e-02	5.556823e-01	5.501379e-01	
1006	9.992800e-02	2.389044e-01	2.364112e-01	
1007	1.000000e-01	1.153968e-02	1.054581e-02	
